"name","spectrum_id","feature_idx","precursor_mz","precursor_rt","n_peaks","ID","feature_name","feature_mz","feature_rt","in_top_500","rank","label","full_label","display_label","cluster","size"
"8","feat_2_spec_1",2,101.0244,8.946,8,1021,"Succinic semialdehyde",101.0244,8.946,FALSE,NA,"F2_S1","Succinic semialdehyde
101.02 m/z @ 8.95 min",NA,1,3.49019607843137
"10","feat_2_spec_3",2,101.0244,8.946,5,1021,"Succinic semialdehyde",101.0244,8.946,FALSE,NA,"F2_S3","Succinic semialdehyde
101.02 m/z @ 8.95 min",NA,1,3.19607843137255
"15","feat_2_spec_8",2,101.0244,8.946,9,1021,"Succinic semialdehyde",101.0244,8.946,FALSE,NA,"F2_S8","Succinic semialdehyde
101.02 m/z @ 8.95 min",NA,2,3.58823529411765
"17","feat_2_spec_10",2,101.0244,8.946,8,1021,"Succinic semialdehyde",101.0244,8.946,FALSE,NA,"F2_S10","Succinic semialdehyde
101.02 m/z @ 8.95 min",NA,2,3.49019607843137
"29","feat_12_spec_1",12,110.89906,4.959,11,9550,"Selenium dioxide",110.89906,4.959,FALSE,NA,"F12_S1","Selenium dioxide
110.9 m/z @ 4.96 min",NA,2,3.7843137254902
"32","feat_14_spec_2",14,111.02002,1.867,12,932,"Uracil",111.02002,1.867,FALSE,NA,"F14_S2","Uracil
111.02 m/z @ 1.87 min",NA,2,3.88235294117647
"34","feat_14_spec_4",14,111.02002,1.867,13,932,"Uracil",111.02002,1.867,FALSE,NA,"F14_S4","Uracil
111.02 m/z @ 1.87 min",NA,2,3.98039215686275
"36","feat_14_spec_6",14,111.02002,1.867,15,932,"Uracil",111.02002,1.867,FALSE,NA,"F14_S6","Uracil
111.02 m/z @ 1.87 min",NA,2,4.17647058823529
"40","feat_15_spec_1",15,111.02002,2.108,5,2694,"mH",111.02002,2.108,FALSE,NA,"F15_S1","mH
111.02 m/z @ 2.11 min",NA,2,3.19607843137255
"41","feat_15_spec_2",15,111.02002,2.108,3,2694,"mH",111.02002,2.108,FALSE,NA,"F15_S2","mH
111.02 m/z @ 2.11 min",NA,2,3
"42","feat_15_spec_3",15,111.02002,2.108,8,2694,"mH",111.02002,2.108,FALSE,NA,"F15_S3","mH
111.02 m/z @ 2.11 min",NA,2,3.49019607843137
"44","feat_15_spec_5",15,111.02002,2.108,11,2694,"mH",111.02002,2.108,FALSE,NA,"F15_S5","mH
111.02 m/z @ 2.11 min",NA,2,3.7843137254902
"46","feat_15_spec_7",15,111.02002,2.108,9,2694,"mH",111.02002,2.108,FALSE,NA,"F15_S7","mH
111.02 m/z @ 2.11 min",NA,2,3.58823529411765
"48","feat_16_spec_1",16,111.02006,5.129,13,784,"Uracil",111.02006,5.129,FALSE,NA,"F16_S1","Uracil
111.02 m/z @ 5.13 min",NA,2,3.98039215686275
"50","feat_16_spec_3",16,111.02006,5.129,14,784,"Uracil",111.02006,5.129,FALSE,NA,"F16_S3","Uracil
111.02 m/z @ 5.13 min",NA,2,4.07843137254902
"52","feat_17_spec_1",17,111.02007,1.4,14,462,"Uracil",111.02007,1.4,FALSE,NA,"F17_S1","Uracil
111.02 m/z @ 1.4 min",NA,3,4.07843137254902
"53","feat_17_spec_2",17,111.02007,1.4,13,462,"Uracil",111.02007,1.4,FALSE,NA,"F17_S2","Uracil
111.02 m/z @ 1.4 min",NA,4,3.98039215686275
"54","feat_17_spec_3",17,111.02007,1.4,12,462,"Uracil",111.02007,1.4,FALSE,NA,"F17_S3","Uracil
111.02 m/z @ 1.4 min",NA,2,3.88235294117647
"55","feat_17_spec_4",17,111.02007,1.4,5,462,"Uracil",111.02007,1.4,FALSE,NA,"F17_S4","Uracil
111.02 m/z @ 1.4 min",NA,2,3.19607843137255
"56","feat_17_spec_5",17,111.02007,1.4,18,462,"Uracil",111.02007,1.4,FALSE,NA,"F17_S5","Uracil
111.02 m/z @ 1.4 min",NA,2,4.47058823529412
"58","feat_17_spec_7",17,111.02007,1.4,11,462,"Uracil",111.02007,1.4,FALSE,NA,"F17_S7","Uracil
111.02 m/z @ 1.4 min",NA,2,3.7843137254902
"60","feat_17_spec_9",17,111.02007,1.4,6,462,"Uracil",111.02007,1.4,FALSE,NA,"F17_S9","Uracil
111.02 m/z @ 1.4 min",NA,2,3.29411764705882
"62","feat_18_spec_1",18,111.02007,1.317,11,835,"Uracil",111.02007,1.317,FALSE,NA,"F18_S1","Uracil
111.02 m/z @ 1.32 min",NA,2,3.7843137254902
"64","feat_18_spec_3",18,111.02007,1.317,13,835,"Uracil",111.02007,1.317,FALSE,NA,"F18_S3","Uracil
111.02 m/z @ 1.32 min",NA,2,3.98039215686275
"65","feat_18_spec_4",18,111.02007,1.317,7,835,"Uracil",111.02007,1.317,FALSE,NA,"F18_S4","Uracil
111.02 m/z @ 1.32 min",NA,2,3.3921568627451
"66","feat_18_spec_5",18,111.02007,1.317,14,835,"Uracil",111.02007,1.317,FALSE,NA,"F18_S5","Uracil
111.02 m/z @ 1.32 min",NA,3,4.07843137254902
"67","feat_18_spec_6",18,111.02007,1.317,13,835,"Uracil",111.02007,1.317,FALSE,NA,"F18_S6","Uracil
111.02 m/z @ 1.32 min",NA,4,3.98039215686275
"68","feat_22_spec_1",22,112.93727,8.586,10,1251,"Thiosulfic acid",112.93727,8.586,FALSE,NA,"F22_S1","Thiosulfic acid
112.94 m/z @ 8.59 min",NA,5,3.68627450980392
"70","feat_22_spec_3",22,112.93727,8.586,15,1251,"Thiosulfic acid",112.93727,8.586,FALSE,NA,"F22_S3","Thiosulfic acid
112.94 m/z @ 8.59 min",NA,5,4.17647058823529
"74","feat_25_spec_1",25,113.06092,3.778,18,309,"ε-Caprolactone",113.06092,3.778,FALSE,NA,"F25_S1","ε-Caprolactone
113.06 m/z @ 3.78 min",NA,6,4.47058823529412
"75","feat_25_spec_2",25,113.06092,3.778,23,309,"ε-Caprolactone",113.06092,3.778,FALSE,NA,"F25_S2","ε-Caprolactone
113.06 m/z @ 3.78 min",NA,6,4.96078431372549
"76","feat_25_spec_3",25,113.06092,3.778,17,309,"ε-Caprolactone",113.06092,3.778,FALSE,NA,"F25_S3","ε-Caprolactone
113.06 m/z @ 3.78 min",NA,6,4.37254901960784
"77","feat_25_spec_4",25,113.06092,3.778,24,309,"ε-Caprolactone",113.06092,3.778,FALSE,NA,"F25_S4","ε-Caprolactone
113.06 m/z @ 3.78 min",NA,6,5.05882352941176
"78","feat_25_spec_5",25,113.06092,3.778,19,309,"ε-Caprolactone",113.06092,3.778,FALSE,NA,"F25_S5","ε-Caprolactone
113.06 m/z @ 3.78 min",NA,6,4.56862745098039
"79","feat_25_spec_6",25,113.06092,3.778,14,309,"ε-Caprolactone",113.06092,3.778,FALSE,NA,"F25_S6","ε-Caprolactone
113.06 m/z @ 3.78 min",NA,6,4.07843137254902
"81","feat_27_spec_2",27,114.01966,8.593,9,4208,"Maleamic acid",114.01966,8.593,FALSE,NA,"F27_S2","Maleamic acid
114.02 m/z @ 8.59 min",NA,7,3.58823529411765
"83","feat_27_spec_4",27,114.01966,8.593,10,4208,"Maleamic acid",114.01966,8.593,FALSE,NA,"F27_S4","Maleamic acid
114.02 m/z @ 8.59 min",NA,7,3.68627450980392
"84","feat_28_spec_1",28,174.04094,5.898,10,6302,"Maleamic acid",174.04094,5.898,FALSE,NA,"F28_S1","Maleamic acid
174.04 m/z @ 5.9 min",NA,8,3.68627450980392
"85","feat_28_spec_2",28,174.04094,5.898,13,6302,"Maleamic acid",174.04094,5.898,FALSE,NA,"F28_S2","Maleamic acid
174.04 m/z @ 5.9 min",NA,9,3.98039215686275
"86","feat_28_spec_3",28,174.04094,5.898,10,6302,"Maleamic acid",174.04094,5.898,FALSE,NA,"F28_S3","Maleamic acid
174.04 m/z @ 5.9 min",NA,10,3.68627450980392
"87","feat_28_spec_4",28,174.04094,5.898,10,6302,"Maleamic acid",174.04094,5.898,FALSE,NA,"F28_S4","Maleamic acid
174.04 m/z @ 5.9 min",NA,11,3.68627450980392
"98","feat_33_spec_1",33,175.02486,8.458,15,4905,"5-Hydroxydihydro-2,3-furandione",175.02486,8.458,FALSE,NA,"F33_S1","5-Hydroxydihydro-2,3-furandione
175.02 m/z @ 8.46 min",NA,2,4.17647058823529
"99","feat_33_spec_2",33,175.02486,8.458,13,4905,"5-Hydroxydihydro-2,3-furandione",175.02486,8.458,FALSE,NA,"F33_S2","5-Hydroxydihydro-2,3-furandione
175.02 m/z @ 8.46 min",NA,2,3.98039215686275
"100","feat_33_spec_3",33,175.02486,8.458,28,4905,"5-Hydroxydihydro-2,3-furandione",175.02486,8.458,FALSE,NA,"F33_S3","5-Hydroxydihydro-2,3-furandione
175.02 m/z @ 8.46 min",NA,2,5.45098039215686
"101","feat_33_spec_4",33,175.02486,8.458,9,4905,"5-Hydroxydihydro-2,3-furandione",175.02486,8.458,FALSE,NA,"F33_S4","5-Hydroxydihydro-2,3-furandione
175.02 m/z @ 8.46 min",NA,2,3.58823529411765
"102","feat_34_spec_1",34,161.00929,5.089,13,3310,"Fumaric acid",161.00929,5.089,FALSE,NA,"F34_S1","Fumaric acid
161.01 m/z @ 5.09 min",NA,12,3.98039215686275
"104","feat_36_spec_1",36,115.04014,5.142,17,29,"3-oxovaleric acid",115.04014,5.142,FALSE,NA,"F36_S1","3-oxovaleric acid
115.04 m/z @ 5.14 min",NA,13,4.37254901960784
"105","feat_36_spec_2",36,115.04014,5.142,9,29,"3-oxovaleric acid",115.04014,5.142,FALSE,NA,"F36_S2","3-oxovaleric acid
115.04 m/z @ 5.14 min",NA,14,3.58823529411765
"106","feat_36_spec_3",36,115.04014,5.142,14,29,"3-oxovaleric acid",115.04014,5.142,FALSE,NA,"F36_S3","3-oxovaleric acid
115.04 m/z @ 5.14 min",NA,13,4.07843137254902
"107","feat_36_spec_4",36,115.04014,5.142,11,29,"3-oxovaleric acid",115.04014,5.142,FALSE,NA,"F36_S4","3-oxovaleric acid
115.04 m/z @ 5.14 min",NA,14,3.7843137254902
"108","feat_40_spec_1",40,115.07658,3.909,11,1947,"cyclohexane-1,2-diol",115.07658,3.909,FALSE,NA,"F40_S1","cyclohexane-1,2-diol
115.08 m/z @ 3.91 min",NA,13,3.7843137254902
"110","feat_40_spec_3",40,115.07658,3.909,22,1947,"cyclohexane-1,2-diol",115.07658,3.909,FALSE,NA,"F40_S3","cyclohexane-1,2-diol
115.08 m/z @ 3.91 min",NA,13,4.86274509803922
"112","feat_43_spec_1",43,116.93432,0.802,19,6453,NA,116.93432,0.802,FALSE,NA,"F43_S1","Feature 43
116.93 m/z @ 0.8 min",NA,15,4.56862745098039
"114","feat_48_spec_1",48,117.01936,8.004,19,503,"Succinic acid",117.01936,8.004,FALSE,NA,"F48_S1","Succinic acid
117.02 m/z @ 8 min",NA,15,4.56862745098039
"115","feat_48_spec_2",48,117.01936,8.004,13,503,"Succinic acid",117.01936,8.004,FALSE,NA,"F48_S2","Succinic acid
117.02 m/z @ 8 min",NA,15,3.98039215686275
"116","feat_48_spec_3",48,117.01936,8.004,16,503,"Succinic acid",117.01936,8.004,FALSE,NA,"F48_S3","Succinic acid
117.02 m/z @ 8 min",NA,15,4.27450980392157
"117","feat_48_spec_4",48,117.01936,8.004,11,503,"Succinic acid",117.01936,8.004,FALSE,NA,"F48_S4","Succinic acid
117.02 m/z @ 8 min",NA,15,3.7843137254902
"118","feat_49_spec_1",49,117.01937,7.63,21,580,"Succinic acid",117.01937,7.63,FALSE,NA,"F49_S1","Succinic acid
117.02 m/z @ 7.63 min",NA,15,4.76470588235294
"119","feat_49_spec_2",49,117.01937,7.63,10,580,"Succinic acid",117.01937,7.63,FALSE,NA,"F49_S2","Succinic acid
117.02 m/z @ 7.63 min",NA,15,3.68627450980392
"120","feat_49_spec_3",49,117.01937,7.63,15,580,"Succinic acid",117.01937,7.63,FALSE,NA,"F49_S3","Succinic acid
117.02 m/z @ 7.63 min",NA,15,4.17647058823529
"121","feat_49_spec_4",49,117.01937,7.63,12,580,"Succinic acid",117.01937,7.63,FALSE,NA,"F49_S4","Succinic acid
117.02 m/z @ 7.63 min",NA,15,3.88235294117647
"122","feat_49_spec_5",49,117.01937,7.63,18,580,"Succinic acid",117.01937,7.63,FALSE,NA,"F49_S5","Succinic acid
117.02 m/z @ 7.63 min",NA,15,4.47058823529412
"123","feat_49_spec_6",49,117.01937,7.63,13,580,"Succinic acid",117.01937,7.63,FALSE,NA,"F49_S6","Succinic acid
117.02 m/z @ 7.63 min",NA,15,3.98039215686275
"124","feat_50_spec_1",50,117.01937,6.909,16,271,"Succinic acid",117.01937,6.909,FALSE,NA,"F50_S1","Succinic acid
117.02 m/z @ 6.91 min",NA,15,4.27450980392157
"125","feat_50_spec_2",50,117.01937,6.909,16,271,"Succinic acid",117.01937,6.909,FALSE,NA,"F50_S2","Succinic acid
117.02 m/z @ 6.91 min",NA,15,4.27450980392157
"126","feat_50_spec_3",50,117.01937,6.909,21,271,"Succinic acid",117.01937,6.909,FALSE,NA,"F50_S3","Succinic acid
117.02 m/z @ 6.91 min",NA,15,4.76470588235294
"127","feat_50_spec_4",50,117.01937,6.909,19,271,"Succinic acid",117.01937,6.909,FALSE,NA,"F50_S4","Succinic acid
117.02 m/z @ 6.91 min",NA,15,4.56862745098039
"128","feat_50_spec_5",50,117.01937,6.909,22,271,"Succinic acid",117.01937,6.909,FALSE,NA,"F50_S5","Succinic acid
117.02 m/z @ 6.91 min",NA,15,4.86274509803922
"129","feat_50_spec_6",50,117.01937,6.909,16,271,"Succinic acid",117.01937,6.909,FALSE,NA,"F50_S6","Succinic acid
117.02 m/z @ 6.91 min",NA,15,4.27450980392157
"130","feat_51_spec_1",51,117.01938,7.391,22,506,"Succinic acid",117.01938,7.391,FALSE,NA,"F51_S1","Succinic acid
117.02 m/z @ 7.39 min",NA,15,4.86274509803922
"131","feat_51_spec_2",51,117.01938,7.391,18,506,"Succinic acid",117.01938,7.391,FALSE,NA,"F51_S2","Succinic acid
117.02 m/z @ 7.39 min",NA,15,4.47058823529412
"132","feat_52_spec_1",52,117.01938,7.123,12,294,"Succinic acid",117.01938,7.123,TRUE,359,"F52_S1","Succinic acid
117.02 m/z @ 7.12 min
Rank: 359","Succinic acid",15,6.23529411764706
"133","feat_52_spec_2",52,117.01938,7.123,15,294,"Succinic acid",117.01938,7.123,TRUE,359,"F52_S2","Succinic acid
117.02 m/z @ 7.12 min
Rank: 359","Succinic acid",15,6.64705882352941
"134","feat_52_spec_3",52,117.01938,7.123,12,294,"Succinic acid",117.01938,7.123,TRUE,359,"F52_S3","Succinic acid
117.02 m/z @ 7.12 min
Rank: 359","Succinic acid",15,6.23529411764706
"135","feat_52_spec_4",52,117.01938,7.123,14,294,"Succinic acid",117.01938,7.123,TRUE,359,"F52_S4","Succinic acid
117.02 m/z @ 7.12 min
Rank: 359","Succinic acid",15,6.50980392156863
"136","feat_52_spec_5",52,117.01938,7.123,14,294,"Succinic acid",117.01938,7.123,TRUE,359,"F52_S5","Succinic acid
117.02 m/z @ 7.12 min
Rank: 359","Succinic acid",15,6.50980392156863
"137","feat_52_spec_6",52,117.01938,7.123,16,294,"Succinic acid",117.01938,7.123,TRUE,359,"F52_S6","Succinic acid
117.02 m/z @ 7.12 min
Rank: 359","Succinic acid",15,6.7843137254902
"138","feat_52_spec_7",52,117.01938,7.123,14,294,"Succinic acid",117.01938,7.123,TRUE,359,"F52_S7","Succinic acid
117.02 m/z @ 7.12 min
Rank: 359","Succinic acid",15,6.50980392156863
"139","feat_53_spec_1",53,117.01939,6.605,22,151,"Succinic acid",117.01939,6.605,FALSE,NA,"F53_S1","Succinic acid
117.02 m/z @ 6.61 min",NA,15,4.86274509803922
"140","feat_53_spec_2",53,117.01939,6.605,11,151,"Succinic acid",117.01939,6.605,FALSE,NA,"F53_S2","Succinic acid
117.02 m/z @ 6.61 min",NA,15,3.7843137254902
"141","feat_53_spec_3",53,117.01939,6.605,23,151,"Succinic acid",117.01939,6.605,FALSE,NA,"F53_S3","Succinic acid
117.02 m/z @ 6.61 min",NA,15,4.96078431372549
"142","feat_53_spec_4",53,117.01939,6.605,16,151,"Succinic acid",117.01939,6.605,FALSE,NA,"F53_S4","Succinic acid
117.02 m/z @ 6.61 min",NA,15,4.27450980392157
"143","feat_54_spec_1",54,117.01939,7.82,14,604,"Succinic acid",117.01939,7.82,TRUE,488,"F54_S1","Succinic acid
117.02 m/z @ 7.82 min
Rank: 488","Succinic acid",15,6.50980392156863
"144","feat_54_spec_2",54,117.01939,7.82,19,604,"Succinic acid",117.01939,7.82,TRUE,488,"F54_S2","Succinic acid
117.02 m/z @ 7.82 min
Rank: 488","Succinic acid",15,7.19607843137255
"145","feat_54_spec_3",54,117.01939,7.82,15,604,"Succinic acid",117.01939,7.82,TRUE,488,"F54_S3","Succinic acid
117.02 m/z @ 7.82 min
Rank: 488","Succinic acid",15,6.64705882352941
"146","feat_54_spec_4",54,117.01939,7.82,13,604,"Succinic acid",117.01939,7.82,TRUE,488,"F54_S4","Succinic acid
117.02 m/z @ 7.82 min
Rank: 488","Succinic acid",15,6.37254901960784
"147","feat_54_spec_5",54,117.01939,7.82,19,604,"Succinic acid",117.01939,7.82,TRUE,488,"F54_S5","Succinic acid
117.02 m/z @ 7.82 min
Rank: 488","Succinic acid",15,7.19607843137255
"148","feat_54_spec_6",54,117.01939,7.82,15,604,"Succinic acid",117.01939,7.82,TRUE,488,"F54_S6","Succinic acid
117.02 m/z @ 7.82 min
Rank: 488","Succinic acid",15,6.64705882352941
"149","feat_62_spec_1",62,121.02954,1.017,13,2115,"4-Hydroxybenzaldehyde",121.02954,1.017,FALSE,NA,"F62_S1","4-Hydroxybenzaldehyde
121.03 m/z @ 1.02 min",NA,16,3.98039215686275
"150","feat_62_spec_2",62,121.02954,1.017,15,2115,"4-Hydroxybenzaldehyde",121.02954,1.017,FALSE,NA,"F62_S2","4-Hydroxybenzaldehyde
121.03 m/z @ 1.02 min",NA,17,4.17647058823529
"151","feat_62_spec_3",62,121.02954,1.017,15,2115,"4-Hydroxybenzaldehyde",121.02954,1.017,FALSE,NA,"F62_S3","4-Hydroxybenzaldehyde
121.03 m/z @ 1.02 min",NA,16,4.17647058823529
"152","feat_62_spec_4",62,121.02954,1.017,10,2115,"4-Hydroxybenzaldehyde",121.02954,1.017,FALSE,NA,"F62_S4","4-Hydroxybenzaldehyde
121.03 m/z @ 1.02 min",NA,18,3.68627450980392
"153","feat_63_spec_1",63,121.02954,0.879,11,848,"4-Hydroxybenzaldehyde",121.02954,0.879,FALSE,NA,"F63_S1","4-Hydroxybenzaldehyde
121.03 m/z @ 0.88 min",NA,16,3.7843137254902
"154","feat_63_spec_2",63,121.02954,0.879,11,848,"4-Hydroxybenzaldehyde",121.02954,0.879,FALSE,NA,"F63_S2","4-Hydroxybenzaldehyde
121.03 m/z @ 0.88 min",NA,19,3.7843137254902
"155","feat_63_spec_3",63,121.02954,0.879,13,848,"4-Hydroxybenzaldehyde",121.02954,0.879,FALSE,NA,"F63_S3","4-Hydroxybenzaldehyde
121.03 m/z @ 0.88 min",NA,16,3.98039215686275
"156","feat_63_spec_4",63,121.02954,0.879,15,848,"4-Hydroxybenzaldehyde",121.02954,0.879,FALSE,NA,"F63_S4","4-Hydroxybenzaldehyde
121.03 m/z @ 0.88 min",NA,20,4.17647058823529
"157","feat_63_spec_5",63,121.02954,0.879,8,848,"4-Hydroxybenzaldehyde",121.02954,0.879,FALSE,NA,"F63_S5","4-Hydroxybenzaldehyde
121.03 m/z @ 0.88 min",NA,21,3.49019607843137
"158","feat_63_spec_6",63,121.02954,0.879,14,848,"4-Hydroxybenzaldehyde",121.02954,0.879,FALSE,NA,"F63_S6","4-Hydroxybenzaldehyde
121.03 m/z @ 0.88 min",NA,22,4.07843137254902
"159","feat_63_spec_7",63,121.02954,0.879,8,848,"4-Hydroxybenzaldehyde",121.02954,0.879,FALSE,NA,"F63_S7","4-Hydroxybenzaldehyde
121.03 m/z @ 0.88 min",NA,23,3.49019607843137
"160","feat_63_spec_8",63,121.02954,0.879,15,848,"4-Hydroxybenzaldehyde",121.02954,0.879,FALSE,NA,"F63_S8","4-Hydroxybenzaldehyde
121.03 m/z @ 0.88 min",NA,24,4.17647058823529
"161","feat_64_spec_1",64,121.02954,0.931,11,153,"4-Hydroxybenzaldehyde",121.02954,0.931,FALSE,NA,"F64_S1","4-Hydroxybenzaldehyde
121.03 m/z @ 0.93 min",NA,16,3.7843137254902
"162","feat_64_spec_2",64,121.02954,0.931,11,153,"4-Hydroxybenzaldehyde",121.02954,0.931,FALSE,NA,"F64_S2","4-Hydroxybenzaldehyde
121.03 m/z @ 0.93 min",NA,19,3.7843137254902
"163","feat_64_spec_3",64,121.02954,0.931,13,153,"4-Hydroxybenzaldehyde",121.02954,0.931,FALSE,NA,"F64_S3","4-Hydroxybenzaldehyde
121.03 m/z @ 0.93 min",NA,16,3.98039215686275
"164","feat_64_spec_4",64,121.02954,0.931,15,153,"4-Hydroxybenzaldehyde",121.02954,0.931,FALSE,NA,"F64_S4","4-Hydroxybenzaldehyde
121.03 m/z @ 0.93 min",NA,20,4.17647058823529
"165","feat_64_spec_5",64,121.02954,0.931,13,153,"4-Hydroxybenzaldehyde",121.02954,0.931,FALSE,NA,"F64_S5","4-Hydroxybenzaldehyde
121.03 m/z @ 0.93 min",NA,16,3.98039215686275
"166","feat_64_spec_6",64,121.02954,0.931,15,153,"4-Hydroxybenzaldehyde",121.02954,0.931,FALSE,NA,"F64_S6","4-Hydroxybenzaldehyde
121.03 m/z @ 0.93 min",NA,17,4.17647058823529
"167","feat_64_spec_7",64,121.02954,0.931,8,153,"4-Hydroxybenzaldehyde",121.02954,0.931,FALSE,NA,"F64_S7","4-Hydroxybenzaldehyde
121.03 m/z @ 0.93 min",NA,21,3.49019607843137
"168","feat_64_spec_8",64,121.02954,0.931,14,153,"4-Hydroxybenzaldehyde",121.02954,0.931,FALSE,NA,"F64_S8","4-Hydroxybenzaldehyde
121.03 m/z @ 0.93 min",NA,22,4.07843137254902
"169","feat_64_spec_9",64,121.02954,0.931,8,153,"4-Hydroxybenzaldehyde",121.02954,0.931,FALSE,NA,"F64_S9","4-Hydroxybenzaldehyde
121.03 m/z @ 0.93 min",NA,23,3.49019607843137
"170","feat_64_spec_10",64,121.02954,0.931,15,153,"4-Hydroxybenzaldehyde",121.02954,0.931,FALSE,NA,"F64_S10","4-Hydroxybenzaldehyde
121.03 m/z @ 0.93 min",NA,24,4.17647058823529
"171","feat_65_spec_1",65,121.02962,0.949,11,252,"4-Hydroxybenzaldehyde",121.02962,0.949,FALSE,NA,"F65_S1","4-Hydroxybenzaldehyde
121.03 m/z @ 0.95 min",NA,16,3.7843137254902
"172","feat_65_spec_2",65,121.02962,0.949,11,252,"4-Hydroxybenzaldehyde",121.02962,0.949,FALSE,NA,"F65_S2","4-Hydroxybenzaldehyde
121.03 m/z @ 0.95 min",NA,19,3.7843137254902
"173","feat_65_spec_3",65,121.02962,0.949,13,252,"4-Hydroxybenzaldehyde",121.02962,0.949,FALSE,NA,"F65_S3","4-Hydroxybenzaldehyde
121.03 m/z @ 0.95 min",NA,16,3.98039215686275
"174","feat_65_spec_4",65,121.02962,0.949,15,252,"4-Hydroxybenzaldehyde",121.02962,0.949,FALSE,NA,"F65_S4","4-Hydroxybenzaldehyde
121.03 m/z @ 0.95 min",NA,20,4.17647058823529
"175","feat_65_spec_5",65,121.02962,0.949,13,252,"4-Hydroxybenzaldehyde",121.02962,0.949,FALSE,NA,"F65_S5","4-Hydroxybenzaldehyde
121.03 m/z @ 0.95 min",NA,16,3.98039215686275
"176","feat_65_spec_6",65,121.02962,0.949,15,252,"4-Hydroxybenzaldehyde",121.02962,0.949,FALSE,NA,"F65_S6","4-Hydroxybenzaldehyde
121.03 m/z @ 0.95 min",NA,17,4.17647058823529
"177","feat_65_spec_7",65,121.02962,0.949,15,252,"4-Hydroxybenzaldehyde",121.02962,0.949,FALSE,NA,"F65_S7","4-Hydroxybenzaldehyde
121.03 m/z @ 0.95 min",NA,16,4.17647058823529
"178","feat_65_spec_8",65,121.02962,0.949,10,252,"4-Hydroxybenzaldehyde",121.02962,0.949,FALSE,NA,"F65_S8","4-Hydroxybenzaldehyde
121.03 m/z @ 0.95 min",NA,18,3.68627450980392
"179","feat_65_spec_9",65,121.02962,0.949,8,252,"4-Hydroxybenzaldehyde",121.02962,0.949,FALSE,NA,"F65_S9","4-Hydroxybenzaldehyde
121.03 m/z @ 0.95 min",NA,21,3.49019607843137
"180","feat_65_spec_10",65,121.02962,0.949,14,252,"4-Hydroxybenzaldehyde",121.02962,0.949,FALSE,NA,"F65_S10","4-Hydroxybenzaldehyde
121.03 m/z @ 0.95 min",NA,22,4.07843137254902
"181","feat_65_spec_11",65,121.02962,0.949,8,252,"4-Hydroxybenzaldehyde",121.02962,0.949,FALSE,NA,"F65_S11","4-Hydroxybenzaldehyde
121.03 m/z @ 0.95 min",NA,23,3.49019607843137
"182","feat_65_spec_12",65,121.02962,0.949,15,252,"4-Hydroxybenzaldehyde",121.02962,0.949,FALSE,NA,"F65_S12","4-Hydroxybenzaldehyde
121.03 m/z @ 0.95 min",NA,24,4.17647058823529
"187","feat_68_spec_1",68,311.02899,3.458,15,629,"Dimethylphosphate",311.02899,3.458,FALSE,NA,"F68_S1","Dimethylphosphate
311.03 m/z @ 3.46 min",NA,25,4.17647058823529
"188","feat_68_spec_2",68,311.02899,3.458,12,629,"Dimethylphosphate",311.02899,3.458,FALSE,NA,"F68_S2","Dimethylphosphate
311.03 m/z @ 3.46 min",NA,26,3.88235294117647
"189","feat_68_spec_3",68,311.02899,3.458,12,629,"Dimethylphosphate",311.02899,3.458,FALSE,NA,"F68_S3","Dimethylphosphate
311.03 m/z @ 3.46 min",NA,25,3.88235294117647
"190","feat_68_spec_4",68,311.02899,3.458,20,629,"Dimethylphosphate",311.02899,3.458,FALSE,NA,"F68_S4","Dimethylphosphate
311.03 m/z @ 3.46 min",NA,27,4.66666666666667
"193","feat_69_spec_3",69,125.02443,5.095,13,4045,"4-Hydroxy-6-methyl-2-pyrone",125.02443,5.095,FALSE,NA,"F69_S3","4-Hydroxy-6-methyl-2-pyrone
125.02 m/z @ 5.1 min",NA,2,3.98039215686275
"198","feat_72_spec_2",72,125.03564,2.061,14,2702,"Thymine",125.03564,2.061,FALSE,NA,"F72_S2","Thymine
125.04 m/z @ 2.06 min",NA,2,4.07843137254902
"200","feat_72_spec_4",72,125.03564,2.061,12,2702,"Thymine",125.03564,2.061,FALSE,NA,"F72_S4","Thymine
125.04 m/z @ 2.06 min",NA,2,3.88235294117647
"202","feat_73_spec_1",73,125.03569,3.871,19,1608,"Thymine",125.03569,3.871,FALSE,NA,"F73_S1","Thymine
125.04 m/z @ 3.87 min",NA,2,4.56862745098039
"204","feat_73_spec_3",73,125.03569,3.871,14,1608,"Thymine",125.03569,3.871,FALSE,NA,"F73_S3","Thymine
125.04 m/z @ 3.87 min",NA,2,4.07843137254902
"206","feat_73_spec_5",73,125.03569,3.871,12,1608,"Thymine",125.03569,3.871,FALSE,NA,"F73_S5","Thymine
125.04 m/z @ 3.87 min",NA,2,3.88235294117647
"208","feat_73_spec_7",73,125.03569,3.871,16,1608,"Thymine",125.03569,3.871,FALSE,NA,"F73_S7","Thymine
125.04 m/z @ 3.87 min",NA,2,4.27450980392157
"210","feat_74_spec_1",74,125.03571,3.69,11,1915,"Thymine",125.03571,3.69,FALSE,NA,"F74_S1","Thymine
125.04 m/z @ 3.69 min",NA,2,3.7843137254902
"211","feat_74_spec_2",74,125.03571,3.69,7,1915,"Thymine",125.03571,3.69,FALSE,NA,"F74_S2","Thymine
125.04 m/z @ 3.69 min",NA,2,3.3921568627451
"212","feat_74_spec_3",74,125.03571,3.69,16,1915,"Thymine",125.03571,3.69,FALSE,NA,"F74_S3","Thymine
125.04 m/z @ 3.69 min",NA,2,4.27450980392157
"214","feat_75_spec_1",75,125.03571,1.077,21,234,"1-Methyl-3,6-(1H,2H)-pyridazinedione",125.03571,1.077,FALSE,NA,"F75_S1","1-Methyl-3,6-(1H,2H)-pyridazinedione
125.04 m/z @ 1.08 min",NA,2,4.76470588235294
"215","feat_75_spec_2",75,125.03571,1.077,15,234,"1-Methyl-3,6-(1H,2H)-pyridazinedione",125.03571,1.077,FALSE,NA,"F75_S2","1-Methyl-3,6-(1H,2H)-pyridazinedione
125.04 m/z @ 1.08 min",NA,2,4.17647058823529
"216","feat_75_spec_3",75,125.03571,1.077,24,234,"1-Methyl-3,6-(1H,2H)-pyridazinedione",125.03571,1.077,FALSE,NA,"F75_S3","1-Methyl-3,6-(1H,2H)-pyridazinedione
125.04 m/z @ 1.08 min",NA,2,5.05882352941176
"217","feat_75_spec_4",75,125.03571,1.077,13,234,"1-Methyl-3,6-(1H,2H)-pyridazinedione",125.03571,1.077,FALSE,NA,"F75_S4","1-Methyl-3,6-(1H,2H)-pyridazinedione
125.04 m/z @ 1.08 min",NA,2,3.98039215686275
"218","feat_75_spec_5",75,125.03571,1.077,13,234,"1-Methyl-3,6-(1H,2H)-pyridazinedione",125.03571,1.077,FALSE,NA,"F75_S5","1-Methyl-3,6-(1H,2H)-pyridazinedione
125.04 m/z @ 1.08 min",NA,2,3.98039215686275
"220","feat_75_spec_7",75,125.03571,1.077,15,234,"1-Methyl-3,6-(1H,2H)-pyridazinedione",125.03571,1.077,FALSE,NA,"F75_S7","1-Methyl-3,6-(1H,2H)-pyridazinedione
125.04 m/z @ 1.08 min",NA,2,4.17647058823529
"222","feat_75_spec_9",75,125.03571,1.077,15,234,"1-Methyl-3,6-(1H,2H)-pyridazinedione",125.03571,1.077,FALSE,NA,"F75_S9","1-Methyl-3,6-(1H,2H)-pyridazinedione
125.04 m/z @ 1.08 min",NA,2,4.17647058823529
"224","feat_75_spec_11",75,125.03571,1.077,22,234,"1-Methyl-3,6-(1H,2H)-pyridazinedione",125.03571,1.077,FALSE,NA,"F75_S11","1-Methyl-3,6-(1H,2H)-pyridazinedione
125.04 m/z @ 1.08 min",NA,2,4.86274509803922
"230","feat_80_spec_1",80,186.07726,6.378,26,1747,"NP-019722",186.07726,6.378,FALSE,NA,"F80_S1","NP-019722
186.08 m/z @ 6.38 min",NA,28,5.25490196078431
"231","feat_80_spec_2",80,186.07726,6.378,22,1747,"NP-019722",186.07726,6.378,FALSE,NA,"F80_S2","NP-019722
186.08 m/z @ 6.38 min",NA,29,4.86274509803922
"232","feat_80_spec_3",80,186.07726,6.378,18,1747,"NP-019722",186.07726,6.378,FALSE,NA,"F80_S3","NP-019722
186.08 m/z @ 6.38 min",NA,28,4.47058823529412
"233","feat_80_spec_4",80,186.07726,6.378,14,1747,"NP-019722",186.07726,6.378,FALSE,NA,"F80_S4","NP-019722
186.08 m/z @ 6.38 min",NA,29,4.07843137254902
"266","feat_93_spec_1",93,129.09215,3.847,12,1267,"Heptanoic acid",129.09215,3.847,FALSE,NA,"F93_S1","Heptanoic acid
129.09 m/z @ 3.85 min",NA,30,3.88235294117647
"267","feat_93_spec_2",93,129.09215,3.847,14,1267,"Heptanoic acid",129.09215,3.847,FALSE,NA,"F93_S2","Heptanoic acid
129.09 m/z @ 3.85 min",NA,30,4.07843137254902
"276","feat_97_spec_1",97,190.96549,3.846,27,149,NA,190.96549,3.846,FALSE,NA,"F97_S1","Feature 97
190.97 m/z @ 3.85 min",NA,31,5.35294117647059
"277","feat_97_spec_2",97,190.96549,3.846,15,149,NA,190.96549,3.846,FALSE,NA,"F97_S2","Feature 97
190.97 m/z @ 3.85 min",NA,31,4.17647058823529
"278","feat_97_spec_3",97,190.96549,3.846,13,149,NA,190.96549,3.846,FALSE,NA,"F97_S3","Feature 97
190.97 m/z @ 3.85 min",NA,32,3.98039215686275
"279","feat_97_spec_4",97,190.96549,3.846,17,149,NA,190.96549,3.846,FALSE,NA,"F97_S4","Feature 97
190.97 m/z @ 3.85 min",NA,33,4.37254901960784
"280","feat_97_spec_5",97,190.96549,3.846,19,149,NA,190.96549,3.846,FALSE,NA,"F97_S5","Feature 97
190.97 m/z @ 3.85 min",NA,32,4.56862745098039
"281","feat_97_spec_6",97,190.96549,3.846,20,149,NA,190.96549,3.846,FALSE,NA,"F97_S6","Feature 97
190.97 m/z @ 3.85 min",NA,33,4.66666666666667
"292","feat_107_spec_1",107,193.0719,3.822,18,4367,"2-Deoxypentose",193.0719,3.822,FALSE,NA,"F107_S1","2-Deoxypentose
193.07 m/z @ 3.82 min",NA,2,4.47058823529412
"293","feat_107_spec_2",107,193.0719,3.822,22,4367,"2-Deoxypentose",193.0719,3.822,FALSE,NA,"F107_S2","2-Deoxypentose
193.07 m/z @ 3.82 min",NA,2,4.86274509803922
"294","feat_107_spec_3",107,193.0719,3.822,14,4367,"2-Deoxypentose",193.0719,3.822,FALSE,NA,"F107_S3","2-Deoxypentose
193.07 m/z @ 3.82 min",NA,2,4.07843137254902
"295","feat_107_spec_4",107,193.0719,3.822,15,4367,"2-Deoxypentose",193.0719,3.822,FALSE,NA,"F107_S4","2-Deoxypentose
193.07 m/z @ 3.82 min",NA,2,4.17647058823529
"296","feat_107_spec_5",107,193.0719,3.822,20,4367,"2-Deoxypentose",193.0719,3.822,FALSE,NA,"F107_S5","2-Deoxypentose
193.07 m/z @ 3.82 min",NA,2,4.66666666666667
"297","feat_107_spec_6",107,193.0719,3.822,15,4367,"2-Deoxypentose",193.0719,3.822,FALSE,NA,"F107_S6","2-Deoxypentose
193.07 m/z @ 3.82 min",NA,2,4.17647058823529
"306","feat_122_spec_1",122,135.0313,5.656,15,1258,"Hypoxanthin",135.0313,5.656,FALSE,NA,"F122_S1","Hypoxanthin
135.03 m/z @ 5.66 min",NA,34,4.17647058823529
"308","feat_123_spec_1",123,135.0313,4.878,44,25,"Allopurinol",135.0313,4.878,FALSE,NA,"F123_S1","Allopurinol
135.03 m/z @ 4.88 min",NA,34,7.01960784313725
"310","feat_123_spec_3",123,135.0313,4.878,37,25,"Allopurinol",135.0313,4.878,FALSE,NA,"F123_S3","Allopurinol
135.03 m/z @ 4.88 min",NA,34,6.33333333333333
"311","feat_123_spec_4",123,135.0313,4.878,7,25,"Allopurinol",135.0313,4.878,FALSE,NA,"F123_S4","Allopurinol
135.03 m/z @ 4.88 min",NA,35,3.3921568627451
"312","feat_125_spec_1",125,135.04428,4.999,33,2060,NA,135.04428,4.999,FALSE,NA,"F125_S1","Feature 125
135.04 m/z @ 5 min",NA,34,5.94117647058824
"313","feat_125_spec_2",125,135.04428,4.999,15,2060,NA,135.04428,4.999,FALSE,NA,"F125_S2","Feature 125
135.04 m/z @ 5 min",NA,35,4.17647058823529
"314","feat_128_spec_1",128,135.04523,4.619,15,216,"2-Methylbenzoic acid",135.04523,4.619,FALSE,NA,"F128_S1","2-Methylbenzoic acid
135.05 m/z @ 4.62 min",NA,34,4.17647058823529
"315","feat_128_spec_2",128,135.04523,4.619,24,216,"2-Methylbenzoic acid",135.04523,4.619,FALSE,NA,"F128_S2","2-Methylbenzoic acid
135.05 m/z @ 4.62 min",NA,36,5.05882352941176
"316","feat_129_spec_1",129,135.04526,4.711,15,104,"2-Methylbenzoic acid",135.04526,4.711,FALSE,NA,"F129_S1","2-Methylbenzoic acid
135.05 m/z @ 4.71 min",NA,34,4.17647058823529
"317","feat_129_spec_2",129,135.04526,4.711,24,104,"2-Methylbenzoic acid",135.04526,4.711,FALSE,NA,"F129_S2","2-Methylbenzoic acid
135.05 m/z @ 4.71 min",NA,36,5.05882352941176
"318","feat_131_spec_1",131,135.89476,5.179,23,707,NA,135.89476,5.179,FALSE,NA,"F131_S1","Feature 131
135.89 m/z @ 5.18 min",NA,34,4.96078431372549
"320","feat_132_spec_1",132,135.89481,4.943,29,419,NA,135.89481,4.943,FALSE,NA,"F132_S1","Feature 132
135.89 m/z @ 4.94 min",NA,34,5.54901960784314
"321","feat_132_spec_2",132,135.89481,4.943,9,419,NA,135.89481,4.943,FALSE,NA,"F132_S2","Feature 132
135.89 m/z @ 4.94 min",NA,35,3.58823529411765
"322","feat_132_spec_3",132,135.89481,4.943,35,419,NA,135.89481,4.943,FALSE,NA,"F132_S3","Feature 132
135.89 m/z @ 4.94 min",NA,34,6.13725490196078
"323","feat_132_spec_4",132,135.89481,4.943,9,419,NA,135.89481,4.943,FALSE,NA,"F132_S4","Feature 132
135.89 m/z @ 4.94 min",NA,35,3.58823529411765
"324","feat_137_spec_1",137,136.0283,4.867,30,2182,NA,136.0283,4.867,FALSE,NA,"F137_S1","Feature 137
136.03 m/z @ 4.87 min",NA,34,5.64705882352941
"326","feat_137_spec_3",137,136.0283,4.867,25,2182,NA,136.0283,4.867,FALSE,NA,"F137_S3","Feature 137
136.03 m/z @ 4.87 min",NA,34,5.15686274509804
"328","feat_138_spec_1",138,136.03458,5.009,21,2482,NA,136.03458,5.009,FALSE,NA,"F138_S1","Feature 138
136.03 m/z @ 5.01 min",NA,34,4.76470588235294
"330","feat_138_spec_3",138,136.03458,5.009,21,2482,NA,136.03458,5.009,FALSE,NA,"F138_S3","Feature 138
136.03 m/z @ 5.01 min",NA,34,4.76470588235294
"332","feat_140_spec_1",140,197.03171,4.522,26,119,NA,197.03171,4.522,FALSE,NA,"F140_S1","Feature 140
197.03 m/z @ 4.52 min",NA,2,5.25490196078431
"333","feat_140_spec_2",140,197.03171,4.522,20,119,NA,197.03171,4.522,FALSE,NA,"F140_S2","Feature 140
197.03 m/z @ 4.52 min",NA,37,4.66666666666667
"334","feat_140_spec_3",140,197.03171,4.522,13,119,NA,197.03171,4.522,FALSE,NA,"F140_S3","Feature 140
197.03 m/z @ 4.52 min",NA,2,3.98039215686275
"335","feat_140_spec_4",140,197.03171,4.522,11,119,NA,197.03171,4.522,FALSE,NA,"F140_S4","Feature 140
197.03 m/z @ 4.52 min",NA,38,3.7843137254902
"336","feat_141_spec_1",141,137.03571,6.997,10,946,"Urocanic acid",137.03571,6.997,FALSE,NA,"F141_S1","Urocanic acid
137.04 m/z @ 7 min",NA,39,3.68627450980392
"338","feat_141_spec_3",141,137.03571,6.997,24,946,"Urocanic acid",137.03571,6.997,FALSE,NA,"F141_S3","Urocanic acid
137.04 m/z @ 7 min",NA,39,5.05882352941176
"344","feat_153_spec_1",153,139.02618,5.195,20,967,NA,139.02618,5.195,TRUE,131,"F153_S1","Feature 153
139.03 m/z @ 5.2 min
Rank: 131","F153",40,7.33333333333333
"345","feat_153_spec_2",153,139.02618,5.195,16,967,NA,139.02618,5.195,TRUE,131,"F153_S2","Feature 153
139.03 m/z @ 5.2 min
Rank: 131","F153",41,6.7843137254902
"346","feat_154_spec_1",154,139.0262,5.296,20,1838,NA,139.0262,5.296,FALSE,NA,"F154_S1","Feature 154
139.03 m/z @ 5.3 min",NA,40,4.66666666666667
"347","feat_154_spec_2",154,139.0262,5.296,16,1838,NA,139.0262,5.296,FALSE,NA,"F154_S2","Feature 154
139.03 m/z @ 5.3 min",NA,41,4.27450980392157
"348","feat_155_spec_1",155,139.02623,5.594,13,1078,NA,139.02623,5.594,TRUE,151,"F155_S1","Feature 155
139.03 m/z @ 5.59 min
Rank: 151","F155",42,6.37254901960784
"349","feat_155_spec_2",155,139.02623,5.594,17,1078,NA,139.02623,5.594,TRUE,151,"F155_S2","Feature 155
139.03 m/z @ 5.59 min
Rank: 151","F155",43,6.92156862745098
"380","feat_175_spec_1",175,145.0143,8.649,25,80,"2-Oxoglutaric acid",145.0143,8.649,FALSE,NA,"F175_S1","2-Oxoglutaric acid
145.01 m/z @ 8.65 min",NA,44,5.15686274509804
"381","feat_175_spec_2",175,145.0143,8.649,10,80,"2-Oxoglutaric acid",145.0143,8.649,FALSE,NA,"F175_S2","2-Oxoglutaric acid
145.01 m/z @ 8.65 min",NA,44,3.68627450980392
"382","feat_175_spec_3",175,145.0143,8.649,24,80,"2-Oxoglutaric acid",145.0143,8.649,FALSE,NA,"F175_S3","2-Oxoglutaric acid
145.01 m/z @ 8.65 min",NA,44,5.05882352941176
"383","feat_175_spec_4",175,145.0143,8.649,15,80,"2-Oxoglutaric acid",145.0143,8.649,FALSE,NA,"F175_S4","2-Oxoglutaric acid
145.01 m/z @ 8.65 min",NA,44,4.17647058823529
"384","feat_175_spec_5",175,145.0143,8.649,14,80,"2-Oxoglutaric acid",145.0143,8.649,FALSE,NA,"F175_S5","2-Oxoglutaric acid
145.01 m/z @ 8.65 min",NA,44,4.07843137254902
"385","feat_175_spec_6",175,145.0143,8.649,16,80,"2-Oxoglutaric acid",145.0143,8.649,FALSE,NA,"F175_S6","2-Oxoglutaric acid
145.01 m/z @ 8.65 min",NA,44,4.27450980392157
"386","feat_175_spec_7",175,145.0143,8.649,12,80,"2-Oxoglutaric acid",145.0143,8.649,FALSE,NA,"F175_S7","2-Oxoglutaric acid
145.01 m/z @ 8.65 min",NA,44,3.88235294117647
"387","feat_175_spec_8",175,145.0143,8.649,12,80,"2-Oxoglutaric acid",145.0143,8.649,FALSE,NA,"F175_S8","2-Oxoglutaric acid
145.01 m/z @ 8.65 min",NA,44,3.88235294117647
"392","feat_176_spec_1",176,145.01431,8.923,15,189,"2-Oxoglutaric acid",145.01431,8.923,FALSE,NA,"F176_S1","2-Oxoglutaric acid
145.01 m/z @ 8.92 min",NA,44,4.17647058823529
"393","feat_176_spec_2",176,145.01431,8.923,21,189,"2-Oxoglutaric acid",145.01431,8.923,FALSE,NA,"F176_S2","2-Oxoglutaric acid
145.01 m/z @ 8.92 min",NA,44,4.76470588235294
"394","feat_176_spec_3",176,145.01431,8.923,22,189,"2-Oxoglutaric acid",145.01431,8.923,FALSE,NA,"F176_S3","2-Oxoglutaric acid
145.01 m/z @ 8.92 min",NA,44,4.86274509803922
"395","feat_176_spec_4",176,145.01431,8.923,16,189,"2-Oxoglutaric acid",145.01431,8.923,FALSE,NA,"F176_S4","2-Oxoglutaric acid
145.01 m/z @ 8.92 min",NA,44,4.27450980392157
"396","feat_176_spec_5",176,145.01431,8.923,15,189,"2-Oxoglutaric acid",145.01431,8.923,FALSE,NA,"F176_S5","2-Oxoglutaric acid
145.01 m/z @ 8.92 min",NA,44,4.17647058823529
"397","feat_176_spec_6",176,145.01431,8.923,17,189,"2-Oxoglutaric acid",145.01431,8.923,FALSE,NA,"F176_S6","2-Oxoglutaric acid
145.01 m/z @ 8.92 min",NA,44,4.37254901960784
"398","feat_176_spec_7",176,145.01431,8.923,18,189,"2-Oxoglutaric acid",145.01431,8.923,FALSE,NA,"F176_S7","2-Oxoglutaric acid
145.01 m/z @ 8.92 min",NA,44,4.47058823529412
"421","feat_184_spec_1",184,146.04596,7.311,13,565,"O-Acetyl-L-serine",146.04596,7.311,FALSE,NA,"F184_S1","O-Acetyl-L-serine
146.05 m/z @ 7.31 min",NA,45,3.98039215686275
"430","feat_188_spec_3",188,146.98713,0.888,8,1438,NA,146.98713,0.888,FALSE,NA,"F188_S3","Feature 188
146.99 m/z @ 0.89 min",NA,15,3.49019607843137
"458","feat_196_spec_1",196,148.99123,9.069,9,7441,"Thiodiglycolic acid",148.99123,9.069,FALSE,NA,"F196_S1","Thiodiglycolic acid
148.99 m/z @ 9.07 min",NA,46,3.58823529411765
"459","feat_196_spec_2",196,148.99123,9.069,13,7441,"Thiodiglycolic acid",148.99123,9.069,FALSE,NA,"F196_S2","Thiodiglycolic acid
148.99 m/z @ 9.07 min",NA,47,3.98039215686275
"460","feat_196_spec_3",196,148.99123,9.069,14,7441,"Thiodiglycolic acid",148.99123,9.069,FALSE,NA,"F196_S3","Thiodiglycolic acid
148.99 m/z @ 9.07 min",NA,48,4.07843137254902
"461","feat_196_spec_4",196,148.99123,9.069,10,7441,"Thiodiglycolic acid",148.99123,9.069,FALSE,NA,"F196_S4","Thiodiglycolic acid
148.99 m/z @ 9.07 min",NA,49,3.68627450980392
"466","feat_201_spec_1",201,150.04221,6.091,18,114,"Guanine",150.04221,6.091,FALSE,NA,"F201_S1","Guanine
150.04 m/z @ 6.09 min",NA,50,4.47058823529412
"468","feat_201_spec_3",201,150.04221,6.091,25,114,"Guanine",150.04221,6.091,FALSE,NA,"F201_S3","Guanine
150.04 m/z @ 6.09 min",NA,50,5.15686274509804
"472","feat_201_spec_7",201,150.04221,6.091,16,114,"Guanine",150.04221,6.091,FALSE,NA,"F201_S7","Guanine
150.04 m/z @ 6.09 min",NA,2,4.27450980392157
"473","feat_201_spec_8",201,150.04221,6.091,7,114,"Guanine",150.04221,6.091,FALSE,NA,"F201_S8","Guanine
150.04 m/z @ 6.09 min",NA,2,3.3921568627451
"474","feat_203_spec_1",203,151.02619,6.154,10,3394,"Xanthine",151.02619,6.154,FALSE,NA,"F203_S1","Xanthine
151.03 m/z @ 6.15 min",NA,2,3.68627450980392
"475","feat_203_spec_2",203,151.02619,6.154,10,3394,"Xanthine",151.02619,6.154,FALSE,NA,"F203_S2","Xanthine
151.03 m/z @ 6.15 min",NA,2,3.68627450980392
"476","feat_203_spec_3",203,151.02619,6.154,15,3394,"Xanthine",151.02619,6.154,FALSE,NA,"F203_S3","Xanthine
151.03 m/z @ 6.15 min",NA,2,4.17647058823529
"480","feat_205_spec_1",205,151.02623,4.967,18,111,"Xanthine",151.02623,4.967,FALSE,NA,"F205_S1","Xanthine
151.03 m/z @ 4.97 min",NA,2,4.47058823529412
"486","feat_206_spec_1",206,151.02624,4.582,20,19,"Xanthine",151.02624,4.582,FALSE,NA,"F206_S1","Xanthine
151.03 m/z @ 4.58 min",NA,2,4.66666666666667
"487","feat_206_spec_2",206,151.02624,4.582,20,19,"Xanthine",151.02624,4.582,FALSE,NA,"F206_S2","Xanthine
151.03 m/z @ 4.58 min",NA,2,4.66666666666667
"488","feat_206_spec_3",206,151.02624,4.582,38,19,"Xanthine",151.02624,4.582,FALSE,NA,"F206_S3","Xanthine
151.03 m/z @ 4.58 min",NA,2,6.43137254901961
"489","feat_206_spec_4",206,151.02624,4.582,13,19,"Xanthine",151.02624,4.582,FALSE,NA,"F206_S4","Xanthine
151.03 m/z @ 4.58 min",NA,2,3.98039215686275
"490","feat_206_spec_5",206,151.02624,4.582,25,19,"Xanthine",151.02624,4.582,FALSE,NA,"F206_S5","Xanthine
151.03 m/z @ 4.58 min",NA,2,5.15686274509804
"491","feat_206_spec_6",206,151.02624,4.582,21,19,"Xanthine",151.02624,4.582,FALSE,NA,"F206_S6","Xanthine
151.03 m/z @ 4.58 min",NA,2,4.76470588235294
"492","feat_206_spec_7",206,151.02624,4.582,14,19,"Xanthine",151.02624,4.582,FALSE,NA,"F206_S7","Xanthine
151.03 m/z @ 4.58 min",NA,2,4.07843137254902
"494","feat_206_spec_9",206,151.02624,4.582,24,19,"Xanthine",151.02624,4.582,FALSE,NA,"F206_S9","Xanthine
151.03 m/z @ 4.58 min",NA,2,5.05882352941176
"496","feat_206_spec_11",206,151.02624,4.582,20,19,"Xanthine",151.02624,4.582,FALSE,NA,"F206_S11","Xanthine
151.03 m/z @ 4.58 min",NA,2,4.66666666666667
"504","feat_207_spec_1",207,151.02624,5.63,16,591,"Xanthine",151.02624,5.63,TRUE,164,"F207_S1","Xanthine
151.03 m/z @ 5.63 min
Rank: 164","Xanthine",2,6.7843137254902
"505","feat_207_spec_2",207,151.02624,5.63,11,591,"Xanthine",151.02624,5.63,TRUE,164,"F207_S2","Xanthine
151.03 m/z @ 5.63 min
Rank: 164","Xanthine",2,6.09803921568627
"506","feat_207_spec_3",207,151.02624,5.63,20,591,"Xanthine",151.02624,5.63,TRUE,164,"F207_S3","Xanthine
151.03 m/z @ 5.63 min
Rank: 164","Xanthine",2,7.33333333333333
"508","feat_207_spec_5",207,151.02624,5.63,14,591,"Xanthine",151.02624,5.63,TRUE,164,"F207_S5","Xanthine
151.03 m/z @ 5.63 min
Rank: 164","Xanthine",2,6.50980392156863
"510","feat_208_spec_1",208,151.03924,6.084,14,3723,NA,151.03924,6.084,FALSE,NA,"F208_S1","Feature 208
151.04 m/z @ 6.08 min",NA,2,4.07843137254902
"512","feat_208_spec_3",208,151.03924,6.084,14,3723,NA,151.03924,6.084,FALSE,NA,"F208_S3","Feature 208
151.04 m/z @ 6.08 min",NA,2,4.07843137254902
"514","feat_209_spec_1",209,151.06127,5.491,16,1638,"Xylitol",151.06127,5.491,FALSE,NA,"F209_S1","Xylitol
151.06 m/z @ 5.49 min",NA,2,4.27450980392157
"515","feat_209_spec_2",209,151.06127,5.491,10,1638,"Xylitol",151.06127,5.491,FALSE,NA,"F209_S2","Xylitol
151.06 m/z @ 5.49 min",NA,2,3.68627450980392
"516","feat_210_spec_1",210,151.06129,3.938,12,1976,"Xylitol",151.06129,3.938,FALSE,NA,"F210_S1","Xylitol
151.06 m/z @ 3.94 min",NA,2,3.88235294117647
"517","feat_210_spec_2",210,151.06129,3.938,21,1976,"Xylitol",151.06129,3.938,FALSE,NA,"F210_S2","Xylitol
151.06 m/z @ 3.94 min",NA,2,4.76470588235294
"518","feat_210_spec_3",210,151.06129,3.938,23,1976,"Xylitol",151.06129,3.938,FALSE,NA,"F210_S3","Xylitol
151.06 m/z @ 3.94 min",NA,2,4.96078431372549
"519","feat_210_spec_4",210,151.06129,3.938,14,1976,"Xylitol",151.06129,3.938,FALSE,NA,"F210_S4","Xylitol
151.06 m/z @ 3.94 min",NA,2,4.07843137254902
"520","feat_213_spec_1",213,152.02328,4.573,26,1842,NA,152.02328,4.573,TRUE,462,"F213_S1","Feature 213
152.02 m/z @ 4.57 min
Rank: 462","F213",2,8.15686274509804
"522","feat_213_spec_3",213,152.02328,4.573,21,1842,NA,152.02328,4.573,TRUE,462,"F213_S3","Feature 213
152.02 m/z @ 4.57 min
Rank: 462","F213",2,7.47058823529412
"534","feat_226_spec_1",226,155.0099,5.13,21,488,"Orotic acid",155.0099,5.13,FALSE,NA,"F226_S1","Orotic acid
155.01 m/z @ 5.13 min",NA,2,4.76470588235294
"535","feat_226_spec_2",226,155.0099,5.13,21,488,"Orotic acid",155.0099,5.13,FALSE,NA,"F226_S2","Orotic acid
155.01 m/z @ 5.13 min",NA,2,4.76470588235294
"536","feat_226_spec_3",226,155.0099,5.13,23,488,"Orotic acid",155.0099,5.13,FALSE,NA,"F226_S3","Orotic acid
155.01 m/z @ 5.13 min",NA,2,4.96078431372549
"537","feat_226_spec_4",226,155.0099,5.13,17,488,"Orotic acid",155.0099,5.13,FALSE,NA,"F226_S4","Orotic acid
155.01 m/z @ 5.13 min",NA,2,4.37254901960784
"538","feat_229_spec_1",229,155.02119,3.913,13,2719,NA,155.02119,3.913,FALSE,NA,"F229_S1","Feature 229
155.02 m/z @ 3.91 min",NA,2,3.98039215686275
"539","feat_229_spec_2",229,155.02119,3.913,11,2719,NA,155.02119,3.913,FALSE,NA,"F229_S2","Feature 229
155.02 m/z @ 3.91 min",NA,2,3.7843137254902
"540","feat_237_spec_1",237,139.02621,5.684,13,1448,"(S)-(+)-allantoin",139.02621,5.684,FALSE,NA,"F237_S1","(S)-(+)-allantoin
139.03 m/z @ 5.68 min",NA,42,3.98039215686275
"541","feat_237_spec_2",237,139.02621,5.684,17,1448,"(S)-(+)-allantoin",139.02621,5.684,FALSE,NA,"F237_S2","(S)-(+)-allantoin
139.03 m/z @ 5.68 min",NA,43,4.37254901960784
"542","feat_238_spec_1",238,157.03681,4.986,26,577,"Allantoin",157.03681,4.986,FALSE,NA,"F238_S1","Allantoin
157.04 m/z @ 4.99 min",NA,2,5.25490196078431
"544","feat_238_spec_3",238,157.03681,4.986,17,577,"Allantoin",157.03681,4.986,FALSE,NA,"F238_S3","Allantoin
157.04 m/z @ 4.99 min",NA,2,4.37254901960784
"545","feat_238_spec_4",238,157.03681,4.986,20,577,"Allantoin",157.03681,4.986,FALSE,NA,"F238_S4","Allantoin
157.04 m/z @ 4.99 min",NA,2,4.66666666666667
"546","feat_239_spec_1",239,157.05076,3.776,19,44,"2-isopropylmaleic acid",157.05076,3.776,FALSE,NA,"F239_S1","2-isopropylmaleic acid
157.05 m/z @ 3.78 min",NA,51,4.56862745098039
"547","feat_239_spec_2",239,157.05076,3.776,28,44,"2-isopropylmaleic acid",157.05076,3.776,FALSE,NA,"F239_S2","2-isopropylmaleic acid
157.05 m/z @ 3.78 min",NA,51,5.45098039215686
"548","feat_239_spec_3",239,157.05076,3.776,18,44,"2-isopropylmaleic acid",157.05076,3.776,FALSE,NA,"F239_S3","2-isopropylmaleic acid
157.05 m/z @ 3.78 min",NA,51,4.47058823529412
"549","feat_239_spec_4",239,157.05076,3.776,18,44,"2-isopropylmaleic acid",157.05076,3.776,FALSE,NA,"F239_S4","2-isopropylmaleic acid
157.05 m/z @ 3.78 min",NA,51,4.47058823529412
"550","feat_239_spec_5",239,157.05076,3.776,20,44,"2-isopropylmaleic acid",157.05076,3.776,FALSE,NA,"F239_S5","2-isopropylmaleic acid
157.05 m/z @ 3.78 min",NA,51,4.66666666666667
"551","feat_239_spec_6",239,157.05076,3.776,11,44,"2-isopropylmaleic acid",157.05076,3.776,FALSE,NA,"F239_S6","2-isopropylmaleic acid
157.05 m/z @ 3.78 min",NA,51,3.7843137254902
"552","feat_239_spec_7",239,157.05076,3.776,16,44,"2-isopropylmaleic acid",157.05076,3.776,FALSE,NA,"F239_S7","2-isopropylmaleic acid
157.05 m/z @ 3.78 min",NA,51,4.27450980392157
"553","feat_239_spec_8",239,157.05076,3.776,14,44,"2-isopropylmaleic acid",157.05076,3.776,FALSE,NA,"F239_S8","2-isopropylmaleic acid
157.05 m/z @ 3.78 min",NA,51,4.07843137254902
"576","feat_253_spec_1",253,159.07756,8.51,24,187,"Daminozide",159.07756,8.51,FALSE,NA,"F253_S1","Daminozide
159.08 m/z @ 8.51 min",NA,52,5.05882352941176
"577","feat_253_spec_2",253,159.07756,8.51,18,187,"Daminozide",159.07756,8.51,FALSE,NA,"F253_S2","Daminozide
159.08 m/z @ 8.51 min",NA,53,4.47058823529412
"578","feat_253_spec_3",253,159.07756,8.51,18,187,"Daminozide",159.07756,8.51,FALSE,NA,"F253_S3","Daminozide
159.08 m/z @ 8.51 min",NA,54,4.47058823529412
"579","feat_254_spec_1",254,159.07758,8.558,24,272,"D-Alanyl-D-alanine",159.07758,8.558,FALSE,NA,"F254_S1","D-Alanyl-D-alanine
159.08 m/z @ 8.56 min",NA,52,5.05882352941176
"580","feat_254_spec_2",254,159.07758,8.558,18,272,"D-Alanyl-D-alanine",159.07758,8.558,FALSE,NA,"F254_S2","D-Alanyl-D-alanine
159.08 m/z @ 8.56 min",NA,53,4.47058823529412
"581","feat_254_spec_3",254,159.07758,8.558,18,272,"D-Alanyl-D-alanine",159.07758,8.558,FALSE,NA,"F254_S3","D-Alanyl-D-alanine
159.08 m/z @ 8.56 min",NA,54,4.47058823529412
"583","feat_257_spec_1",257,160.06161,7.206,19,691,"2-Aminoadipic acid",160.06161,7.206,FALSE,NA,"F257_S1","2-Aminoadipic acid
160.06 m/z @ 7.21 min",NA,55,4.56862745098039
"585","feat_257_spec_3",257,160.06161,7.206,16,691,"2-Aminoadipic acid",160.06161,7.206,FALSE,NA,"F257_S3","2-Aminoadipic acid
160.06 m/z @ 7.21 min",NA,55,4.27450980392157
"587","feat_258_spec_1",258,160.06162,6.957,16,339,"AC-THR-OH",160.06162,6.957,FALSE,NA,"F258_S1","AC-THR-OH
160.06 m/z @ 6.96 min",NA,56,4.27450980392157
"588","feat_258_spec_2",258,160.06162,6.957,11,339,"AC-THR-OH",160.06162,6.957,FALSE,NA,"F258_S2","AC-THR-OH
160.06 m/z @ 6.96 min",NA,45,3.7843137254902
"589","feat_258_spec_3",258,160.06162,6.957,21,339,"AC-THR-OH",160.06162,6.957,FALSE,NA,"F258_S3","AC-THR-OH
160.06 m/z @ 6.96 min",NA,56,4.76470588235294
"590","feat_258_spec_4",258,160.06162,6.957,15,339,"AC-THR-OH",160.06162,6.957,FALSE,NA,"F258_S4","AC-THR-OH
160.06 m/z @ 6.96 min",NA,45,4.17647058823529
"591","feat_258_spec_5",258,160.06162,6.957,18,339,"AC-THR-OH",160.06162,6.957,FALSE,NA,"F258_S5","AC-THR-OH
160.06 m/z @ 6.96 min",NA,56,4.47058823529412
"593","feat_258_spec_7",258,160.06162,6.957,15,339,"AC-THR-OH",160.06162,6.957,FALSE,NA,"F258_S7","AC-THR-OH
160.06 m/z @ 6.96 min",NA,56,4.17647058823529
"595","feat_258_spec_9",258,160.06162,6.957,21,339,"AC-THR-OH",160.06162,6.957,FALSE,NA,"F258_S9","AC-THR-OH
160.06 m/z @ 6.96 min",NA,2,4.76470588235294
"596","feat_258_spec_10",258,160.06162,6.957,23,339,"AC-THR-OH",160.06162,6.957,FALSE,NA,"F258_S10","AC-THR-OH
160.06 m/z @ 6.96 min",NA,57,4.96078431372549
"597","feat_258_spec_11",258,160.06162,6.957,22,339,"AC-THR-OH",160.06162,6.957,FALSE,NA,"F258_S11","AC-THR-OH
160.06 m/z @ 6.96 min",NA,2,4.86274509803922
"598","feat_258_spec_12",258,160.06162,6.957,11,339,"AC-THR-OH",160.06162,6.957,FALSE,NA,"F258_S12","AC-THR-OH
160.06 m/z @ 6.96 min",NA,57,3.7843137254902
"639","feat_284_spec_1",284,166.03712,5.418,18,661,"7,8-dihydro-8-oxoguanine",166.03712,5.418,FALSE,NA,"F284_S1","7,8-dihydro-8-oxoguanine
166.04 m/z @ 5.42 min",NA,15,4.47058823529412
"641","feat_284_spec_3",284,166.03712,5.418,20,661,"7,8-dihydro-8-oxoguanine",166.03712,5.418,FALSE,NA,"F284_S3","7,8-dihydro-8-oxoguanine
166.04 m/z @ 5.42 min",NA,15,4.66666666666667
"643","feat_285_spec_1",285,166.03714,5.925,18,1421,"2,8-dihydroxyadenine",166.03714,5.925,FALSE,NA,"F285_S1","2,8-dihydroxyadenine
166.04 m/z @ 5.92 min",NA,15,4.47058823529412
"645","feat_286_spec_1",286,166.97514,8.924,8,2875,"Phosphoenolpyruvic acid",166.97514,8.924,FALSE,NA,"F286_S1","Phosphoenolpyruvic acid
166.98 m/z @ 8.92 min",NA,2,3.49019607843137
"649","feat_288_spec_1",288,148.99122,9.063,9,4837,NA,148.99122,9.063,FALSE,NA,"F288_S1","Feature 288
148.99 m/z @ 9.06 min",NA,46,3.58823529411765
"650","feat_288_spec_2",288,148.99122,9.063,13,4837,NA,148.99122,9.063,FALSE,NA,"F288_S2","Feature 288
148.99 m/z @ 9.06 min",NA,47,3.98039215686275
"651","feat_288_spec_3",288,148.99122,9.063,14,4837,NA,148.99122,9.063,FALSE,NA,"F288_S3","Feature 288
148.99 m/z @ 9.06 min",NA,48,4.07843137254902
"652","feat_288_spec_4",288,148.99122,9.063,10,4837,NA,148.99122,9.063,FALSE,NA,"F288_S4","Feature 288
148.99 m/z @ 9.06 min",NA,49,3.68627450980392
"653","feat_289_spec_1",289,167.02112,4.384,24,1282,"Uric acid",167.02112,4.384,FALSE,NA,"F289_S1","Uric acid
167.02 m/z @ 4.38 min",NA,2,5.05882352941176
"655","feat_289_spec_3",289,167.02112,4.384,26,1282,"Uric acid",167.02112,4.384,FALSE,NA,"F289_S3","Uric acid
167.02 m/z @ 4.38 min",NA,2,5.25490196078431
"657","feat_290_spec_1",290,167.02115,6.484,17,776,"Uric acid",167.02115,6.484,FALSE,NA,"F290_S1","Uric acid
167.02 m/z @ 6.48 min",NA,2,4.37254901960784
"659","feat_290_spec_3",290,167.02115,6.484,18,776,"Uric acid",167.02115,6.484,FALSE,NA,"F290_S3","Uric acid
167.02 m/z @ 6.48 min",NA,2,4.47058823529412
"661","feat_290_spec_5",290,167.02115,6.484,13,776,"Uric acid",167.02115,6.484,FALSE,NA,"F290_S5","Uric acid
167.02 m/z @ 6.48 min",NA,2,3.98039215686275
"662","feat_290_spec_6",290,167.02115,6.484,11,776,"Uric acid",167.02115,6.484,FALSE,NA,"F290_S6","Uric acid
167.02 m/z @ 6.48 min",NA,58,3.7843137254902
"663","feat_290_spec_7",290,167.02115,6.484,18,776,"Uric acid",167.02115,6.484,FALSE,NA,"F290_S7","Uric acid
167.02 m/z @ 6.48 min",NA,2,4.47058823529412
"664","feat_290_spec_8",290,167.02115,6.484,10,776,"Uric acid",167.02115,6.484,FALSE,NA,"F290_S8","Uric acid
167.02 m/z @ 6.48 min",NA,59,3.68627450980392
"665","feat_291_spec_1",291,167.02117,6.553,13,633,"Uric acid",167.02117,6.553,FALSE,NA,"F291_S1","Uric acid
167.02 m/z @ 6.55 min",NA,2,3.98039215686275
"666","feat_291_spec_2",291,167.02117,6.553,11,633,"Uric acid",167.02117,6.553,FALSE,NA,"F291_S2","Uric acid
167.02 m/z @ 6.55 min",NA,58,3.7843137254902
"667","feat_291_spec_3",291,167.02117,6.553,18,633,"Uric acid",167.02117,6.553,FALSE,NA,"F291_S3","Uric acid
167.02 m/z @ 6.55 min",NA,2,4.47058823529412
"668","feat_291_spec_4",291,167.02117,6.553,10,633,"Uric acid",167.02117,6.553,FALSE,NA,"F291_S4","Uric acid
167.02 m/z @ 6.55 min",NA,59,3.68627450980392
"679","feat_301_spec_1",301,171.008,4.885,26,642,NA,171.008,4.885,FALSE,NA,"F301_S1","Feature 301
171.01 m/z @ 4.88 min",NA,34,5.25490196078431
"680","feat_301_spec_2",301,171.008,4.885,10,642,NA,171.008,4.885,FALSE,NA,"F301_S2","Feature 301
171.01 m/z @ 4.88 min",NA,34,3.68627450980392
"681","feat_301_spec_3",301,171.008,4.885,27,642,NA,171.008,4.885,FALSE,NA,"F301_S3","Feature 301
171.01 m/z @ 4.88 min",NA,34,5.35294117647059
"682","feat_301_spec_4",301,171.008,4.885,9,642,NA,171.008,4.885,FALSE,NA,"F301_S4","Feature 301
171.01 m/z @ 4.88 min",NA,34,3.58823529411765
"683","feat_302_spec_1",302,171.00803,5.026,13,874,NA,171.00803,5.026,FALSE,NA,"F302_S1","Feature 302
171.01 m/z @ 5.03 min",NA,34,3.98039215686275
"684","feat_302_spec_2",302,171.00803,5.026,13,874,NA,171.00803,5.026,FALSE,NA,"F302_S2","Feature 302
171.01 m/z @ 5.03 min",NA,34,3.98039215686275
"685","feat_302_spec_3",302,171.00803,5.026,12,874,NA,171.00803,5.026,FALSE,NA,"F302_S3","Feature 302
171.01 m/z @ 5.03 min",NA,34,3.88235294117647
"687","feat_303_spec_1",303,171.02757,9.15,14,2801,NA,171.02757,9.15,FALSE,NA,"F303_S1","Feature 303
171.03 m/z @ 9.15 min",NA,2,4.07843137254902
"688","feat_303_spec_2",303,171.02757,9.15,16,2801,NA,171.02757,9.15,FALSE,NA,"F303_S2","Feature 303
171.03 m/z @ 9.15 min",NA,2,4.27450980392157
"689","feat_303_spec_3",303,171.02757,9.15,12,2801,NA,171.02757,9.15,FALSE,NA,"F303_S3","Feature 303
171.03 m/z @ 9.15 min",NA,2,3.88235294117647
"699","feat_310_spec_1",310,172.95486,3.824,16,1566,NA,172.95486,3.824,FALSE,NA,"F310_S1","Feature 310
172.95 m/z @ 3.82 min",NA,12,4.27450980392157
"705","feat_316_spec_1",316,173.00926,6.777,13,888,"cis-Aconitic acid",173.00926,6.777,FALSE,NA,"F316_S1","cis-Aconitic acid
173.01 m/z @ 6.78 min",NA,30,3.98039215686275
"706","feat_316_spec_2",316,173.00926,6.777,17,888,"cis-Aconitic acid",173.00926,6.777,FALSE,NA,"F316_S2","cis-Aconitic acid
173.01 m/z @ 6.78 min",NA,60,4.37254901960784
"707","feat_316_spec_3",316,173.00926,6.777,15,888,"cis-Aconitic acid",173.00926,6.777,FALSE,NA,"F316_S3","cis-Aconitic acid
173.01 m/z @ 6.78 min",NA,30,4.17647058823529
"708","feat_316_spec_4",316,173.00926,6.777,16,888,"cis-Aconitic acid",173.00926,6.777,FALSE,NA,"F316_S4","cis-Aconitic acid
173.01 m/z @ 6.78 min",NA,60,4.27450980392157
"719","feat_323_spec_1",323,174.04089,5.904,10,3241,"N-Acetyl-L-aspartic acid",174.04089,5.904,FALSE,NA,"F323_S1","N-Acetyl-L-aspartic acid
174.04 m/z @ 5.9 min",NA,8,3.68627450980392
"720","feat_323_spec_2",323,174.04089,5.904,13,3241,"N-Acetyl-L-aspartic acid",174.04089,5.904,FALSE,NA,"F323_S2","N-Acetyl-L-aspartic acid
174.04 m/z @ 5.9 min",NA,9,3.98039215686275
"721","feat_323_spec_3",323,174.04089,5.904,10,3241,"N-Acetyl-L-aspartic acid",174.04089,5.904,FALSE,NA,"F323_S3","N-Acetyl-L-aspartic acid
174.04 m/z @ 5.9 min",NA,10,3.68627450980392
"722","feat_323_spec_4",323,174.04089,5.904,10,3241,"N-Acetyl-L-aspartic acid",174.04089,5.904,FALSE,NA,"F323_S4","N-Acetyl-L-aspartic acid
174.04 m/z @ 5.9 min",NA,11,3.68627450980392
"723","feat_325_spec_1",325,350.87671,4.556,23,1813,NA,350.87671,4.556,TRUE,144,"F325_S1","Feature 325
350.88 m/z @ 4.56 min
Rank: 144","F325",61,7.74509803921569
"724","feat_325_spec_2",325,350.87671,4.556,20,1813,NA,350.87671,4.556,TRUE,144,"F325_S2","Feature 325
350.88 m/z @ 4.56 min
Rank: 144","F325",61,7.33333333333333
"725","feat_325_spec_3",325,350.87671,4.556,23,1813,NA,350.87671,4.556,TRUE,144,"F325_S3","Feature 325
350.88 m/z @ 4.56 min
Rank: 144","F325",61,7.74509803921569
"726","feat_325_spec_4",325,350.87671,4.556,23,1813,NA,350.87671,4.556,TRUE,144,"F325_S4","Feature 325
350.88 m/z @ 4.56 min
Rank: 144","F325",61,7.74509803921569
"727","feat_325_spec_5",325,350.87671,4.556,21,1813,NA,350.87671,4.556,TRUE,144,"F325_S5","Feature 325
350.88 m/z @ 4.56 min
Rank: 144","F325",61,7.47058823529412
"728","feat_325_spec_6",325,350.87671,4.556,19,1813,NA,350.87671,4.556,TRUE,144,"F325_S6","Feature 325
350.88 m/z @ 4.56 min
Rank: 144","F325",62,7.19607843137255
"729","feat_325_spec_7",325,350.87671,4.556,18,1813,NA,350.87671,4.556,TRUE,144,"F325_S7","Feature 325
350.88 m/z @ 4.56 min
Rank: 144","F325",63,7.05882352941176
"730","feat_325_spec_8",325,350.87671,4.556,16,1813,NA,350.87671,4.556,TRUE,144,"F325_S8","Feature 325
350.88 m/z @ 4.56 min
Rank: 144","F325",64,6.7843137254902
"731","feat_325_spec_9",325,350.87671,4.556,15,1813,NA,350.87671,4.556,TRUE,144,"F325_S9","Feature 325
350.88 m/z @ 4.56 min
Rank: 144","F325",63,6.64705882352941
"732","feat_326_spec_1",326,175.02483,8.467,15,5871,"(4S)-4,6-Dihydroxy-2,5-dioxohexanoic acid",175.02483,8.467,FALSE,NA,"F326_S1","(4S)-4,6-Dihydroxy-2,5-dioxohexanoic acid
175.02 m/z @ 8.47 min",NA,2,4.17647058823529
"733","feat_326_spec_2",326,175.02483,8.467,13,5871,"(4S)-4,6-Dihydroxy-2,5-dioxohexanoic acid",175.02483,8.467,FALSE,NA,"F326_S2","(4S)-4,6-Dihydroxy-2,5-dioxohexanoic acid
175.02 m/z @ 8.47 min",NA,2,3.98039215686275
"734","feat_326_spec_3",326,175.02483,8.467,28,5871,"(4S)-4,6-Dihydroxy-2,5-dioxohexanoic acid",175.02483,8.467,FALSE,NA,"F326_S3","(4S)-4,6-Dihydroxy-2,5-dioxohexanoic acid
175.02 m/z @ 8.47 min",NA,2,5.45098039215686
"735","feat_326_spec_4",326,175.02483,8.467,9,5871,"(4S)-4,6-Dihydroxy-2,5-dioxohexanoic acid",175.02483,8.467,FALSE,NA,"F326_S4","(4S)-4,6-Dihydroxy-2,5-dioxohexanoic acid
175.02 m/z @ 8.47 min",NA,2,3.58823529411765
"736","feat_327_spec_1",327,415.13617,5.063,18,2562,NA,415.13617,5.063,TRUE,314,"F327_S1","Feature 327
415.14 m/z @ 5.06 min
Rank: 314","F327",65,7.05882352941176
"737","feat_327_spec_2",327,415.13617,5.063,15,2562,NA,415.13617,5.063,TRUE,314,"F327_S2","Feature 327
415.14 m/z @ 5.06 min
Rank: 314","F327",66,6.64705882352941
"738","feat_327_spec_3",327,415.13617,5.063,24,2562,NA,415.13617,5.063,TRUE,314,"F327_S3","Feature 327
415.14 m/z @ 5.06 min
Rank: 314","F327",65,7.88235294117647
"739","feat_327_spec_4",327,415.13617,5.063,16,2562,NA,415.13617,5.063,TRUE,314,"F327_S4","Feature 327
415.14 m/z @ 5.06 min
Rank: 314","F327",66,6.7843137254902
"744","feat_330_spec_1",330,178.067,5.393,21,4459,NA,178.067,5.393,FALSE,NA,"F330_S1","Feature 330
178.07 m/z @ 5.39 min",NA,15,4.76470588235294
"745","feat_330_spec_2",330,178.067,5.393,15,4459,NA,178.067,5.393,FALSE,NA,"F330_S2","Feature 330
178.07 m/z @ 5.39 min",NA,67,4.17647058823529
"746","feat_330_spec_3",330,178.067,5.393,11,4459,NA,178.067,5.393,FALSE,NA,"F330_S3","Feature 330
178.07 m/z @ 5.39 min",NA,15,3.7843137254902
"747","feat_330_spec_4",330,178.067,5.393,10,4459,NA,178.067,5.393,FALSE,NA,"F330_S4","Feature 330
178.07 m/z @ 5.39 min",NA,15,3.68627450980392
"750","feat_335_spec_1",335,179.03506,8.47,18,3153,"4-Hydroxyphenylpyruvate",179.03506,8.47,FALSE,NA,"F335_S1","4-Hydroxyphenylpyruvate
179.04 m/z @ 8.47 min",NA,2,4.47058823529412
"751","feat_335_spec_2",335,179.03506,8.47,25,3153,"4-Hydroxyphenylpyruvate",179.03506,8.47,FALSE,NA,"F335_S2","4-Hydroxyphenylpyruvate
179.04 m/z @ 8.47 min",NA,2,5.15686274509804
"757","feat_339_spec_4",339,180.01641,4.345,11,1360,NA,180.01641,4.345,FALSE,NA,"F339_S4","Feature 339
180.02 m/z @ 4.34 min",NA,68,3.7843137254902
"758","feat_340_spec_1",340,180.01641,4.401,11,1639,NA,180.01641,4.401,FALSE,NA,"F340_S1","Feature 340
180.02 m/z @ 4.4 min",NA,68,3.7843137254902
"763","feat_345_spec_1",345,181.00049,3.654,18,390,NA,181.00049,3.654,FALSE,NA,"F345_S1","Feature 345
181 m/z @ 3.65 min",NA,69,4.47058823529412
"764","feat_345_spec_2",345,181.00049,3.654,14,390,NA,181.00049,3.654,FALSE,NA,"F345_S2","Feature 345
181 m/z @ 3.65 min",NA,70,4.07843137254902
"765","feat_347_spec_1",347,181.00052,3.711,18,414,NA,181.00052,3.711,FALSE,NA,"F347_S1","Feature 347
181 m/z @ 3.71 min",NA,69,4.47058823529412
"766","feat_347_spec_2",347,181.00052,3.711,14,414,NA,181.00052,3.711,FALSE,NA,"F347_S2","Feature 347
181 m/z @ 3.71 min",NA,70,4.07843137254902
"783","feat_356_spec_1",356,242.05193,5.695,22,1269,"[Similar to: NP-003800; ΔMass: -14.0670 Da]",242.05193,5.695,FALSE,NA,"F356_S1","[Similar to: NP-003800; ΔMass: -14.0670 Da]
242.05 m/z @ 5.7 min",NA,2,4.86274509803922
"785","feat_356_spec_3",356,242.05193,5.695,22,1269,"[Similar to: NP-003800; ΔMass: -14.0670 Da]",242.05193,5.695,FALSE,NA,"F356_S3","[Similar to: NP-003800; ΔMass: -14.0670 Da]
242.05 m/z @ 5.7 min",NA,2,4.86274509803922
"786","feat_358_spec_1",358,182.03205,5.615,18,171,"[Similar to: NP-003800; ΔMass: -14.0659 Da]",182.03205,5.615,TRUE,82,"F358_S1","[Similar to: NP-003800; ΔMass: -14.0659 Da]
182.03 m/z @ 5.62 min
Rank: 82","[Similar to: NP-003800; ΔMass: -14.0659 Da]",2,7.05882352941176
"787","feat_358_spec_2",358,182.03205,5.615,19,171,"[Similar to: NP-003800; ΔMass: -14.0659 Da]",182.03205,5.615,TRUE,82,"F358_S2","[Similar to: NP-003800; ΔMass: -14.0659 Da]
182.03 m/z @ 5.62 min
Rank: 82","[Similar to: NP-003800; ΔMass: -14.0659 Da]",71,7.19607843137255
"788","feat_358_spec_3",358,182.03205,5.615,14,171,"[Similar to: NP-003800; ΔMass: -14.0659 Da]",182.03205,5.615,TRUE,82,"F358_S3","[Similar to: NP-003800; ΔMass: -14.0659 Da]
182.03 m/z @ 5.62 min
Rank: 82","[Similar to: NP-003800; ΔMass: -14.0659 Da]",2,6.50980392156863
"789","feat_358_spec_4",358,182.03205,5.615,13,171,"[Similar to: NP-003800; ΔMass: -14.0659 Da]",182.03205,5.615,TRUE,82,"F358_S4","[Similar to: NP-003800; ΔMass: -14.0659 Da]
182.03 m/z @ 5.62 min
Rank: 82","[Similar to: NP-003800; ΔMass: -14.0659 Da]",71,6.37254901960784
"790","feat_358_spec_5",358,182.03205,5.615,23,171,"[Similar to: NP-003800; ΔMass: -14.0659 Da]",182.03205,5.615,TRUE,82,"F358_S5","[Similar to: NP-003800; ΔMass: -14.0659 Da]
182.03 m/z @ 5.62 min
Rank: 82","[Similar to: NP-003800; ΔMass: -14.0659 Da]",2,7.74509803921569
"791","feat_358_spec_6",358,182.03205,5.615,18,171,"[Similar to: NP-003800; ΔMass: -14.0659 Da]",182.03205,5.615,TRUE,82,"F358_S6","[Similar to: NP-003800; ΔMass: -14.0659 Da]
182.03 m/z @ 5.62 min
Rank: 82","[Similar to: NP-003800; ΔMass: -14.0659 Da]",71,7.05882352941176
"792","feat_358_spec_7",358,182.03205,5.615,23,171,"[Similar to: NP-003800; ΔMass: -14.0659 Da]",182.03205,5.615,TRUE,82,"F358_S7","[Similar to: NP-003800; ΔMass: -14.0659 Da]
182.03 m/z @ 5.62 min
Rank: 82","[Similar to: NP-003800; ΔMass: -14.0659 Da]",2,7.74509803921569
"793","feat_358_spec_8",358,182.03205,5.615,13,171,"[Similar to: NP-003800; ΔMass: -14.0659 Da]",182.03205,5.615,TRUE,82,"F358_S8","[Similar to: NP-003800; ΔMass: -14.0659 Da]
182.03 m/z @ 5.62 min
Rank: 82","[Similar to: NP-003800; ΔMass: -14.0659 Da]",71,6.37254901960784
"794","feat_359_spec_1",359,182.03204,5.197,30,157,NA,182.03204,5.197,TRUE,46,"F359_S1","Feature 359
182.03 m/z @ 5.2 min
Rank: 46","F359",2,8.70588235294118
"795","feat_359_spec_2",359,182.03204,5.197,23,157,NA,182.03204,5.197,TRUE,46,"F359_S2","Feature 359
182.03 m/z @ 5.2 min
Rank: 46","F359",71,7.74509803921569
"796","feat_359_spec_3",359,182.03204,5.197,22,157,NA,182.03204,5.197,TRUE,46,"F359_S3","Feature 359
182.03 m/z @ 5.2 min
Rank: 46","F359",2,7.6078431372549
"797","feat_359_spec_4",359,182.03204,5.197,15,157,NA,182.03204,5.197,TRUE,46,"F359_S4","Feature 359
182.03 m/z @ 5.2 min
Rank: 46","F359",71,6.64705882352941
"798","feat_359_spec_5",359,182.03204,5.197,15,157,NA,182.03204,5.197,TRUE,46,"F359_S5","Feature 359
182.03 m/z @ 5.2 min
Rank: 46","F359",2,6.64705882352941
"800","feat_359_spec_7",359,182.03204,5.197,21,157,NA,182.03204,5.197,TRUE,46,"F359_S7","Feature 359
182.03 m/z @ 5.2 min
Rank: 46","F359",2,7.47058823529412
"801","feat_359_spec_8",359,182.03204,5.197,21,157,NA,182.03204,5.197,TRUE,46,"F359_S8","Feature 359
182.03 m/z @ 5.2 min
Rank: 46","F359",72,7.47058823529412
"802","feat_360_spec_1",360,182.03207,5.299,21,375,NA,182.03207,5.299,FALSE,NA,"F360_S1","Feature 360
182.03 m/z @ 5.3 min",NA,2,4.76470588235294
"803","feat_360_spec_2",360,182.03207,5.299,15,375,NA,182.03207,5.299,FALSE,NA,"F360_S2","Feature 360
182.03 m/z @ 5.3 min",NA,71,4.17647058823529
"804","feat_360_spec_3",360,182.03207,5.299,21,375,NA,182.03207,5.299,FALSE,NA,"F360_S3","Feature 360
182.03 m/z @ 5.3 min",NA,2,4.76470588235294
"805","feat_360_spec_4",360,182.03207,5.299,21,375,NA,182.03207,5.299,FALSE,NA,"F360_S4","Feature 360
182.03 m/z @ 5.3 min",NA,72,4.76470588235294
"806","feat_361_spec_1",361,182.03209,5.827,22,760,"[Similar to: NP-003800; ΔMass: -14.0658 Da]",182.03209,5.827,FALSE,NA,"F361_S1","[Similar to: NP-003800; ΔMass: -14.0658 Da]
182.03 m/z @ 5.83 min",NA,2,4.86274509803922
"807","feat_361_spec_2",361,182.03209,5.827,14,760,"[Similar to: NP-003800; ΔMass: -14.0658 Da]",182.03209,5.827,FALSE,NA,"F361_S2","[Similar to: NP-003800; ΔMass: -14.0658 Da]
182.03 m/z @ 5.83 min",NA,71,4.07843137254902
"808","feat_361_spec_3",361,182.03209,5.827,15,760,"[Similar to: NP-003800; ΔMass: -14.0658 Da]",182.03209,5.827,FALSE,NA,"F361_S3","[Similar to: NP-003800; ΔMass: -14.0658 Da]
182.03 m/z @ 5.83 min",NA,2,4.17647058823529
"809","feat_361_spec_4",361,182.03209,5.827,11,760,"[Similar to: NP-003800; ΔMass: -14.0658 Da]",182.03209,5.827,FALSE,NA,"F361_S4","[Similar to: NP-003800; ΔMass: -14.0658 Da]
182.03 m/z @ 5.83 min",NA,71,3.7843137254902
"814","feat_364_spec_1",364,242.99117,8.622,22,1711,"3-Phosphonooxypyruvic acid",242.99117,8.622,FALSE,NA,"F364_S1","3-Phosphonooxypyruvic acid
242.99 m/z @ 8.62 min",NA,44,4.86274509803922
"815","feat_364_spec_2",364,242.99117,8.622,13,1711,"3-Phosphonooxypyruvic acid",242.99117,8.622,FALSE,NA,"F364_S2","3-Phosphonooxypyruvic acid
242.99 m/z @ 8.62 min",NA,44,3.98039215686275
"816","feat_364_spec_3",364,242.99117,8.622,25,1711,"3-Phosphonooxypyruvic acid",242.99117,8.622,FALSE,NA,"F364_S3","3-Phosphonooxypyruvic acid
242.99 m/z @ 8.62 min",NA,44,5.15686274509804
"817","feat_364_spec_4",364,242.99117,8.622,13,1711,"3-Phosphonooxypyruvic acid",242.99117,8.622,FALSE,NA,"F364_S4","3-Phosphonooxypyruvic acid
242.99 m/z @ 8.62 min",NA,44,3.98039215686275
"818","feat_366_spec_1",366,183.01606,5.293,19,1524,"5-hydroxyisouric acid",183.01606,5.293,FALSE,NA,"F366_S1","5-hydroxyisouric acid
183.02 m/z @ 5.29 min",NA,2,4.56862745098039
"820","feat_366_spec_3",366,183.01606,5.293,29,1524,"5-hydroxyisouric acid",183.01606,5.293,FALSE,NA,"F366_S3","5-hydroxyisouric acid
183.02 m/z @ 5.29 min",NA,2,5.54901960784314
"821","feat_366_spec_4",366,183.01606,5.293,27,1524,"5-hydroxyisouric acid",183.01606,5.293,FALSE,NA,"F366_S4","5-hydroxyisouric acid
183.02 m/z @ 5.29 min",NA,73,5.35294117647059
"822","feat_368_spec_1",368,183.0161,3.868,23,1235,"5-hydroxyisouric acid",183.0161,3.868,FALSE,NA,"F368_S1","5-hydroxyisouric acid
183.02 m/z @ 3.87 min",NA,74,4.96078431372549
"824","feat_368_spec_3",368,183.0161,3.868,19,1235,"5-hydroxyisouric acid",183.0161,3.868,FALSE,NA,"F368_S3","5-hydroxyisouric acid
183.02 m/z @ 3.87 min",NA,74,4.56862745098039
"828","feat_374_spec_1",374,184.00013,4.016,26,508,NA,184.00013,4.016,FALSE,NA,"F374_S1","Feature 374
184 m/z @ 4.02 min",NA,2,5.25490196078431
"829","feat_374_spec_2",374,184.00013,4.016,20,508,NA,184.00013,4.016,FALSE,NA,"F374_S2","Feature 374
184 m/z @ 4.02 min",NA,75,4.66666666666667
"830","feat_374_spec_3",374,184.00013,4.016,22,508,NA,184.00013,4.016,FALSE,NA,"F374_S3","Feature 374
184 m/z @ 4.02 min",NA,2,4.86274509803922
"831","feat_374_spec_4",374,184.00013,4.016,12,508,NA,184.00013,4.016,FALSE,NA,"F374_S4","Feature 374
184 m/z @ 4.02 min",NA,75,3.88235294117647
"832","feat_377_spec_1",377,185.07481,5.609,18,3346,NA,185.07481,5.609,FALSE,NA,"F377_S1","Feature 377
185.07 m/z @ 5.61 min",NA,15,4.47058823529412
"833","feat_377_spec_2",377,185.07481,5.609,15,3346,NA,185.07481,5.609,FALSE,NA,"F377_S2","Feature 377
185.07 m/z @ 5.61 min",NA,15,4.17647058823529
"834","feat_377_spec_3",377,185.07481,5.609,15,3346,NA,185.07481,5.609,FALSE,NA,"F377_S3","Feature 377
185.07 m/z @ 5.61 min",NA,15,4.17647058823529
"835","feat_377_spec_4",377,185.07481,5.609,19,3346,NA,185.07481,5.609,FALSE,NA,"F377_S4","Feature 377
185.07 m/z @ 5.61 min",NA,76,4.56862745098039
"836","feat_378_spec_1",378,185.07486,5.342,15,4825,NA,185.07486,5.342,FALSE,NA,"F378_S1","Feature 378
185.07 m/z @ 5.34 min",NA,15,4.17647058823529
"837","feat_378_spec_2",378,185.07486,5.342,12,4825,NA,185.07486,5.342,FALSE,NA,"F378_S2","Feature 378
185.07 m/z @ 5.34 min",NA,15,3.88235294117647
"838","feat_378_spec_3",378,185.07486,5.342,10,4825,NA,185.07486,5.342,FALSE,NA,"F378_S3","Feature 378
185.07 m/z @ 5.34 min",NA,15,3.68627450980392
"839","feat_378_spec_4",378,185.07486,5.342,15,4825,NA,185.07486,5.342,FALSE,NA,"F378_S4","Feature 378
185.07 m/z @ 5.34 min",NA,15,4.17647058823529
"842","feat_382_spec_1",382,186.07729,6.81,15,626,"NP-019722",186.07729,6.81,FALSE,NA,"F382_S1","NP-019722
186.08 m/z @ 6.81 min",NA,28,4.17647058823529
"843","feat_382_spec_2",382,186.07729,6.81,13,626,"NP-019722",186.07729,6.81,FALSE,NA,"F382_S2","NP-019722
186.08 m/z @ 6.81 min",NA,29,3.98039215686275
"844","feat_382_spec_3",382,186.07729,6.81,16,626,"NP-019722",186.07729,6.81,FALSE,NA,"F382_S3","NP-019722
186.08 m/z @ 6.81 min",NA,28,4.27450980392157
"845","feat_382_spec_4",382,186.07729,6.81,12,626,"NP-019722",186.07729,6.81,FALSE,NA,"F382_S4","NP-019722
186.08 m/z @ 6.81 min",NA,29,3.88235294117647
"848","feat_383_spec_1",383,186.07728,6.557,28,422,"NP-019722",186.07728,6.557,FALSE,NA,"F383_S1","NP-019722
186.08 m/z @ 6.56 min",NA,28,5.45098039215686
"849","feat_383_spec_2",383,186.07728,6.557,13,422,"NP-019722",186.07728,6.557,FALSE,NA,"F383_S2","NP-019722
186.08 m/z @ 6.56 min",NA,29,3.98039215686275
"850","feat_383_spec_3",383,186.07728,6.557,23,422,"NP-019722",186.07728,6.557,FALSE,NA,"F383_S3","NP-019722
186.08 m/z @ 6.56 min",NA,28,4.96078431372549
"851","feat_383_spec_4",383,186.07728,6.557,11,422,"NP-019722",186.07728,6.557,FALSE,NA,"F383_S4","NP-019722
186.08 m/z @ 6.56 min",NA,29,3.7843137254902
"852","feat_383_spec_5",383,186.07728,6.557,15,422,"NP-019722",186.07728,6.557,FALSE,NA,"F383_S5","NP-019722
186.08 m/z @ 6.56 min",NA,28,4.17647058823529
"853","feat_383_spec_6",383,186.07728,6.557,11,422,"NP-019722",186.07728,6.557,FALSE,NA,"F383_S6","NP-019722
186.08 m/z @ 6.56 min",NA,29,3.7843137254902
"854","feat_383_spec_7",383,186.07728,6.557,15,422,"NP-019722",186.07728,6.557,FALSE,NA,"F383_S7","NP-019722
186.08 m/z @ 6.56 min",NA,28,4.17647058823529
"855","feat_383_spec_8",383,186.07728,6.557,10,422,"NP-019722",186.07728,6.557,FALSE,NA,"F383_S8","NP-019722
186.08 m/z @ 6.56 min",NA,29,3.68627450980392
"863","feat_384_spec_1",384,187.00149,9.193,23,1965,NA,187.00149,9.193,FALSE,NA,"F384_S1","Feature 384
187 m/z @ 9.19 min",NA,2,4.96078431372549
"864","feat_384_spec_2",384,187.00149,9.193,9,1965,NA,187.00149,9.193,FALSE,NA,"F384_S2","Feature 384
187 m/z @ 9.19 min",NA,2,3.58823529411765
"865","feat_384_spec_3",384,187.00149,9.193,15,1965,NA,187.00149,9.193,FALSE,NA,"F384_S3","Feature 384
187 m/z @ 9.19 min",NA,2,4.17647058823529
"866","feat_384_spec_4",384,187.00149,9.193,8,1965,NA,187.00149,9.193,FALSE,NA,"F384_S4","Feature 384
187 m/z @ 9.19 min",NA,2,3.49019607843137
"867","feat_384_spec_5",384,187.00149,9.193,13,1965,NA,187.00149,9.193,FALSE,NA,"F384_S5","Feature 384
187 m/z @ 9.19 min",NA,2,3.98039215686275
"868","feat_384_spec_6",384,187.00149,9.193,12,1965,NA,187.00149,9.193,FALSE,NA,"F384_S6","Feature 384
187 m/z @ 9.19 min",NA,2,3.88235294117647
"869","feat_384_spec_7",384,187.00149,9.193,15,1965,NA,187.00149,9.193,FALSE,NA,"F384_S7","Feature 384
187 m/z @ 9.19 min",NA,2,4.17647058823529
"870","feat_384_spec_8",384,187.00149,9.193,23,1965,NA,187.00149,9.193,FALSE,NA,"F384_S8","Feature 384
187 m/z @ 9.19 min",NA,2,4.96078431372549
"871","feat_385_spec_1",385,187.00292,4.836,17,2711,NA,187.00292,4.836,FALSE,NA,"F385_S1","Feature 385
187 m/z @ 4.84 min",NA,2,4.37254901960784
"872","feat_385_spec_2",385,187.00292,4.836,14,2711,NA,187.00292,4.836,FALSE,NA,"F385_S2","Feature 385
187 m/z @ 4.84 min",NA,2,4.07843137254902
"873","feat_385_spec_3",385,187.00292,4.836,25,2711,NA,187.00292,4.836,FALSE,NA,"F385_S3","Feature 385
187 m/z @ 4.84 min",NA,2,5.15686274509804
"874","feat_385_spec_4",385,187.00292,4.836,10,2711,NA,187.00292,4.836,FALSE,NA,"F385_S4","Feature 385
187 m/z @ 4.84 min",NA,2,3.68627450980392
"875","feat_387_spec_1",387,187.00803,9.063,30,3016,NA,187.00803,9.063,FALSE,NA,"F387_S1","Feature 387
187.01 m/z @ 9.06 min",NA,2,5.64705882352941
"876","feat_387_spec_2",387,187.00803,9.063,20,3016,NA,187.00803,9.063,FALSE,NA,"F387_S2","Feature 387
187.01 m/z @ 9.06 min",NA,2,4.66666666666667
"877","feat_387_spec_3",387,187.00803,9.063,12,3016,NA,187.00803,9.063,FALSE,NA,"F387_S3","Feature 387
187.01 m/z @ 9.06 min",NA,2,3.88235294117647
"878","feat_387_spec_4",387,187.00803,9.063,16,3016,NA,187.00803,9.063,FALSE,NA,"F387_S4","Feature 387
187.01 m/z @ 9.06 min",NA,2,4.27450980392157
"879","feat_389_spec_1",389,187.02247,9.088,18,4751,NA,187.02247,9.088,FALSE,NA,"F389_S1","Feature 389
187.02 m/z @ 9.09 min",NA,2,4.47058823529412
"880","feat_389_spec_2",389,187.02247,9.088,12,4751,NA,187.02247,9.088,FALSE,NA,"F389_S2","Feature 389
187.02 m/z @ 9.09 min",NA,2,3.88235294117647
"881","feat_391_spec_1",391,187.04201,0.752,18,2,NA,187.04201,0.752,FALSE,NA,"F391_S1","Feature 391
187.04 m/z @ 0.75 min",NA,77,4.47058823529412
"882","feat_391_spec_2",391,187.04201,0.752,8,2,NA,187.04201,0.752,FALSE,NA,"F391_S2","Feature 391
187.04 m/z @ 0.75 min",NA,78,3.49019607843137
"883","feat_391_spec_3",391,187.04201,0.752,14,2,NA,187.04201,0.752,FALSE,NA,"F391_S3","Feature 391
187.04 m/z @ 0.75 min",NA,79,4.07843137254902
"884","feat_391_spec_4",391,187.04201,0.752,13,2,NA,187.04201,0.752,FALSE,NA,"F391_S4","Feature 391
187.04 m/z @ 0.75 min",NA,80,3.98039215686275
"889","feat_393_spec_5",393,187.0421,0.819,18,1570,NA,187.0421,0.819,FALSE,NA,"F393_S5","Feature 393
187.04 m/z @ 0.82 min",NA,77,4.47058823529412
"890","feat_393_spec_6",393,187.0421,0.819,8,1570,NA,187.0421,0.819,FALSE,NA,"F393_S6","Feature 393
187.04 m/z @ 0.82 min",NA,78,3.49019607843137
"891","feat_393_spec_7",393,187.0421,0.819,14,1570,NA,187.0421,0.819,FALSE,NA,"F393_S7","Feature 393
187.04 m/z @ 0.82 min",NA,79,4.07843137254902
"892","feat_393_spec_8",393,187.0421,0.819,13,1570,NA,187.0421,0.819,FALSE,NA,"F393_S8","Feature 393
187.04 m/z @ 0.82 min",NA,80,3.98039215686275
"893","feat_395_spec_1",395,188.03541,5.739,13,299,"Kynurenic acid",188.03541,5.739,FALSE,NA,"F395_S1","Kynurenic acid
188.04 m/z @ 5.74 min",NA,81,3.98039215686275
"894","feat_395_spec_2",395,188.03541,5.739,12,299,"Kynurenic acid",188.03541,5.739,FALSE,NA,"F395_S2","Kynurenic acid
188.04 m/z @ 5.74 min",NA,82,3.88235294117647
"895","feat_395_spec_3",395,188.03541,5.739,18,299,"Kynurenic acid",188.03541,5.739,FALSE,NA,"F395_S3","Kynurenic acid
188.04 m/z @ 5.74 min",NA,83,4.47058823529412
"896","feat_395_spec_4",395,188.03541,5.739,11,299,"Kynurenic acid",188.03541,5.739,FALSE,NA,"F395_S4","Kynurenic acid
188.04 m/z @ 5.74 min",NA,84,3.7843137254902
"897","feat_395_spec_5",395,188.03541,5.739,14,299,"Kynurenic acid",188.03541,5.739,FALSE,NA,"F395_S5","Kynurenic acid
188.04 m/z @ 5.74 min",NA,85,4.07843137254902
"898","feat_395_spec_6",395,188.03541,5.739,12,299,"Kynurenic acid",188.03541,5.739,FALSE,NA,"F395_S6","Kynurenic acid
188.04 m/z @ 5.74 min",NA,86,3.88235294117647
"899","feat_396_spec_1",396,188.03545,5.692,13,229,"α-Cyano-3-hydroxycinnamic acid",188.03545,5.692,FALSE,NA,"F396_S1","α-Cyano-3-hydroxycinnamic acid
188.04 m/z @ 5.69 min",NA,81,3.98039215686275
"900","feat_396_spec_2",396,188.03545,5.692,12,229,"α-Cyano-3-hydroxycinnamic acid",188.03545,5.692,FALSE,NA,"F396_S2","α-Cyano-3-hydroxycinnamic acid
188.04 m/z @ 5.69 min",NA,82,3.88235294117647
"901","feat_396_spec_3",396,188.03545,5.692,18,229,"α-Cyano-3-hydroxycinnamic acid",188.03545,5.692,FALSE,NA,"F396_S3","α-Cyano-3-hydroxycinnamic acid
188.04 m/z @ 5.69 min",NA,83,4.47058823529412
"902","feat_396_spec_4",396,188.03545,5.692,11,229,"α-Cyano-3-hydroxycinnamic acid",188.03545,5.692,FALSE,NA,"F396_S4","α-Cyano-3-hydroxycinnamic acid
188.04 m/z @ 5.69 min",NA,84,3.7843137254902
"903","feat_396_spec_5",396,188.03545,5.692,14,229,"α-Cyano-3-hydroxycinnamic acid",188.03545,5.692,FALSE,NA,"F396_S5","α-Cyano-3-hydroxycinnamic acid
188.04 m/z @ 5.69 min",NA,85,4.07843137254902
"904","feat_396_spec_6",396,188.03545,5.692,12,229,"α-Cyano-3-hydroxycinnamic acid",188.03545,5.692,FALSE,NA,"F396_S6","α-Cyano-3-hydroxycinnamic acid
188.04 m/z @ 5.69 min",NA,86,3.88235294117647
"905","feat_397_spec_1",397,188.03544,5.776,13,164,"Kynurenic acid",188.03544,5.776,FALSE,NA,"F397_S1","Kynurenic acid
188.04 m/z @ 5.78 min",NA,81,3.98039215686275
"906","feat_397_spec_2",397,188.03544,5.776,12,164,"Kynurenic acid",188.03544,5.776,FALSE,NA,"F397_S2","Kynurenic acid
188.04 m/z @ 5.78 min",NA,82,3.88235294117647
"921","feat_406_spec_1",406,190.96548,3.857,27,148,NA,190.96548,3.857,FALSE,NA,"F406_S1","Feature 406
190.97 m/z @ 3.86 min",NA,31,5.35294117647059
"922","feat_406_spec_2",406,190.96548,3.857,15,148,NA,190.96548,3.857,FALSE,NA,"F406_S2","Feature 406
190.97 m/z @ 3.86 min",NA,31,4.17647058823529
"923","feat_406_spec_3",406,190.96548,3.857,18,148,NA,190.96548,3.857,FALSE,NA,"F406_S3","Feature 406
190.97 m/z @ 3.86 min",NA,31,4.47058823529412
"924","feat_406_spec_4",406,190.96548,3.857,20,148,NA,190.96548,3.857,FALSE,NA,"F406_S4","Feature 406
190.97 m/z @ 3.86 min",NA,31,4.66666666666667
"925","feat_406_spec_5",406,190.96548,3.857,13,148,NA,190.96548,3.857,FALSE,NA,"F406_S5","Feature 406
190.97 m/z @ 3.86 min",NA,32,3.98039215686275
"926","feat_406_spec_6",406,190.96548,3.857,17,148,NA,190.96548,3.857,FALSE,NA,"F406_S6","Feature 406
190.97 m/z @ 3.86 min",NA,33,4.37254901960784
"927","feat_406_spec_7",406,190.96548,3.857,19,148,NA,190.96548,3.857,FALSE,NA,"F406_S7","Feature 406
190.97 m/z @ 3.86 min",NA,32,4.56862745098039
"928","feat_406_spec_8",406,190.96548,3.857,20,148,NA,190.96548,3.857,FALSE,NA,"F406_S8","Feature 406
190.97 m/z @ 3.86 min",NA,33,4.66666666666667
"929","feat_407_spec_1",407,190.96549,4.066,22,1389,NA,190.96549,4.066,FALSE,NA,"F407_S1","Feature 407
190.97 m/z @ 4.07 min",NA,31,4.86274509803922
"930","feat_407_spec_2",407,190.96549,4.066,13,1389,NA,190.96549,4.066,FALSE,NA,"F407_S2","Feature 407
190.97 m/z @ 4.07 min",NA,31,3.98039215686275
"931","feat_407_spec_3",407,190.96549,4.066,19,1389,NA,190.96549,4.066,FALSE,NA,"F407_S3","Feature 407
190.97 m/z @ 4.07 min",NA,31,4.56862745098039
"932","feat_407_spec_4",407,190.96549,4.066,19,1389,NA,190.96549,4.066,FALSE,NA,"F407_S4","Feature 407
190.97 m/z @ 4.07 min",NA,31,4.56862745098039
"933","feat_407_spec_5",407,190.96549,4.066,12,1389,NA,190.96549,4.066,FALSE,NA,"F407_S5","Feature 407
190.97 m/z @ 4.07 min",NA,32,3.88235294117647
"934","feat_407_spec_6",407,190.96549,4.066,21,1389,NA,190.96549,4.066,FALSE,NA,"F407_S6","Feature 407
190.97 m/z @ 4.07 min",NA,33,4.76470588235294
"939","feat_409_spec_1",409,429.19512,0.759,20,3798,NA,429.19512,0.759,FALSE,NA,"F409_S1","Feature 409
429.2 m/z @ 0.76 min",NA,31,4.66666666666667
"940","feat_409_spec_2",409,429.19512,0.759,21,3798,NA,429.19512,0.759,FALSE,NA,"F409_S2","Feature 409
429.2 m/z @ 0.76 min",NA,87,4.76470588235294
"941","feat_409_spec_3",409,429.19512,0.759,20,3798,NA,429.19512,0.759,FALSE,NA,"F409_S3","Feature 409
429.2 m/z @ 0.76 min",NA,31,4.66666666666667
"942","feat_409_spec_4",409,429.19512,0.759,14,3798,NA,429.19512,0.759,FALSE,NA,"F409_S4","Feature 409
429.2 m/z @ 0.76 min",NA,88,4.07843137254902
"943","feat_412_spec_1",412,192.08263,5.181,13,7858,NA,192.08263,5.181,FALSE,NA,"F412_S1","Feature 412
192.08 m/z @ 5.18 min",NA,15,3.98039215686275
"944","feat_412_spec_2",412,192.08263,5.181,12,7858,NA,192.08263,5.181,FALSE,NA,"F412_S2","Feature 412
192.08 m/z @ 5.18 min",NA,89,3.88235294117647
"945","feat_412_spec_3",412,192.08263,5.181,20,7858,NA,192.08263,5.181,FALSE,NA,"F412_S3","Feature 412
192.08 m/z @ 5.18 min",NA,15,4.66666666666667
"946","feat_412_spec_4",412,192.08263,5.181,16,7858,NA,192.08263,5.181,FALSE,NA,"F412_S4","Feature 412
192.08 m/z @ 5.18 min",NA,90,4.27450980392157
"947","feat_415_spec_1",415,229.01196,8.608,18,2662,"D-Ribulose 5-phosphate",229.01196,8.608,FALSE,NA,"F415_S1","D-Ribulose 5-phosphate
229.01 m/z @ 8.61 min",NA,2,4.47058823529412
"948","feat_415_spec_2",415,229.01196,8.608,12,2662,"D-Ribulose 5-phosphate",229.01196,8.608,FALSE,NA,"F415_S2","D-Ribulose 5-phosphate
229.01 m/z @ 8.61 min",NA,91,3.88235294117647
"953","feat_418_spec_1",418,193.07191,3.814,18,3159,"methyl α-D-mannoside",193.07191,3.814,FALSE,NA,"F418_S1","methyl α-D-mannoside
193.07 m/z @ 3.81 min",NA,2,4.47058823529412
"954","feat_418_spec_2",418,193.07191,3.814,22,3159,"methyl α-D-mannoside",193.07191,3.814,FALSE,NA,"F418_S2","methyl α-D-mannoside
193.07 m/z @ 3.81 min",NA,2,4.86274509803922
"955","feat_418_spec_3",418,193.07191,3.814,14,3159,"methyl α-D-mannoside",193.07191,3.814,FALSE,NA,"F418_S3","methyl α-D-mannoside
193.07 m/z @ 3.81 min",NA,2,4.07843137254902
"956","feat_418_spec_4",418,193.07191,3.814,15,3159,"methyl α-D-mannoside",193.07191,3.814,FALSE,NA,"F418_S4","methyl α-D-mannoside
193.07 m/z @ 3.81 min",NA,2,4.17647058823529
"957","feat_418_spec_5",418,193.07191,3.814,20,3159,"methyl α-D-mannoside",193.07191,3.814,FALSE,NA,"F418_S5","methyl α-D-mannoside
193.07 m/z @ 3.81 min",NA,2,4.66666666666667
"958","feat_418_spec_6",418,193.07191,3.814,15,3159,"methyl α-D-mannoside",193.07191,3.814,FALSE,NA,"F418_S6","methyl α-D-mannoside
193.07 m/z @ 3.81 min",NA,2,4.17647058823529
"959","feat_420_spec_1",420,195.02732,4.385,23,1800,NA,195.02732,4.385,FALSE,NA,"F420_S1","Feature 420
195.03 m/z @ 4.38 min",NA,31,4.96078431372549
"960","feat_420_spec_2",420,195.02732,4.385,23,1800,NA,195.02732,4.385,FALSE,NA,"F420_S2","Feature 420
195.03 m/z @ 4.38 min",NA,92,4.96078431372549
"961","feat_420_spec_3",420,195.02732,4.385,23,1800,NA,195.02732,4.385,FALSE,NA,"F420_S3","Feature 420
195.03 m/z @ 4.38 min",NA,31,4.96078431372549
"962","feat_420_spec_4",420,195.02732,4.385,17,1800,NA,195.02732,4.385,FALSE,NA,"F420_S4","Feature 420
195.03 m/z @ 4.38 min",NA,92,4.37254901960784
"963","feat_420_spec_5",420,195.02732,4.385,19,1800,NA,195.02732,4.385,FALSE,NA,"F420_S5","Feature 420
195.03 m/z @ 4.38 min",NA,31,4.56862745098039
"964","feat_420_spec_6",420,195.02732,4.385,13,1800,NA,195.02732,4.385,FALSE,NA,"F420_S6","Feature 420
195.03 m/z @ 4.38 min",NA,92,3.98039215686275
"972","feat_425_spec_1",425,196.01137,3.671,27,168,NA,196.01137,3.671,FALSE,NA,"F425_S1","Feature 425
196.01 m/z @ 3.67 min",NA,2,5.35294117647059
"973","feat_425_spec_2",425,196.01137,3.671,16,168,NA,196.01137,3.671,FALSE,NA,"F425_S2","Feature 425
196.01 m/z @ 3.67 min",NA,93,4.27450980392157
"974","feat_425_spec_3",425,196.01137,3.671,29,168,NA,196.01137,3.671,FALSE,NA,"F425_S3","Feature 425
196.01 m/z @ 3.67 min",NA,2,5.54901960784314
"975","feat_425_spec_4",425,196.01137,3.671,15,168,NA,196.01137,3.671,FALSE,NA,"F425_S4","Feature 425
196.01 m/z @ 3.67 min",NA,93,4.17647058823529
"978","feat_426_spec_1",426,196.01136,4.216,25,1483,NA,196.01136,4.216,FALSE,NA,"F426_S1","Feature 426
196.01 m/z @ 4.22 min",NA,2,5.15686274509804
"979","feat_426_spec_2",426,196.01136,4.216,16,1483,NA,196.01136,4.216,FALSE,NA,"F426_S2","Feature 426
196.01 m/z @ 4.22 min",NA,93,4.27450980392157
"980","feat_426_spec_3",426,196.01136,4.216,18,1483,NA,196.01136,4.216,FALSE,NA,"F426_S3","Feature 426
196.01 m/z @ 4.22 min",NA,2,4.47058823529412
"982","feat_427_spec_1",427,196.01137,4.084,23,1476,NA,196.01137,4.084,FALSE,NA,"F427_S1","Feature 427
196.01 m/z @ 4.08 min",NA,2,4.96078431372549
"983","feat_427_spec_2",427,196.01137,4.084,22,1476,NA,196.01137,4.084,FALSE,NA,"F427_S2","Feature 427
196.01 m/z @ 4.08 min",NA,93,4.86274509803922
"984","feat_427_spec_3",427,196.01137,4.084,20,1476,NA,196.01137,4.084,FALSE,NA,"F427_S3","Feature 427
196.01 m/z @ 4.08 min",NA,2,4.66666666666667
"987","feat_427_spec_6",427,196.01137,4.084,25,1476,NA,196.01137,4.084,FALSE,NA,"F427_S6","Feature 427
196.01 m/z @ 4.08 min",NA,2,5.15686274509804
"988","feat_427_spec_7",427,196.01137,4.084,11,1476,NA,196.01137,4.084,FALSE,NA,"F427_S7","Feature 427
196.01 m/z @ 4.08 min",NA,93,3.7843137254902
"989","feat_427_spec_8",427,196.01137,4.084,19,1476,NA,196.01137,4.084,FALSE,NA,"F427_S8","Feature 427
196.01 m/z @ 4.08 min",NA,2,4.56862745098039
"995","feat_429_spec_1",429,196.04767,5.277,16,464,NA,196.04767,5.277,TRUE,279,"F429_S1","Feature 429
196.05 m/z @ 5.28 min
Rank: 279","F429",94,6.7843137254902
"996","feat_429_spec_2",429,196.04767,5.277,15,464,NA,196.04767,5.277,TRUE,279,"F429_S2","Feature 429
196.05 m/z @ 5.28 min
Rank: 279","F429",95,6.64705882352941
"997","feat_429_spec_3",429,196.04767,5.277,22,464,NA,196.04767,5.277,TRUE,279,"F429_S3","Feature 429
196.05 m/z @ 5.28 min
Rank: 279","F429",94,7.6078431372549
"998","feat_430_spec_1",430,196.04769,5.34,16,452,NA,196.04769,5.34,FALSE,NA,"F430_S1","Feature 430
196.05 m/z @ 5.34 min",NA,94,4.27450980392157
"999","feat_430_spec_2",430,196.04769,5.34,15,452,NA,196.04769,5.34,FALSE,NA,"F430_S2","Feature 430
196.05 m/z @ 5.34 min",NA,95,4.17647058823529
"1000","feat_430_spec_3",430,196.04769,5.34,22,452,NA,196.04769,5.34,FALSE,NA,"F430_S3","Feature 430
196.05 m/z @ 5.34 min",NA,94,4.86274509803922
"1002","feat_431_spec_1",431,196.0477,4.459,10,2047,NA,196.0477,4.459,FALSE,NA,"F431_S1","Feature 431
196.05 m/z @ 4.46 min",NA,2,3.68627450980392
"1004","feat_436_spec_1",436,197.03177,4.495,36,133,"(E)-Nitrofurazone",197.03177,4.495,FALSE,NA,"F436_S1","(E)-Nitrofurazone
197.03 m/z @ 4.5 min",NA,2,6.23529411764706
"1005","feat_436_spec_2",436,197.03177,4.495,20,133,"(E)-Nitrofurazone",197.03177,4.495,FALSE,NA,"F436_S2","(E)-Nitrofurazone
197.03 m/z @ 4.5 min",NA,37,4.66666666666667
"1006","feat_436_spec_3",436,197.03177,4.495,26,133,"(E)-Nitrofurazone",197.03177,4.495,FALSE,NA,"F436_S3","(E)-Nitrofurazone
197.03 m/z @ 4.5 min",NA,2,5.25490196078431
"1007","feat_436_spec_4",436,197.03177,4.495,20,133,"(E)-Nitrofurazone",197.03177,4.495,FALSE,NA,"F436_S4","(E)-Nitrofurazone
197.03 m/z @ 4.5 min",NA,37,4.66666666666667
"1008","feat_436_spec_5",436,197.03177,4.495,13,133,"(E)-Nitrofurazone",197.03177,4.495,FALSE,NA,"F436_S5","(E)-Nitrofurazone
197.03 m/z @ 4.5 min",NA,2,3.98039215686275
"1009","feat_436_spec_6",436,197.03177,4.495,11,133,"(E)-Nitrofurazone",197.03177,4.495,FALSE,NA,"F436_S6","(E)-Nitrofurazone
197.03 m/z @ 4.5 min",NA,38,3.7843137254902
"1014","feat_444_spec_1",444,181.0005,3.647,18,1110,NA,181.0005,3.647,FALSE,NA,"F444_S1","Feature 444
181 m/z @ 3.65 min",NA,69,4.47058823529412
"1015","feat_444_spec_2",444,181.0005,3.647,14,1110,NA,181.0005,3.647,FALSE,NA,"F444_S2","Feature 444
181 m/z @ 3.65 min",NA,70,4.07843137254902
"1016","feat_445_spec_1",445,245.04319,7.781,12,3430,"[Similar to: Oleoyl-L-α-lysophosphatidic acid; ΔMass: -236.2140 Da]",245.04319,7.781,FALSE,NA,"F445_S1","[Similar to: Oleoyl-L-α-lysophosphatidic acid; ΔMass: -236.2140 Da]
245.04 m/z @ 7.78 min",NA,2,3.88235294117647
"1017","feat_445_spec_2",445,245.04319,7.781,10,3430,"[Similar to: Oleoyl-L-α-lysophosphatidic acid; ΔMass: -236.2140 Da]",245.04319,7.781,FALSE,NA,"F445_S2","[Similar to: Oleoyl-L-α-lysophosphatidic acid; ΔMass: -236.2140 Da]
245.04 m/z @ 7.78 min",NA,96,3.68627450980392
"1018","feat_445_spec_3",445,245.04319,7.781,18,3430,"[Similar to: Oleoyl-L-α-lysophosphatidic acid; ΔMass: -236.2140 Da]",245.04319,7.781,FALSE,NA,"F445_S3","[Similar to: Oleoyl-L-α-lysophosphatidic acid; ΔMass: -236.2140 Da]
245.04 m/z @ 7.78 min",NA,2,4.47058823529412
"1019","feat_445_spec_4",445,245.04319,7.781,12,3430,"[Similar to: Oleoyl-L-α-lysophosphatidic acid; ΔMass: -236.2140 Da]",245.04319,7.781,FALSE,NA,"F445_S4","[Similar to: Oleoyl-L-α-lysophosphatidic acid; ΔMass: -236.2140 Da]
245.04 m/z @ 7.78 min",NA,97,3.88235294117647
"1026","feat_450_spec_1",450,459.24632,8.486,22,2174,NA,459.24632,8.486,FALSE,NA,"F450_S1","Feature 450
459.25 m/z @ 8.49 min",NA,98,4.86274509803922
"1027","feat_450_spec_2",450,459.24632,8.486,15,2174,NA,459.24632,8.486,FALSE,NA,"F450_S2","Feature 450
459.25 m/z @ 8.49 min",NA,99,4.17647058823529
"1034","feat_453_spec_1",453,200.91203,4.007,22,6240,NA,200.91203,4.007,FALSE,NA,"F453_S1","Feature 453
200.91 m/z @ 4.01 min",NA,100,4.86274509803922
"1035","feat_453_spec_2",453,200.91203,4.007,15,6240,NA,200.91203,4.007,FALSE,NA,"F453_S2","Feature 453
200.91 m/z @ 4.01 min",NA,101,4.17647058823529
"1036","feat_453_spec_3",453,200.91203,4.007,11,6240,NA,200.91203,4.007,FALSE,NA,"F453_S3","Feature 453
200.91 m/z @ 4.01 min",NA,100,3.7843137254902
"1037","feat_453_spec_4",453,200.91203,4.007,10,6240,NA,200.91203,4.007,FALSE,NA,"F453_S4","Feature 453
200.91 m/z @ 4.01 min",NA,101,3.68627450980392
"1046","feat_461_spec_1",461,183.01608,5.328,29,1659,"5-hydroxy-2-oxo-4-ureido-2,5-dihydro-1H-imidazole-5-carboxylic acid",183.01608,5.328,FALSE,NA,"F461_S1","5-hydroxy-2-oxo-4-ureido-2,5-dihydro-1H-imidazole-5-carboxylic acid
183.02 m/z @ 5.33 min",NA,2,5.54901960784314
"1047","feat_461_spec_2",461,183.01608,5.328,27,1659,"5-hydroxy-2-oxo-4-ureido-2,5-dihydro-1H-imidazole-5-carboxylic acid",183.01608,5.328,FALSE,NA,"F461_S2","5-hydroxy-2-oxo-4-ureido-2,5-dihydro-1H-imidazole-5-carboxylic acid
183.02 m/z @ 5.33 min",NA,73,5.35294117647059
"1048","feat_462_spec_1",462,201.03813,9.088,14,1363,NA,201.03813,9.088,FALSE,NA,"F462_S1","Feature 462
201.04 m/z @ 9.09 min",NA,2,4.07843137254902
"1049","feat_462_spec_2",462,201.03813,9.088,13,1363,NA,201.03813,9.088,FALSE,NA,"F462_S2","Feature 462
201.04 m/z @ 9.09 min",NA,2,3.98039215686275
"1050","feat_462_spec_3",462,201.03813,9.088,14,1363,NA,201.03813,9.088,FALSE,NA,"F462_S3","Feature 462
201.04 m/z @ 9.09 min",NA,2,4.07843137254902
"1051","feat_462_spec_4",462,201.03813,9.088,8,1363,NA,201.03813,9.088,FALSE,NA,"F462_S4","Feature 462
201.04 m/z @ 9.09 min",NA,2,3.49019607843137
"1068","feat_472_spec_1",472,202.99642,9.108,12,5342,NA,202.99642,9.108,FALSE,NA,"F472_S1","Feature 472
203 m/z @ 9.11 min",NA,2,3.88235294117647
"1098","feat_487_spec_1",487,211.04743,3.996,26,1867,NA,211.04743,3.996,FALSE,NA,"F487_S1","Feature 487
211.05 m/z @ 4 min",NA,2,5.25490196078431
"1101","feat_488_spec_2",488,211.13412,0.705,11,1995,"Traumatin",211.13412,0.705,FALSE,NA,"F488_S2","Traumatin
211.13 m/z @ 0.7 min",NA,102,3.7843137254902
"1103","feat_488_spec_4",488,211.13412,0.705,19,1995,"Traumatin",211.13412,0.705,FALSE,NA,"F488_S4","Traumatin
211.13 m/z @ 0.7 min",NA,102,4.56862745098039
"1104","feat_489_spec_1",489,211.99663,8.637,12,5591,"3-Oxo-O-phosphono-L-homoserine",211.99663,8.637,FALSE,NA,"F489_S1","3-Oxo-O-phosphono-L-homoserine
212 m/z @ 8.64 min",NA,7,3.88235294117647
"1106","feat_489_spec_3",489,211.99663,8.637,14,5591,"3-Oxo-O-phosphono-L-homoserine",211.99663,8.637,FALSE,NA,"F489_S3","3-Oxo-O-phosphono-L-homoserine
212 m/z @ 8.64 min",NA,7,4.07843137254902
"1107","feat_489_spec_4",489,211.99663,8.637,16,5591,"3-Oxo-O-phosphono-L-homoserine",211.99663,8.637,FALSE,NA,"F489_S4","3-Oxo-O-phosphono-L-homoserine
212 m/z @ 8.64 min",NA,7,4.27450980392157
"1114","feat_497_spec_1",497,213.01705,8.576,20,715,"2-Deoxyribose 5-phosphate",213.01705,8.576,FALSE,NA,"F497_S1","2-Deoxyribose 5-phosphate
213.02 m/z @ 8.58 min",NA,2,4.66666666666667
"1115","feat_497_spec_2",497,213.01705,8.576,14,715,"2-Deoxyribose 5-phosphate",213.01705,8.576,FALSE,NA,"F497_S2","2-Deoxyribose 5-phosphate
213.02 m/z @ 8.58 min",NA,2,4.07843137254902
"1116","feat_497_spec_3",497,213.01705,8.576,14,715,"2-Deoxyribose 5-phosphate",213.01705,8.576,FALSE,NA,"F497_S3","2-Deoxyribose 5-phosphate
213.02 m/z @ 8.58 min",NA,2,4.07843137254902
"1117","feat_497_spec_4",497,213.01705,8.576,13,715,"2-Deoxyribose 5-phosphate",213.01705,8.576,FALSE,NA,"F497_S4","2-Deoxyribose 5-phosphate
213.02 m/z @ 8.58 min",NA,2,3.98039215686275
"1118","feat_500_spec_1",500,214.02151,4.631,15,10058,NA,214.02151,4.631,FALSE,NA,"F500_S1","Feature 500
214.02 m/z @ 4.63 min",NA,2,4.17647058823529
"1119","feat_500_spec_2",500,214.02151,4.631,19,10058,NA,214.02151,4.631,FALSE,NA,"F500_S2","Feature 500
214.02 m/z @ 4.63 min",NA,2,4.56862745098039
"1120","feat_500_spec_3",500,214.02151,4.631,17,10058,NA,214.02151,4.631,FALSE,NA,"F500_S3","Feature 500
214.02 m/z @ 4.63 min",NA,2,4.37254901960784
"1132","feat_513_spec_5",513,216.94465,7.023,8,2762,NA,216.94465,7.023,FALSE,NA,"F513_S5","Feature 513
216.94 m/z @ 7.02 min",NA,103,3.49019607843137
"1137","feat_514_spec_2",514,216.94467,6.61,20,1049,NA,216.94467,6.61,FALSE,NA,"F514_S2","Feature 514
216.94 m/z @ 6.61 min",NA,103,4.66666666666667
"1144","feat_515_spec_2",515,216.94472,6.813,12,3167,NA,216.94472,6.813,FALSE,NA,"F515_S2","Feature 515
216.94 m/z @ 6.81 min",NA,15,3.88235294117647
"1147","feat_518_spec_1",518,217.01204,9.114,18,1073,NA,217.01204,9.114,FALSE,NA,"F518_S1","Feature 518
217.01 m/z @ 9.11 min",NA,2,4.47058823529412
"1148","feat_518_spec_2",518,217.01204,9.114,14,1073,NA,217.01204,9.114,FALSE,NA,"F518_S2","Feature 518
217.01 m/z @ 9.11 min",NA,2,4.07843137254902
"1149","feat_518_spec_3",518,217.01204,9.114,18,1073,NA,217.01204,9.114,FALSE,NA,"F518_S3","Feature 518
217.01 m/z @ 9.11 min",NA,2,4.47058823529412
"1150","feat_518_spec_4",518,217.01204,9.114,5,1073,NA,217.01204,9.114,FALSE,NA,"F518_S4","Feature 518
217.01 m/z @ 9.11 min",NA,2,3.19607843137255
"1164","feat_522_spec_1",522,254.93526,5.098,17,3226,NA,254.93526,5.098,FALSE,NA,"F522_S1","Feature 522
254.94 m/z @ 5.1 min",NA,104,4.37254901960784
"1165","feat_522_spec_2",522,254.93526,5.098,10,3226,NA,254.93526,5.098,FALSE,NA,"F522_S2","Feature 522
254.94 m/z @ 5.1 min",NA,105,3.68627450980392
"1166","feat_522_spec_3",522,254.93526,5.098,20,3226,NA,254.93526,5.098,FALSE,NA,"F522_S3","Feature 522
254.94 m/z @ 5.1 min",NA,106,4.66666666666667
"1167","feat_522_spec_4",522,254.93526,5.098,14,3226,NA,254.93526,5.098,FALSE,NA,"F522_S4","Feature 522
254.94 m/z @ 5.1 min",NA,105,4.07843137254902
"1172","feat_529_spec_1",529,221.09323,6.695,19,9261,"H-Gln(Ph)-OH",221.09323,6.695,FALSE,NA,"F529_S1","H-Gln(Ph)-OH
221.09 m/z @ 6.7 min",NA,2,4.56862745098039
"1174","feat_532_spec_1",532,222.07727,6.583,14,2159,"N-Carbobenzoxy-β-alanine",222.07727,6.583,FALSE,NA,"F532_S1","N-Carbobenzoxy-β-alanine
222.08 m/z @ 6.58 min",NA,2,4.07843137254902
"1175","feat_532_spec_2",532,222.07727,6.583,19,2159,"N-Carbobenzoxy-β-alanine",222.07727,6.583,FALSE,NA,"F532_S2","N-Carbobenzoxy-β-alanine
222.08 m/z @ 6.58 min",NA,107,4.56862745098039
"1182","feat_540_spec_1",540,225.08818,6.435,18,7163,"porphobilinogen",225.08818,6.435,FALSE,NA,"F540_S1","porphobilinogen
225.09 m/z @ 6.43 min",NA,2,4.47058823529412
"1183","feat_540_spec_2",540,225.08818,6.435,19,7163,"porphobilinogen",225.08818,6.435,FALSE,NA,"F540_S2","porphobilinogen
225.09 m/z @ 6.43 min",NA,107,4.56862745098039
"1194","feat_550_spec_1",550,227.06751,3.922,21,1679,"deoxyuridine",227.06751,3.922,FALSE,NA,"F550_S1","deoxyuridine
227.07 m/z @ 3.92 min",NA,108,4.76470588235294
"1196","feat_550_spec_3",550,227.06751,3.922,21,1679,"deoxyuridine",227.06751,3.922,FALSE,NA,"F550_S3","deoxyuridine
227.07 m/z @ 3.92 min",NA,108,4.76470588235294
"1197","feat_550_spec_4",550,227.06751,3.922,21,1679,"deoxyuridine",227.06751,3.922,FALSE,NA,"F550_S4","deoxyuridine
227.07 m/z @ 3.92 min",NA,109,4.76470588235294
"1198","feat_550_spec_5",550,227.06751,3.922,21,1679,"deoxyuridine",227.06751,3.922,FALSE,NA,"F550_S5","deoxyuridine
227.07 m/z @ 3.92 min",NA,108,4.76470588235294
"1199","feat_550_spec_6",550,227.06751,3.922,24,1679,"deoxyuridine",227.06751,3.922,FALSE,NA,"F550_S6","deoxyuridine
227.07 m/z @ 3.92 min",NA,109,5.05882352941176
"1208","feat_557_spec_1",557,229.01194,8.622,18,1900,"D-Ribulose 5-phosphate",229.01194,8.622,FALSE,NA,"F557_S1","D-Ribulose 5-phosphate
229.01 m/z @ 8.62 min",NA,2,4.47058823529412
"1209","feat_557_spec_2",557,229.01194,8.622,12,1900,"D-Ribulose 5-phosphate",229.01194,8.622,FALSE,NA,"F557_S2","D-Ribulose 5-phosphate
229.01 m/z @ 8.62 min",NA,91,3.88235294117647
"1210","feat_558_spec_1",558,229.11948,7.318,20,143,"Valyl-4-hydroxyproline",229.11948,7.318,FALSE,NA,"F558_S1","Valyl-4-hydroxyproline
229.12 m/z @ 7.32 min",NA,110,4.66666666666667
"1211","feat_558_spec_2",558,229.11948,7.318,17,143,"Valyl-4-hydroxyproline",229.11948,7.318,FALSE,NA,"F558_S2","Valyl-4-hydroxyproline
229.12 m/z @ 7.32 min",NA,111,4.37254901960784
"1212","feat_558_spec_3",558,229.11948,7.318,28,143,"Valyl-4-hydroxyproline",229.11948,7.318,FALSE,NA,"F558_S3","Valyl-4-hydroxyproline
229.12 m/z @ 7.32 min",NA,110,5.45098039215686
"1213","feat_558_spec_4",558,229.11948,7.318,12,143,"Valyl-4-hydroxyproline",229.11948,7.318,FALSE,NA,"F558_S4","Valyl-4-hydroxyproline
229.12 m/z @ 7.32 min",NA,111,3.88235294117647
"1214","feat_558_spec_5",558,229.11948,7.318,10,143,"Valyl-4-hydroxyproline",229.11948,7.318,FALSE,NA,"F558_S5","Valyl-4-hydroxyproline
229.12 m/z @ 7.32 min",NA,110,3.68627450980392
"1216","feat_558_spec_7",558,229.11948,7.318,16,143,"Valyl-4-hydroxyproline",229.11948,7.318,FALSE,NA,"F558_S7","Valyl-4-hydroxyproline
229.12 m/z @ 7.32 min",NA,112,4.27450980392157
"1218","feat_558_spec_9",558,229.11948,7.318,10,143,"Valyl-4-hydroxyproline",229.11948,7.318,FALSE,NA,"F558_S9","Valyl-4-hydroxyproline
229.12 m/z @ 7.32 min",NA,112,3.68627450980392
"1226","feat_566_spec_1",566,234.95661,4.863,40,474,NA,234.95661,4.863,FALSE,NA,"F566_S1","Feature 566
234.96 m/z @ 4.86 min",NA,113,6.62745098039216
"1228","feat_567_spec_1",567,234.95662,5.107,20,2452,NA,234.95662,5.107,FALSE,NA,"F567_S1","Feature 567
234.96 m/z @ 5.11 min",NA,113,4.66666666666667
"1230","feat_575_spec_1",575,296.1729,9.773,21,904,NA,296.1729,9.773,FALSE,NA,"F575_S1","Feature 575
296.17 m/z @ 9.77 min",NA,2,4.76470588235294
"1231","feat_575_spec_2",575,296.1729,9.773,12,904,NA,296.1729,9.773,FALSE,NA,"F575_S2","Feature 575
296.17 m/z @ 9.77 min",NA,114,3.88235294117647
"1232","feat_575_spec_3",575,296.1729,9.773,20,904,NA,296.1729,9.773,FALSE,NA,"F575_S3","Feature 575
296.17 m/z @ 9.77 min",NA,2,4.66666666666667
"1233","feat_575_spec_4",575,296.1729,9.773,6,904,NA,296.1729,9.773,FALSE,NA,"F575_S4","Feature 575
296.17 m/z @ 9.77 min",NA,114,3.29411764705882
"1234","feat_575_spec_5",575,296.1729,9.773,23,904,NA,296.1729,9.773,FALSE,NA,"F575_S5","Feature 575
296.17 m/z @ 9.77 min",NA,2,4.96078431372549
"1235","feat_575_spec_6",575,296.1729,9.773,11,904,NA,296.1729,9.773,FALSE,NA,"F575_S6","Feature 575
296.17 m/z @ 9.77 min",NA,114,3.7843137254902
"1236","feat_575_spec_7",575,296.1729,9.773,26,904,NA,296.1729,9.773,FALSE,NA,"F575_S7","Feature 575
296.17 m/z @ 9.77 min",NA,2,5.25490196078431
"1237","feat_575_spec_8",575,296.1729,9.773,12,904,NA,296.1729,9.773,FALSE,NA,"F575_S8","Feature 575
296.17 m/z @ 9.77 min",NA,115,3.88235294117647
"1238","feat_575_spec_9",575,296.1729,9.773,17,904,NA,296.1729,9.773,FALSE,NA,"F575_S9","Feature 575
296.17 m/z @ 9.77 min",NA,2,4.37254901960784
"1239","feat_575_spec_10",575,296.1729,9.773,12,904,NA,296.1729,9.773,FALSE,NA,"F575_S10","Feature 575
296.17 m/z @ 9.77 min",NA,115,3.88235294117647
"1240","feat_575_spec_11",575,296.1729,9.773,9,904,NA,296.1729,9.773,FALSE,NA,"F575_S11","Feature 575
296.17 m/z @ 9.77 min",NA,2,3.58823529411765
"1241","feat_575_spec_12",575,296.1729,9.773,10,904,NA,296.1729,9.773,FALSE,NA,"F575_S12","Feature 575
296.17 m/z @ 9.77 min",NA,116,3.68627450980392
"1242","feat_575_spec_13",575,296.1729,9.773,21,904,NA,296.1729,9.773,FALSE,NA,"F575_S13","Feature 575
296.17 m/z @ 9.77 min",NA,2,4.76470588235294
"1243","feat_575_spec_14",575,296.1729,9.773,9,904,NA,296.1729,9.773,FALSE,NA,"F575_S14","Feature 575
296.17 m/z @ 9.77 min",NA,117,3.58823529411765
"1248","feat_578_spec_1",578,237.09152,8.256,23,397,"HEPES",237.09152,8.256,FALSE,NA,"F578_S1","HEPES
237.09 m/z @ 8.26 min",NA,15,4.96078431372549
"1249","feat_578_spec_2",578,237.09152,8.256,14,397,"HEPES",237.09152,8.256,FALSE,NA,"F578_S2","HEPES
237.09 m/z @ 8.26 min",NA,15,4.07843137254902
"1250","feat_578_spec_3",578,237.09152,8.256,22,397,"HEPES",237.09152,8.256,FALSE,NA,"F578_S3","HEPES
237.09 m/z @ 8.26 min",NA,15,4.86274509803922
"1251","feat_578_spec_4",578,237.09152,8.256,21,397,"HEPES",237.09152,8.256,FALSE,NA,"F578_S4","HEPES
237.09 m/z @ 8.26 min",NA,15,4.76470588235294
"1252","feat_578_spec_5",578,237.09152,8.256,17,397,"HEPES",237.09152,8.256,FALSE,NA,"F578_S5","HEPES
237.09 m/z @ 8.26 min",NA,118,4.37254901960784
"1253","feat_578_spec_6",578,237.09152,8.256,11,397,"HEPES",237.09152,8.256,FALSE,NA,"F578_S6","HEPES
237.09 m/z @ 8.26 min",NA,119,3.7843137254902
"1254","feat_578_spec_7",578,237.09152,8.256,12,397,"HEPES",237.09152,8.256,FALSE,NA,"F578_S7","HEPES
237.09 m/z @ 8.26 min",NA,2,3.88235294117647
"1256","feat_578_spec_9",578,237.09152,8.256,20,397,"HEPES",237.09152,8.256,FALSE,NA,"F578_S9","HEPES
237.09 m/z @ 8.26 min",NA,2,4.66666666666667
"1257","feat_578_spec_10",578,237.09152,8.256,25,397,"HEPES",237.09152,8.256,FALSE,NA,"F578_S10","HEPES
237.09 m/z @ 8.26 min",NA,107,5.15686274509804
"1258","feat_578_spec_11",578,237.09152,8.256,25,397,"HEPES",237.09152,8.256,FALSE,NA,"F578_S11","HEPES
237.09 m/z @ 8.26 min",NA,2,5.15686274509804
"1259","feat_578_spec_12",578,237.09152,8.256,19,397,"HEPES",237.09152,8.256,FALSE,NA,"F578_S12","HEPES
237.09 m/z @ 8.26 min",NA,107,4.56862745098039
"1260","feat_579_spec_1",579,237.09155,8.198,23,387,"HEPES",237.09155,8.198,TRUE,84,"F579_S1","HEPES
237.09 m/z @ 8.2 min
Rank: 84","HEPES",15,7.74509803921569
"1261","feat_579_spec_2",579,237.09155,8.198,14,387,"HEPES",237.09155,8.198,TRUE,84,"F579_S2","HEPES
237.09 m/z @ 8.2 min
Rank: 84","HEPES",15,6.50980392156863
"1262","feat_579_spec_3",579,237.09155,8.198,17,387,"HEPES",237.09155,8.198,TRUE,84,"F579_S3","HEPES
237.09 m/z @ 8.2 min
Rank: 84","HEPES",118,6.92156862745098
"1263","feat_579_spec_4",579,237.09155,8.198,11,387,"HEPES",237.09155,8.198,TRUE,84,"F579_S4","HEPES
237.09 m/z @ 8.2 min
Rank: 84","HEPES",119,6.09803921568627
"1264","feat_579_spec_5",579,237.09155,8.198,20,387,"HEPES",237.09155,8.198,TRUE,84,"F579_S5","HEPES
237.09 m/z @ 8.2 min
Rank: 84","HEPES",2,7.33333333333333
"1265","feat_581_spec_1",581,237.14978,4.438,27,1405,"3,4-Dimethyl-5-pentyl-2-furanpropanoic acid",237.14978,4.438,TRUE,178,"F581_S1","3,4-Dimethyl-5-pentyl-2-furanpropanoic acid
237.15 m/z @ 4.44 min
Rank: 178","3,4-Dimethyl-5-pentyl-2-furanpropanoic acid",2,8.29411764705882
"1267","feat_591_spec_1",591,240.88478,0.78,12,5361,NA,240.88478,0.78,FALSE,NA,"F591_S1","Feature 591
240.88 m/z @ 0.78 min",NA,120,3.88235294117647
"1269","feat_591_spec_3",591,240.88478,0.78,16,5361,NA,240.88478,0.78,FALSE,NA,"F591_S3","Feature 591
240.88 m/z @ 0.78 min",NA,120,4.27450980392157
"1271","feat_594_spec_1",594,529.12094,0.755,26,853,NA,529.12094,0.755,FALSE,NA,"F594_S1","Feature 594
529.12 m/z @ 0.76 min",NA,15,5.25490196078431
"1272","feat_594_spec_2",594,529.12094,0.755,9,853,NA,529.12094,0.755,FALSE,NA,"F594_S2","Feature 594
529.12 m/z @ 0.76 min",NA,15,3.58823529411765
"1308","feat_599_spec_2",599,241.08317,3.935,15,1385,"Thymidine",241.08317,3.935,TRUE,139,"F599_S2","Thymidine
241.08 m/z @ 3.94 min
Rank: 139","Thymidine",121,6.64705882352941
"1309","feat_599_spec_3",599,241.08317,3.935,18,1385,"Thymidine",241.08317,3.935,TRUE,139,"F599_S3","Thymidine
241.08 m/z @ 3.94 min
Rank: 139","Thymidine",122,7.05882352941176
"1310","feat_599_spec_4",599,241.08317,3.935,21,1385,"Thymidine",241.08317,3.935,TRUE,139,"F599_S4","Thymidine
241.08 m/z @ 3.94 min
Rank: 139","Thymidine",121,7.47058823529412
"1311","feat_599_spec_5",599,241.08317,3.935,17,1385,"Thymidine",241.08317,3.935,TRUE,139,"F599_S5","Thymidine
241.08 m/z @ 3.94 min
Rank: 139","Thymidine",122,6.92156862745098
"1312","feat_600_spec_1",600,241.08315,3.503,17,1008,"Thymidine",241.08315,3.503,TRUE,402,"F600_S1","Thymidine
241.08 m/z @ 3.5 min
Rank: 402","Thymidine",123,6.92156862745098
"1313","feat_600_spec_2",600,241.08315,3.503,13,1008,"Thymidine",241.08315,3.503,TRUE,402,"F600_S2","Thymidine
241.08 m/z @ 3.5 min
Rank: 402","Thymidine",124,6.37254901960784
"1331","feat_602_spec_7",602,241.08318,3.349,17,2017,"Thymidine",241.08318,3.349,TRUE,85,"F602_S7","Thymidine
241.08 m/z @ 3.35 min
Rank: 85","Thymidine",123,6.92156862745098
"1332","feat_602_spec_8",602,241.08318,3.349,13,2017,"Thymidine",241.08318,3.349,TRUE,85,"F602_S8","Thymidine
241.08 m/z @ 3.35 min
Rank: 85","Thymidine",124,6.37254901960784
"1335","feat_604_spec_1",604,242.05187,5.682,22,1127,NA,242.05187,5.682,FALSE,NA,"F604_S1","Feature 604
242.05 m/z @ 5.68 min",NA,2,4.86274509803922
"1336","feat_606_spec_1",606,242.07838,6.307,30,879,"Cytidine",242.07838,6.307,TRUE,78,"F606_S1","Cytidine
242.08 m/z @ 6.31 min
Rank: 78","Cytidine",2,8.70588235294118
"1338","feat_606_spec_3",606,242.07838,6.307,24,879,"Cytidine",242.07838,6.307,TRUE,78,"F606_S3","Cytidine
242.08 m/z @ 6.31 min
Rank: 78","Cytidine",2,7.88235294117647
"1340","feat_606_spec_5",606,242.07838,6.307,20,879,"Cytidine",242.07838,6.307,TRUE,78,"F606_S5","Cytidine
242.08 m/z @ 6.31 min
Rank: 78","Cytidine",2,7.33333333333333
"1342","feat_606_spec_7",606,242.07838,6.307,16,879,"Cytidine",242.07838,6.307,TRUE,78,"F606_S7","Cytidine
242.08 m/z @ 6.31 min
Rank: 78","Cytidine",2,6.7843137254902
"1344","feat_607_spec_2",607,242.07839,6.475,24,2077,"Cytidine",242.07839,6.475,TRUE,58,"F607_S2","Cytidine
242.08 m/z @ 6.47 min
Rank: 58","Cytidine",2,7.88235294117647
"1346","feat_607_spec_4",607,242.07839,6.475,26,2077,"Cytidine",242.07839,6.475,TRUE,58,"F607_S4","Cytidine
242.08 m/z @ 6.47 min
Rank: 58","Cytidine",2,8.15686274509804
"1348","feat_612_spec_1",612,242.9912,8.646,22,1184,NA,242.9912,8.646,FALSE,NA,"F612_S1","Feature 612
242.99 m/z @ 8.65 min",NA,44,4.86274509803922
"1349","feat_612_spec_2",612,242.9912,8.646,13,1184,NA,242.9912,8.646,FALSE,NA,"F612_S2","Feature 612
242.99 m/z @ 8.65 min",NA,44,3.98039215686275
"1350","feat_612_spec_3",612,242.9912,8.646,25,1184,NA,242.9912,8.646,FALSE,NA,"F612_S3","Feature 612
242.99 m/z @ 8.65 min",NA,44,5.15686274509804
"1351","feat_612_spec_4",612,242.9912,8.646,13,1184,NA,242.9912,8.646,FALSE,NA,"F612_S4","Feature 612
242.99 m/z @ 8.65 min",NA,44,3.98039215686275
"1354","feat_614_spec_1",614,243.06233,5.628,24,528,"Uridine",243.06233,5.628,TRUE,77,"F614_S1","Uridine
243.06 m/z @ 5.63 min
Rank: 77","Uridine",125,7.88235294117647
"1355","feat_614_spec_2",614,243.06233,5.628,20,528,"Uridine",243.06233,5.628,TRUE,77,"F614_S2","Uridine
243.06 m/z @ 5.63 min
Rank: 77","Uridine",125,7.33333333333333
"1356","feat_614_spec_3",614,243.06233,5.628,21,528,"Uridine",243.06233,5.628,TRUE,77,"F614_S3","Uridine
243.06 m/z @ 5.63 min
Rank: 77","Uridine",2,7.47058823529412
"1357","feat_614_spec_4",614,243.06233,5.628,15,528,"Uridine",243.06233,5.628,TRUE,77,"F614_S4","Uridine
243.06 m/z @ 5.63 min
Rank: 77","Uridine",125,6.64705882352941
"1358","feat_614_spec_5",614,243.06233,5.628,23,528,"Uridine",243.06233,5.628,TRUE,77,"F614_S5","Uridine
243.06 m/z @ 5.63 min
Rank: 77","Uridine",2,7.74509803921569
"1359","feat_614_spec_6",614,243.06233,5.628,20,528,"Uridine",243.06233,5.628,TRUE,77,"F614_S6","Uridine
243.06 m/z @ 5.63 min
Rank: 77","Uridine",125,7.33333333333333
"1362","feat_614_spec_9",614,243.06233,5.628,18,528,"Uridine",243.06233,5.628,TRUE,77,"F614_S9","Uridine
243.06 m/z @ 5.63 min
Rank: 77","Uridine",2,7.05882352941176
"1364","feat_615_spec_1",615,243.06236,5.387,25,319,"Uridine",243.06236,5.387,FALSE,NA,"F615_S1","Uridine
243.06 m/z @ 5.39 min",NA,125,5.15686274509804
"1365","feat_615_spec_2",615,243.06236,5.387,16,319,"Uridine",243.06236,5.387,FALSE,NA,"F615_S2","Uridine
243.06 m/z @ 5.39 min",NA,125,4.27450980392157
"1366","feat_615_spec_3",615,243.06236,5.387,23,319,"Uridine",243.06236,5.387,FALSE,NA,"F615_S3","Uridine
243.06 m/z @ 5.39 min",NA,125,4.96078431372549
"1367","feat_615_spec_4",615,243.06236,5.387,25,319,"Uridine",243.06236,5.387,FALSE,NA,"F615_S4","Uridine
243.06 m/z @ 5.39 min",NA,125,5.15686274509804
"1368","feat_615_spec_5",615,243.06236,5.387,33,319,"Uridine",243.06236,5.387,FALSE,NA,"F615_S5","Uridine
243.06 m/z @ 5.39 min",NA,125,5.94117647058824
"1369","feat_615_spec_6",615,243.06236,5.387,19,319,"Uridine",243.06236,5.387,FALSE,NA,"F615_S6","Uridine
243.06 m/z @ 5.39 min",NA,125,4.56862745098039
"1370","feat_615_spec_7",615,243.06236,5.387,30,319,"Uridine",243.06236,5.387,FALSE,NA,"F615_S7","Uridine
243.06 m/z @ 5.39 min",NA,125,5.64705882352941
"1371","feat_615_spec_8",615,243.06236,5.387,19,319,"Uridine",243.06236,5.387,FALSE,NA,"F615_S8","Uridine
243.06 m/z @ 5.39 min",NA,125,4.56862745098039
"1378","feat_616_spec_2",616,243.06238,4.918,23,28,"1-Pentofuranosyl-2,4(1H,3H)-pyrimidinedione",243.06238,4.918,FALSE,NA,"F616_S2","1-Pentofuranosyl-2,4(1H,3H)-pyrimidinedione
243.06 m/z @ 4.92 min",NA,125,4.96078431372549
"1379","feat_616_spec_3",616,243.06238,4.918,22,28,"1-Pentofuranosyl-2,4(1H,3H)-pyrimidinedione",243.06238,4.918,FALSE,NA,"F616_S3","1-Pentofuranosyl-2,4(1H,3H)-pyrimidinedione
243.06 m/z @ 4.92 min",NA,125,4.86274509803922
"1380","feat_616_spec_4",616,243.06238,4.918,16,28,"1-Pentofuranosyl-2,4(1H,3H)-pyrimidinedione",243.06238,4.918,FALSE,NA,"F616_S4","1-Pentofuranosyl-2,4(1H,3H)-pyrimidinedione
243.06 m/z @ 4.92 min",NA,125,4.27450980392157
"1381","feat_617_spec_1",617,243.06237,5.121,28,37,"Uridine",243.06237,5.121,FALSE,NA,"F617_S1","Uridine
243.06 m/z @ 5.12 min",NA,125,5.45098039215686
"1382","feat_617_spec_2",617,243.06237,5.121,20,37,"Uridine",243.06237,5.121,FALSE,NA,"F617_S2","Uridine
243.06 m/z @ 5.12 min",NA,125,4.66666666666667
"1383","feat_617_spec_3",617,243.06237,5.121,26,37,"Uridine",243.06237,5.121,FALSE,NA,"F617_S3","Uridine
243.06 m/z @ 5.12 min",NA,125,5.25490196078431
"1384","feat_617_spec_4",617,243.06237,5.121,21,37,"Uridine",243.06237,5.121,FALSE,NA,"F617_S4","Uridine
243.06 m/z @ 5.12 min",NA,125,4.76470588235294
"1385","feat_617_spec_5",617,243.06237,5.121,20,37,"Uridine",243.06237,5.121,FALSE,NA,"F617_S5","Uridine
243.06 m/z @ 5.12 min",NA,125,4.66666666666667
"1386","feat_617_spec_6",617,243.06237,5.121,30,37,"Uridine",243.06237,5.121,FALSE,NA,"F617_S6","Uridine
243.06 m/z @ 5.12 min",NA,125,5.64705882352941
"1387","feat_617_spec_7",617,243.06237,5.121,21,37,"Uridine",243.06237,5.121,FALSE,NA,"F617_S7","Uridine
243.06 m/z @ 5.12 min",NA,125,4.76470588235294
"1388","feat_617_spec_8",617,243.06237,5.121,21,37,"Uridine",243.06237,5.121,FALSE,NA,"F617_S8","Uridine
243.06 m/z @ 5.12 min",NA,125,4.76470588235294
"1393","feat_618_spec_1",618,243.13511,6.662,12,3267,"Isoleucyl-4-hydroxyproline",243.13511,6.662,FALSE,NA,"F618_S1","Isoleucyl-4-hydroxyproline
243.14 m/z @ 6.66 min",NA,2,3.88235294117647
"1395","feat_619_spec_1",619,243.89945,0.785,19,697,NA,243.89945,0.785,FALSE,NA,"F619_S1","Feature 619
243.9 m/z @ 0.78 min",NA,2,4.56862745098039
"1396","feat_619_spec_2",619,243.89945,0.785,13,697,NA,243.89945,0.785,FALSE,NA,"F619_S2","Feature 619
243.9 m/z @ 0.78 min",NA,126,3.98039215686275
"1397","feat_619_spec_3",619,243.89945,0.785,17,697,NA,243.89945,0.785,FALSE,NA,"F619_S3","Feature 619
243.9 m/z @ 0.78 min",NA,2,4.37254901960784
"1398","feat_619_spec_4",619,243.89945,0.785,4,697,NA,243.89945,0.785,FALSE,NA,"F619_S4","Feature 619
243.9 m/z @ 0.78 min",NA,126,3.09803921568627
"1403","feat_626_spec_1",626,244.93956,8.936,15,2574,NA,244.93956,8.936,FALSE,NA,"F626_S1","Feature 626
244.94 m/z @ 8.94 min",NA,127,4.17647058823529
"1404","feat_626_spec_2",626,244.93956,8.936,15,2574,NA,244.93956,8.936,FALSE,NA,"F626_S2","Feature 626
244.94 m/z @ 8.94 min",NA,31,4.17647058823529
"1405","feat_626_spec_3",626,244.93956,8.936,15,2574,NA,244.93956,8.936,FALSE,NA,"F626_S3","Feature 626
244.94 m/z @ 8.94 min",NA,127,4.17647058823529
"1406","feat_626_spec_4",626,244.93956,8.936,23,2574,NA,244.93956,8.936,FALSE,NA,"F626_S4","Feature 626
244.94 m/z @ 8.94 min",NA,31,4.96078431372549
"1407","feat_626_spec_5",626,244.93956,8.936,11,2574,NA,244.93956,8.936,FALSE,NA,"F626_S5","Feature 626
244.94 m/z @ 8.94 min",NA,127,3.7843137254902
"1408","feat_627_spec_1",627,245.04324,7.78,12,914,"Glycerophosphoglycerol",245.04324,7.78,FALSE,NA,"F627_S1","Glycerophosphoglycerol
245.04 m/z @ 7.78 min",NA,2,3.88235294117647
"1409","feat_627_spec_2",627,245.04324,7.78,10,914,"Glycerophosphoglycerol",245.04324,7.78,FALSE,NA,"F627_S2","Glycerophosphoglycerol
245.04 m/z @ 7.78 min",NA,96,3.68627450980392
"1410","feat_627_spec_3",627,245.04324,7.78,18,914,"Glycerophosphoglycerol",245.04324,7.78,FALSE,NA,"F627_S3","Glycerophosphoglycerol
245.04 m/z @ 7.78 min",NA,2,4.47058823529412
"1411","feat_627_spec_4",627,245.04324,7.78,12,914,"Glycerophosphoglycerol",245.04324,7.78,FALSE,NA,"F627_S4","Glycerophosphoglycerol
245.04 m/z @ 7.78 min",NA,97,3.88235294117647
"1414","feat_638_spec_1",638,250.09476,4.523,23,2100,"2′-Deoxyadenosine",250.09476,4.523,FALSE,NA,"F638_S1","2′-Deoxyadenosine
250.09 m/z @ 4.52 min",NA,128,4.96078431372549
"1415","feat_638_spec_2",638,250.09476,4.523,15,2100,"2′-Deoxyadenosine",250.09476,4.523,FALSE,NA,"F638_S2","2′-Deoxyadenosine
250.09 m/z @ 4.52 min",NA,129,4.17647058823529
"1416","feat_638_spec_3",638,250.09476,4.523,20,2100,"2′-Deoxyadenosine",250.09476,4.523,FALSE,NA,"F638_S3","2′-Deoxyadenosine
250.09 m/z @ 4.52 min",NA,128,4.66666666666667
"1417","feat_638_spec_4",638,250.09476,4.523,13,2100,"2′-Deoxyadenosine",250.09476,4.523,FALSE,NA,"F638_S4","2′-Deoxyadenosine
250.09 m/z @ 4.52 min",NA,129,3.98039215686275
"1418","feat_641_spec_1",641,250.95148,5.218,22,825,"[Similar to: 2'-Deoxyinosine; ΔMass: -0.1271 Da]",250.95148,5.218,TRUE,337,"F641_S1","[Similar to: 2'-Deoxyinosine; ΔMass: -0.1271 Da]
250.95 m/z @ 5.22 min
Rank: 337","[Similar to: 2'-Deoxyinosine; ΔMass: -0.1271 Da]",34,7.6078431372549
"1419","feat_641_spec_2",641,250.95148,5.218,20,825,"[Similar to: 2'-Deoxyinosine; ΔMass: -0.1271 Da]",250.95148,5.218,TRUE,337,"F641_S2","[Similar to: 2'-Deoxyinosine; ΔMass: -0.1271 Da]
250.95 m/z @ 5.22 min
Rank: 337","[Similar to: 2'-Deoxyinosine; ΔMass: -0.1271 Da]",34,7.33333333333333
"1420","feat_641_spec_3",641,250.95148,5.218,26,825,"[Similar to: 2'-Deoxyinosine; ΔMass: -0.1271 Da]",250.95148,5.218,TRUE,337,"F641_S3","[Similar to: 2'-Deoxyinosine; ΔMass: -0.1271 Da]
250.95 m/z @ 5.22 min
Rank: 337","[Similar to: 2'-Deoxyinosine; ΔMass: -0.1271 Da]",34,8.15686274509804
"1421","feat_641_spec_4",641,250.95148,5.218,19,825,"[Similar to: 2'-Deoxyinosine; ΔMass: -0.1271 Da]",250.95148,5.218,TRUE,337,"F641_S4","[Similar to: 2'-Deoxyinosine; ΔMass: -0.1271 Da]
250.95 m/z @ 5.22 min
Rank: 337","[Similar to: 2'-Deoxyinosine; ΔMass: -0.1271 Da]",34,7.19607843137255
"1422","feat_641_spec_5",641,250.95148,5.218,22,825,"[Similar to: 2'-Deoxyinosine; ΔMass: -0.1271 Da]",250.95148,5.218,TRUE,337,"F641_S5","[Similar to: 2'-Deoxyinosine; ΔMass: -0.1271 Da]
250.95 m/z @ 5.22 min
Rank: 337","[Similar to: 2'-Deoxyinosine; ΔMass: -0.1271 Da]",34,7.6078431372549
"1423","feat_642_spec_1",642,250.95155,4.985,24,804,NA,250.95155,4.985,FALSE,NA,"F642_S1","Feature 642
250.95 m/z @ 4.98 min",NA,128,5.05882352941176
"1424","feat_642_spec_2",642,250.95155,4.985,15,804,NA,250.95155,4.985,FALSE,NA,"F642_S2","Feature 642
250.95 m/z @ 4.98 min",NA,129,4.17647058823529
"1425","feat_642_spec_3",642,250.95155,4.985,19,804,NA,250.95155,4.985,FALSE,NA,"F642_S3","Feature 642
250.95 m/z @ 4.98 min",NA,128,4.56862745098039
"1426","feat_642_spec_4",642,250.95155,4.985,10,804,NA,250.95155,4.985,FALSE,NA,"F642_S4","Feature 642
250.95 m/z @ 4.98 min",NA,129,3.68627450980392
"1427","feat_643_spec_1",643,250.95156,4.547,19,335,NA,250.95156,4.547,FALSE,NA,"F643_S1","Feature 643
250.95 m/z @ 4.55 min",NA,128,4.56862745098039
"1428","feat_643_spec_2",643,250.95156,4.547,28,335,NA,250.95156,4.547,FALSE,NA,"F643_S2","Feature 643
250.95 m/z @ 4.55 min",NA,129,5.45098039215686
"1429","feat_643_spec_3",643,250.95156,4.547,36,335,NA,250.95156,4.547,FALSE,NA,"F643_S3","Feature 643
250.95 m/z @ 4.55 min",NA,128,6.23529411764706
"1430","feat_643_spec_4",643,250.95156,4.547,21,335,NA,250.95156,4.547,FALSE,NA,"F643_S4","Feature 643
250.95 m/z @ 4.55 min",NA,129,4.76470588235294
"1431","feat_643_spec_5",643,250.95156,4.547,54,335,NA,250.95156,4.547,FALSE,NA,"F643_S5","Feature 643
250.95 m/z @ 4.55 min",NA,128,8
"1432","feat_643_spec_6",643,250.95156,4.547,18,335,NA,250.95156,4.547,FALSE,NA,"F643_S6","Feature 643
250.95 m/z @ 4.55 min",NA,129,4.47058823529412
"1433","feat_643_spec_7",643,250.95156,4.547,29,335,NA,250.95156,4.547,FALSE,NA,"F643_S7","Feature 643
250.95 m/z @ 4.55 min",NA,130,5.54901960784314
"1434","feat_643_spec_8",643,250.95156,4.547,13,335,NA,250.95156,4.547,FALSE,NA,"F643_S8","Feature 643
250.95 m/z @ 4.55 min",NA,131,3.98039215686275
"1435","feat_643_spec_9",643,250.95156,4.547,21,335,NA,250.95156,4.547,FALSE,NA,"F643_S9","Feature 643
250.95 m/z @ 4.55 min",NA,130,4.76470588235294
"1436","feat_643_spec_10",643,250.95156,4.547,12,335,NA,250.95156,4.547,FALSE,NA,"F643_S10","Feature 643
250.95 m/z @ 4.55 min",NA,131,3.88235294117647
"1441","feat_643_spec_15",643,250.95156,4.547,13,335,NA,250.95156,4.547,FALSE,NA,"F643_S15","Feature 643
250.95 m/z @ 4.55 min",NA,130,3.98039215686275
"1442","feat_643_spec_16",643,250.95156,4.547,11,335,NA,250.95156,4.547,FALSE,NA,"F643_S16","Feature 643
250.95 m/z @ 4.55 min",NA,131,3.7843137254902
"1443","feat_646_spec_1",646,251.07873,4.984,41,60,"Deoxyinosine",251.07873,4.984,TRUE,1,"F646_S1","Deoxyinosine
251.08 m/z @ 4.98 min
Rank: 1","Deoxyinosine",34,10.2156862745098
"1444","feat_646_spec_2",646,251.07873,4.984,27,60,"Deoxyinosine",251.07873,4.984,TRUE,1,"F646_S2","Deoxyinosine
251.08 m/z @ 4.98 min
Rank: 1","Deoxyinosine",34,8.29411764705882
"1445","feat_646_spec_3",646,251.07873,4.984,33,60,"Deoxyinosine",251.07873,4.984,TRUE,1,"F646_S3","Deoxyinosine
251.08 m/z @ 4.98 min
Rank: 1","Deoxyinosine",34,9.11764705882353
"1447","feat_649_spec_2",649,251.16546,4.415,13,315,"Oxylubimin",251.16546,4.415,TRUE,37,"F649_S2","Oxylubimin
251.17 m/z @ 4.42 min
Rank: 37","Oxylubimin",132,6.37254901960784
"1449","feat_649_spec_4",649,251.16546,4.415,12,315,"Oxylubimin",251.16546,4.415,TRUE,37,"F649_S4","Oxylubimin
251.17 m/z @ 4.42 min
Rank: 37","Oxylubimin",132,6.23529411764706
"1454","feat_655_spec_1",655,254.9352,5.136,17,1037,NA,254.9352,5.136,FALSE,NA,"F655_S1","Feature 655
254.94 m/z @ 5.14 min",NA,104,4.37254901960784
"1455","feat_655_spec_2",655,254.9352,5.136,10,1037,NA,254.9352,5.136,FALSE,NA,"F655_S2","Feature 655
254.94 m/z @ 5.14 min",NA,105,3.68627450980392
"1456","feat_655_spec_3",655,254.9352,5.136,20,1037,NA,254.9352,5.136,FALSE,NA,"F655_S3","Feature 655
254.94 m/z @ 5.14 min",NA,106,4.66666666666667
"1457","feat_655_spec_4",655,254.9352,5.136,14,1037,NA,254.9352,5.136,FALSE,NA,"F655_S4","Feature 655
254.94 m/z @ 5.14 min",NA,105,4.07843137254902
"1458","feat_657_spec_1",657,255.14642,9.65,22,8527,NA,255.14642,9.65,FALSE,NA,"F657_S1","Feature 657
255.15 m/z @ 9.65 min",NA,2,4.86274509803922
"1460","feat_658_spec_1",658,256.97607,3.783,14,1181,NA,256.97607,3.783,FALSE,NA,"F658_S1","Feature 658
256.98 m/z @ 3.78 min",NA,15,4.07843137254902
"1461","feat_658_spec_2",658,256.97607,3.783,13,1181,NA,256.97607,3.783,FALSE,NA,"F658_S2","Feature 658
256.98 m/z @ 3.78 min",NA,15,3.98039215686275
"1462","feat_658_spec_3",658,256.97607,3.783,22,1181,NA,256.97607,3.783,FALSE,NA,"F658_S3","Feature 658
256.98 m/z @ 3.78 min",NA,15,4.86274509803922
"1463","feat_658_spec_4",658,256.97607,3.783,16,1181,NA,256.97607,3.783,FALSE,NA,"F658_S4","Feature 658
256.98 m/z @ 3.78 min",NA,15,4.27450980392157
"1479","feat_673_spec_1",673,264.9447,5.355,18,1297,NA,264.9447,5.355,FALSE,NA,"F673_S1","Feature 673
264.94 m/z @ 5.36 min",NA,133,4.47058823529412
"1480","feat_673_spec_2",673,264.9447,5.355,21,1297,NA,264.9447,5.355,FALSE,NA,"F673_S2","Feature 673
264.94 m/z @ 5.36 min",NA,134,4.76470588235294
"1481","feat_673_spec_3",673,264.9447,5.355,21,1297,NA,264.9447,5.355,FALSE,NA,"F673_S3","Feature 673
264.94 m/z @ 5.36 min",NA,133,4.76470588235294
"1482","feat_673_spec_4",673,264.9447,5.355,18,1297,NA,264.9447,5.355,FALSE,NA,"F673_S4","Feature 673
264.94 m/z @ 5.36 min",NA,134,4.47058823529412
"1483","feat_674_spec_1",674,264.94471,5.253,18,4297,NA,264.94471,5.253,FALSE,NA,"F674_S1","Feature 674
264.94 m/z @ 5.25 min",NA,133,4.47058823529412
"1484","feat_674_spec_2",674,264.94471,5.253,21,4297,NA,264.94471,5.253,FALSE,NA,"F674_S2","Feature 674
264.94 m/z @ 5.25 min",NA,134,4.76470588235294
"1485","feat_674_spec_3",674,264.94471,5.253,21,4297,NA,264.94471,5.253,FALSE,NA,"F674_S3","Feature 674
264.94 m/z @ 5.25 min",NA,133,4.76470588235294
"1491","feat_676_spec_4",676,265.1481,0.954,7,368,"NP-012534",265.1481,0.954,FALSE,NA,"F676_S4","NP-012534
265.15 m/z @ 0.95 min",NA,135,3.3921568627451
"1492","feat_676_spec_5",676,265.1481,0.954,12,368,"NP-012534",265.1481,0.954,FALSE,NA,"F676_S5","NP-012534
265.15 m/z @ 0.95 min",NA,135,3.88235294117647
"1495","feat_677_spec_1",677,266.08956,6.304,20,4376,"Adenosine",266.08956,6.304,TRUE,97,"F677_S1","Adenosine
266.09 m/z @ 6.3 min
Rank: 97","Adenosine",7,7.33333333333333
"1496","feat_678_spec_1",678,266.0896,6.102,24,179,"2′-Deoxyguanosine",266.0896,6.102,TRUE,13,"F678_S1","2′-Deoxyguanosine
266.09 m/z @ 6.1 min
Rank: 13","2′-Deoxyguanosine",136,7.88235294117647
"1497","feat_678_spec_2",678,266.0896,6.102,18,179,"2′-Deoxyguanosine",266.0896,6.102,TRUE,13,"F678_S2","2′-Deoxyguanosine
266.09 m/z @ 6.1 min
Rank: 13","2′-Deoxyguanosine",136,7.05882352941176
"1498","feat_678_spec_3",678,266.0896,6.102,17,179,"2′-Deoxyguanosine",266.0896,6.102,TRUE,13,"F678_S3","2′-Deoxyguanosine
266.09 m/z @ 6.1 min
Rank: 13","2′-Deoxyguanosine",136,6.92156862745098
"1499","feat_678_spec_4",678,266.0896,6.102,18,179,"2′-Deoxyguanosine",266.0896,6.102,TRUE,13,"F678_S4","2′-Deoxyguanosine
266.09 m/z @ 6.1 min
Rank: 13","2′-Deoxyguanosine",136,7.05882352941176
"1500","feat_680_spec_1",680,266.08967,6.023,24,118,"2-Amino-9-(2-deoxypentofuranosyl)-3,9-dihydro-6H-purin-6-one",266.08967,6.023,TRUE,7,"F680_S1","2-Amino-9-(2-deoxypentofuranosyl)-3,9-dihydro-6H-purin-6-one
266.09 m/z @ 6.02 min
Rank: 7","2-Amino-9-(2-deoxypentofuranosyl)-3,9-dihydro-6H-purin-6-one",136,7.88235294117647
"1501","feat_682_spec_1",682,266.94644,6.528,23,1275,NA,266.94644,6.528,FALSE,NA,"F682_S1","Feature 682
266.95 m/z @ 6.53 min",NA,7,4.96078431372549
"1502","feat_682_spec_2",682,266.94644,6.528,13,1275,NA,266.94644,6.528,FALSE,NA,"F682_S2","Feature 682
266.95 m/z @ 6.53 min",NA,7,3.98039215686275
"1503","feat_682_spec_3",682,266.94644,6.528,14,1275,NA,266.94644,6.528,FALSE,NA,"F682_S3","Feature 682
266.95 m/z @ 6.53 min",NA,7,4.07843137254902
"1504","feat_682_spec_4",682,266.94644,6.528,11,1275,NA,266.94644,6.528,FALSE,NA,"F682_S4","Feature 682
266.95 m/z @ 6.53 min",NA,7,3.7843137254902
"1505","feat_685_spec_1",685,326.98893,8.622,7,5063,"[Similar to: D-Ribose-1-phosphate; ΔMass: 37.9559 Da]",326.98893,8.622,FALSE,NA,"F685_S1","[Similar to: D-Ribose-1-phosphate; ΔMass: 37.9559 Da]
326.99 m/z @ 8.62 min",NA,2,3.3921568627451
"1506","feat_685_spec_2",685,326.98893,8.622,13,5063,"[Similar to: D-Ribose-1-phosphate; ΔMass: 37.9559 Da]",326.98893,8.622,FALSE,NA,"F685_S2","[Similar to: D-Ribose-1-phosphate; ΔMass: 37.9559 Da]
326.99 m/z @ 8.62 min",NA,137,3.98039215686275
"1507","feat_686_spec_1",686,267.07225,6.15,14,344,"2-(α-D-mannosyl)-D-glyceric acid",267.07225,6.15,FALSE,NA,"F686_S1","2-(α-D-mannosyl)-D-glyceric acid
267.07 m/z @ 6.15 min",NA,7,4.07843137254902
"1508","feat_686_spec_2",686,267.07225,6.15,13,344,"2-(α-D-mannosyl)-D-glyceric acid",267.07225,6.15,FALSE,NA,"F686_S2","2-(α-D-mannosyl)-D-glyceric acid
267.07 m/z @ 6.15 min",NA,7,3.98039215686275
"1509","feat_686_spec_3",686,267.07225,6.15,18,344,"2-(α-D-mannosyl)-D-glyceric acid",267.07225,6.15,FALSE,NA,"F686_S3","2-(α-D-mannosyl)-D-glyceric acid
267.07 m/z @ 6.15 min",NA,7,4.47058823529412
"1510","feat_686_spec_4",686,267.07225,6.15,17,344,"2-(α-D-mannosyl)-D-glyceric acid",267.07225,6.15,FALSE,NA,"F686_S4","2-(α-D-mannosyl)-D-glyceric acid
267.07 m/z @ 6.15 min",NA,7,4.37254901960784
"1511","feat_686_spec_5",686,267.07225,6.15,11,344,"2-(α-D-mannosyl)-D-glyceric acid",267.07225,6.15,FALSE,NA,"F686_S5","2-(α-D-mannosyl)-D-glyceric acid
267.07 m/z @ 6.15 min",NA,7,3.7843137254902
"1512","feat_686_spec_6",686,267.07225,6.15,22,344,"2-(α-D-mannosyl)-D-glyceric acid",267.07225,6.15,FALSE,NA,"F686_S6","2-(α-D-mannosyl)-D-glyceric acid
267.07 m/z @ 6.15 min",NA,7,4.86274509803922
"1513","feat_686_spec_7",686,267.07225,6.15,21,344,"2-(α-D-mannosyl)-D-glyceric acid",267.07225,6.15,FALSE,NA,"F686_S7","2-(α-D-mannosyl)-D-glyceric acid
267.07 m/z @ 6.15 min",NA,7,4.76470588235294
"1514","feat_686_spec_8",686,267.07225,6.15,16,344,"2-(α-D-mannosyl)-D-glyceric acid",267.07225,6.15,FALSE,NA,"F686_S8","2-(α-D-mannosyl)-D-glyceric acid
267.07 m/z @ 6.15 min",NA,7,4.27450980392157
"1515","feat_686_spec_9",686,267.07225,6.15,15,344,"2-(α-D-mannosyl)-D-glyceric acid",267.07225,6.15,FALSE,NA,"F686_S9","2-(α-D-mannosyl)-D-glyceric acid
267.07 m/z @ 6.15 min",NA,7,4.17647058823529
"1516","feat_686_spec_10",686,267.07225,6.15,19,344,"2-(α-D-mannosyl)-D-glyceric acid",267.07225,6.15,FALSE,NA,"F686_S10","2-(α-D-mannosyl)-D-glyceric acid
267.07 m/z @ 6.15 min",NA,7,4.56862745098039
"1517","feat_686_spec_11",686,267.07225,6.15,18,344,"2-(α-D-mannosyl)-D-glyceric acid",267.07225,6.15,FALSE,NA,"F686_S11","2-(α-D-mannosyl)-D-glyceric acid
267.07 m/z @ 6.15 min",NA,7,4.47058823529412
"1518","feat_686_spec_12",686,267.07225,6.15,23,344,"2-(α-D-mannosyl)-D-glyceric acid",267.07225,6.15,FALSE,NA,"F686_S12","2-(α-D-mannosyl)-D-glyceric acid
267.07 m/z @ 6.15 min",NA,7,4.96078431372549
"1519","feat_686_spec_13",686,267.07225,6.15,15,344,"2-(α-D-mannosyl)-D-glyceric acid",267.07225,6.15,FALSE,NA,"F686_S13","2-(α-D-mannosyl)-D-glyceric acid
267.07 m/z @ 6.15 min",NA,7,4.17647058823529
"1520","feat_686_spec_14",686,267.07225,6.15,21,344,"2-(α-D-mannosyl)-D-glyceric acid",267.07225,6.15,FALSE,NA,"F686_S14","2-(α-D-mannosyl)-D-glyceric acid
267.07 m/z @ 6.15 min",NA,7,4.76470588235294
"1521","feat_686_spec_15",686,267.07225,6.15,9,344,"2-(α-D-mannosyl)-D-glyceric acid",267.07225,6.15,FALSE,NA,"F686_S15","2-(α-D-mannosyl)-D-glyceric acid
267.07 m/z @ 6.15 min",NA,7,3.58823529411765
"1522","feat_687_spec_1",687,267.07231,5.714,23,17,"2-(α-D-mannosyl)-D-glyceric acid",267.07231,5.714,FALSE,NA,"F687_S1","2-(α-D-mannosyl)-D-glyceric acid
267.07 m/z @ 5.71 min",NA,7,4.96078431372549
"1523","feat_687_spec_2",687,267.07231,5.714,20,17,"2-(α-D-mannosyl)-D-glyceric acid",267.07231,5.714,FALSE,NA,"F687_S2","2-(α-D-mannosyl)-D-glyceric acid
267.07 m/z @ 5.71 min",NA,7,4.66666666666667
"1524","feat_687_spec_3",687,267.07231,5.714,25,17,"2-(α-D-mannosyl)-D-glyceric acid",267.07231,5.714,FALSE,NA,"F687_S3","2-(α-D-mannosyl)-D-glyceric acid
267.07 m/z @ 5.71 min",NA,7,5.15686274509804
"1525","feat_687_spec_4",687,267.07231,5.714,18,17,"2-(α-D-mannosyl)-D-glyceric acid",267.07231,5.714,FALSE,NA,"F687_S4","2-(α-D-mannosyl)-D-glyceric acid
267.07 m/z @ 5.71 min",NA,7,4.47058823529412
"1526","feat_687_spec_5",687,267.07231,5.714,20,17,"2-(α-D-mannosyl)-D-glyceric acid",267.07231,5.714,FALSE,NA,"F687_S5","2-(α-D-mannosyl)-D-glyceric acid
267.07 m/z @ 5.71 min",NA,7,4.66666666666667
"1527","feat_687_spec_6",687,267.07231,5.714,18,17,"2-(α-D-mannosyl)-D-glyceric acid",267.07231,5.714,FALSE,NA,"F687_S6","2-(α-D-mannosyl)-D-glyceric acid
267.07 m/z @ 5.71 min",NA,7,4.47058823529412
"1528","feat_687_spec_7",687,267.07231,5.714,26,17,"2-(α-D-mannosyl)-D-glyceric acid",267.07231,5.714,FALSE,NA,"F687_S7","2-(α-D-mannosyl)-D-glyceric acid
267.07 m/z @ 5.71 min",NA,7,5.25490196078431
"1529","feat_687_spec_8",687,267.07231,5.714,22,17,"2-(α-D-mannosyl)-D-glyceric acid",267.07231,5.714,FALSE,NA,"F687_S8","2-(α-D-mannosyl)-D-glyceric acid
267.07 m/z @ 5.71 min",NA,7,4.86274509803922
"1530","feat_687_spec_9",687,267.07231,5.714,21,17,"2-(α-D-mannosyl)-D-glyceric acid",267.07231,5.714,FALSE,NA,"F687_S9","2-(α-D-mannosyl)-D-glyceric acid
267.07 m/z @ 5.71 min",NA,7,4.76470588235294
"1531","feat_687_spec_10",687,267.07231,5.714,10,17,"2-(α-D-mannosyl)-D-glyceric acid",267.07231,5.714,FALSE,NA,"F687_S10","2-(α-D-mannosyl)-D-glyceric acid
267.07 m/z @ 5.71 min",NA,7,3.68627450980392
"1532","feat_687_spec_11",687,267.07231,5.714,19,17,"2-(α-D-mannosyl)-D-glyceric acid",267.07231,5.714,FALSE,NA,"F687_S11","2-(α-D-mannosyl)-D-glyceric acid
267.07 m/z @ 5.71 min",NA,7,4.56862745098039
"1533","feat_687_spec_12",687,267.07231,5.714,14,17,"2-(α-D-mannosyl)-D-glyceric acid",267.07231,5.714,FALSE,NA,"F687_S12","2-(α-D-mannosyl)-D-glyceric acid
267.07 m/z @ 5.71 min",NA,7,4.07843137254902
"1534","feat_687_spec_13",687,267.07231,5.714,13,17,"2-(α-D-mannosyl)-D-glyceric acid",267.07231,5.714,FALSE,NA,"F687_S13","2-(α-D-mannosyl)-D-glyceric acid
267.07 m/z @ 5.71 min",NA,7,3.98039215686275
"1535","feat_687_spec_14",687,267.07231,5.714,15,17,"2-(α-D-mannosyl)-D-glyceric acid",267.07231,5.714,FALSE,NA,"F687_S14","2-(α-D-mannosyl)-D-glyceric acid
267.07 m/z @ 5.71 min",NA,7,4.17647058823529
"1537","feat_687_spec_16",687,267.07231,5.714,16,17,"2-(α-D-mannosyl)-D-glyceric acid",267.07231,5.714,FALSE,NA,"F687_S16","2-(α-D-mannosyl)-D-glyceric acid
267.07 m/z @ 5.71 min",NA,7,4.27450980392157
"1538","feat_687_spec_17",687,267.07231,5.714,14,17,"2-(α-D-mannosyl)-D-glyceric acid",267.07231,5.714,FALSE,NA,"F687_S17","2-(α-D-mannosyl)-D-glyceric acid
267.07 m/z @ 5.71 min",NA,7,4.07843137254902
"1539","feat_687_spec_18",687,267.07231,5.714,9,17,"2-(α-D-mannosyl)-D-glyceric acid",267.07231,5.714,FALSE,NA,"F687_S18","2-(α-D-mannosyl)-D-glyceric acid
267.07 m/z @ 5.71 min",NA,7,3.58823529411765
"1540","feat_688_spec_1",688,267.07231,6.391,26,590,"2-(α-D-mannosyl)-D-glyceric acid",267.07231,6.391,FALSE,NA,"F688_S1","2-(α-D-mannosyl)-D-glyceric acid
267.07 m/z @ 6.39 min",NA,7,5.25490196078431
"1541","feat_688_spec_2",688,267.07231,6.391,14,590,"2-(α-D-mannosyl)-D-glyceric acid",267.07231,6.391,FALSE,NA,"F688_S2","2-(α-D-mannosyl)-D-glyceric acid
267.07 m/z @ 6.39 min",NA,7,4.07843137254902
"1542","feat_688_spec_3",688,267.07231,6.391,22,590,"2-(α-D-mannosyl)-D-glyceric acid",267.07231,6.391,FALSE,NA,"F688_S3","2-(α-D-mannosyl)-D-glyceric acid
267.07 m/z @ 6.39 min",NA,7,4.86274509803922
"1543","feat_688_spec_4",688,267.07231,6.391,19,590,"2-(α-D-mannosyl)-D-glyceric acid",267.07231,6.391,FALSE,NA,"F688_S4","2-(α-D-mannosyl)-D-glyceric acid
267.07 m/z @ 6.39 min",NA,7,4.56862745098039
"1544","feat_688_spec_5",688,267.07231,6.391,20,590,"2-(α-D-mannosyl)-D-glyceric acid",267.07231,6.391,FALSE,NA,"F688_S5","2-(α-D-mannosyl)-D-glyceric acid
267.07 m/z @ 6.39 min",NA,7,4.66666666666667
"1545","feat_688_spec_6",688,267.07231,6.391,15,590,"2-(α-D-mannosyl)-D-glyceric acid",267.07231,6.391,FALSE,NA,"F688_S6","2-(α-D-mannosyl)-D-glyceric acid
267.07 m/z @ 6.39 min",NA,7,4.17647058823529
"1546","feat_688_spec_7",688,267.07231,6.391,17,590,"2-(α-D-mannosyl)-D-glyceric acid",267.07231,6.391,FALSE,NA,"F688_S7","2-(α-D-mannosyl)-D-glyceric acid
267.07 m/z @ 6.39 min",NA,7,4.37254901960784
"1547","feat_688_spec_8",688,267.07231,6.391,15,590,"2-(α-D-mannosyl)-D-glyceric acid",267.07231,6.391,FALSE,NA,"F688_S8","2-(α-D-mannosyl)-D-glyceric acid
267.07 m/z @ 6.39 min",NA,7,4.17647058823529
"1548","feat_688_spec_9",688,267.07231,6.391,13,590,"2-(α-D-mannosyl)-D-glyceric acid",267.07231,6.391,FALSE,NA,"F688_S9","2-(α-D-mannosyl)-D-glyceric acid
267.07 m/z @ 6.39 min",NA,7,3.98039215686275
"1549","feat_688_spec_10",688,267.07231,6.391,15,590,"2-(α-D-mannosyl)-D-glyceric acid",267.07231,6.391,FALSE,NA,"F688_S10","2-(α-D-mannosyl)-D-glyceric acid
267.07 m/z @ 6.39 min",NA,7,4.17647058823529
"1550","feat_688_spec_11",688,267.07231,6.391,12,590,"2-(α-D-mannosyl)-D-glyceric acid",267.07231,6.391,FALSE,NA,"F688_S11","2-(α-D-mannosyl)-D-glyceric acid
267.07 m/z @ 6.39 min",NA,7,3.88235294117647
"1551","feat_688_spec_12",688,267.07231,6.391,12,590,"2-(α-D-mannosyl)-D-glyceric acid",267.07231,6.391,FALSE,NA,"F688_S12","2-(α-D-mannosyl)-D-glyceric acid
267.07 m/z @ 6.39 min",NA,7,3.88235294117647
"1552","feat_688_spec_13",688,267.07231,6.391,19,590,"2-(α-D-mannosyl)-D-glyceric acid",267.07231,6.391,FALSE,NA,"F688_S13","2-(α-D-mannosyl)-D-glyceric acid
267.07 m/z @ 6.39 min",NA,7,4.56862745098039
"1553","feat_688_spec_14",688,267.07231,6.391,19,590,"2-(α-D-mannosyl)-D-glyceric acid",267.07231,6.391,FALSE,NA,"F688_S14","2-(α-D-mannosyl)-D-glyceric acid
267.07 m/z @ 6.39 min",NA,7,4.56862745098039
"1554","feat_689_spec_1",689,267.07248,5.977,21,86,"2-(α-D-mannosyl)-D-glyceric acid",267.07248,5.977,FALSE,NA,"F689_S1","2-(α-D-mannosyl)-D-glyceric acid
267.07 m/z @ 5.98 min",NA,7,4.76470588235294
"1555","feat_689_spec_2",689,267.07248,5.977,15,86,"2-(α-D-mannosyl)-D-glyceric acid",267.07248,5.977,FALSE,NA,"F689_S2","2-(α-D-mannosyl)-D-glyceric acid
267.07 m/z @ 5.98 min",NA,7,4.17647058823529
"1556","feat_689_spec_3",689,267.07248,5.977,16,86,"2-(α-D-mannosyl)-D-glyceric acid",267.07248,5.977,FALSE,NA,"F689_S3","2-(α-D-mannosyl)-D-glyceric acid
267.07 m/z @ 5.98 min",NA,7,4.27450980392157
"1557","feat_689_spec_4",689,267.07248,5.977,15,86,"2-(α-D-mannosyl)-D-glyceric acid",267.07248,5.977,FALSE,NA,"F689_S4","2-(α-D-mannosyl)-D-glyceric acid
267.07 m/z @ 5.98 min",NA,7,4.17647058823529
"1558","feat_689_spec_5",689,267.07248,5.977,19,86,"2-(α-D-mannosyl)-D-glyceric acid",267.07248,5.977,FALSE,NA,"F689_S5","2-(α-D-mannosyl)-D-glyceric acid
267.07 m/z @ 5.98 min",NA,7,4.56862745098039
"1559","feat_689_spec_6",689,267.07248,5.977,8,86,"2-(α-D-mannosyl)-D-glyceric acid",267.07248,5.977,FALSE,NA,"F689_S6","2-(α-D-mannosyl)-D-glyceric acid
267.07 m/z @ 5.98 min",NA,7,3.49019607843137
"1560","feat_689_spec_7",689,267.07248,5.977,13,86,"2-(α-D-mannosyl)-D-glyceric acid",267.07248,5.977,FALSE,NA,"F689_S7","2-(α-D-mannosyl)-D-glyceric acid
267.07 m/z @ 5.98 min",NA,7,3.98039215686275
"1561","feat_689_spec_8",689,267.07248,5.977,10,86,"2-(α-D-mannosyl)-D-glyceric acid",267.07248,5.977,FALSE,NA,"F689_S8","2-(α-D-mannosyl)-D-glyceric acid
267.07 m/z @ 5.98 min",NA,7,3.68627450980392
"1562","feat_689_spec_9",689,267.07248,5.977,16,86,"2-(α-D-mannosyl)-D-glyceric acid",267.07248,5.977,FALSE,NA,"F689_S9","2-(α-D-mannosyl)-D-glyceric acid
267.07 m/z @ 5.98 min",NA,7,4.27450980392157
"1563","feat_689_spec_10",689,267.07248,5.977,11,86,"2-(α-D-mannosyl)-D-glyceric acid",267.07248,5.977,FALSE,NA,"F689_S10","2-(α-D-mannosyl)-D-glyceric acid
267.07 m/z @ 5.98 min",NA,7,3.7843137254902
"1564","feat_689_spec_11",689,267.07248,5.977,30,86,"2-(α-D-mannosyl)-D-glyceric acid",267.07248,5.977,FALSE,NA,"F689_S11","2-(α-D-mannosyl)-D-glyceric acid
267.07 m/z @ 5.98 min",NA,7,5.64705882352941
"1565","feat_689_spec_12",689,267.07248,5.977,11,86,"2-(α-D-mannosyl)-D-glyceric acid",267.07248,5.977,FALSE,NA,"F689_S12","2-(α-D-mannosyl)-D-glyceric acid
267.07 m/z @ 5.98 min",NA,7,3.7843137254902
"1566","feat_689_spec_13",689,267.07248,5.977,16,86,"2-(α-D-mannosyl)-D-glyceric acid",267.07248,5.977,FALSE,NA,"F689_S13","2-(α-D-mannosyl)-D-glyceric acid
267.07 m/z @ 5.98 min",NA,7,4.27450980392157
"1567","feat_690_spec_1",690,267.07371,5.744,26,705,"Arabinosylhypoxanthine",267.07371,5.744,TRUE,360,"F690_S1","Arabinosylhypoxanthine
267.07 m/z @ 5.74 min
Rank: 360","Arabinosylhypoxanthine",7,8.15686274509804
"1568","feat_690_spec_2",690,267.07371,5.744,22,705,"Arabinosylhypoxanthine",267.07371,5.744,TRUE,360,"F690_S2","Arabinosylhypoxanthine
267.07 m/z @ 5.74 min
Rank: 360","Arabinosylhypoxanthine",7,7.6078431372549
"1569","feat_694_spec_1",694,268.96215,4.569,25,260,NA,268.96215,4.569,FALSE,NA,"F694_S1","Feature 694
268.96 m/z @ 4.57 min",NA,15,5.15686274509804
"1570","feat_694_spec_2",694,268.96215,4.569,20,260,NA,268.96215,4.569,FALSE,NA,"F694_S2","Feature 694
268.96 m/z @ 4.57 min",NA,15,4.66666666666667
"1571","feat_694_spec_3",694,268.96215,4.569,22,260,NA,268.96215,4.569,FALSE,NA,"F694_S3","Feature 694
268.96 m/z @ 4.57 min",NA,15,4.86274509803922
"1572","feat_694_spec_4",694,268.96215,4.569,13,260,NA,268.96215,4.569,FALSE,NA,"F694_S4","Feature 694
268.96 m/z @ 4.57 min",NA,15,3.98039215686275
"1573","feat_695_spec_1",695,269.08791,9.065,13,2293,NA,269.08791,9.065,FALSE,NA,"F695_S1","Feature 695
269.09 m/z @ 9.06 min",NA,2,3.98039215686275
"1574","feat_695_spec_2",695,269.08791,9.065,13,2293,NA,269.08791,9.065,FALSE,NA,"F695_S2","Feature 695
269.09 m/z @ 9.06 min",NA,2,3.98039215686275
"1575","feat_695_spec_3",695,269.08791,9.065,21,2293,NA,269.08791,9.065,FALSE,NA,"F695_S3","Feature 695
269.09 m/z @ 9.06 min",NA,2,4.76470588235294
"1576","feat_695_spec_4",695,269.08791,9.065,7,2293,NA,269.08791,9.065,FALSE,NA,"F695_S4","Feature 695
269.09 m/z @ 9.06 min",NA,2,3.3921568627451
"1586","feat_701_spec_1",701,545.12967,6.616,24,2644,NA,545.12967,6.616,TRUE,270,"F701_S1","Feature 701
545.13 m/z @ 6.62 min
Rank: 270","F701",138,7.88235294117647
"1587","feat_701_spec_2",701,545.12967,6.616,11,2644,NA,545.12967,6.616,TRUE,270,"F701_S2","Feature 701
545.13 m/z @ 6.62 min
Rank: 270","F701",139,6.09803921568627
"1588","feat_701_spec_3",701,545.12967,6.616,15,2644,NA,545.12967,6.616,TRUE,270,"F701_S3","Feature 701
545.13 m/z @ 6.62 min
Rank: 270","F701",138,6.64705882352941
"1589","feat_701_spec_4",701,545.12967,6.616,13,2644,NA,545.12967,6.616,TRUE,270,"F701_S4","Feature 701
545.13 m/z @ 6.62 min
Rank: 270","F701",139,6.37254901960784
"1590","feat_701_spec_5",701,545.12967,6.616,10,2644,NA,545.12967,6.616,TRUE,270,"F701_S5","Feature 701
545.13 m/z @ 6.62 min
Rank: 270","F701",138,5.96078431372549
"1591","feat_701_spec_6",701,545.12967,6.616,17,2644,NA,545.12967,6.616,TRUE,270,"F701_S6","Feature 701
545.13 m/z @ 6.62 min
Rank: 270","F701",140,6.92156862745098
"1594","feat_709_spec_1",709,274.0933,6.666,17,586,"Cardiospermin",274.0933,6.666,FALSE,NA,"F709_S1","Cardiospermin
274.09 m/z @ 6.67 min",NA,2,4.37254901960784
"1611","feat_716_spec_1",716,276.98843,8.544,19,1236,"2-C-METHYL-D-ERYTHRITOL-2,4-CYCLOPYROPHOSPHATE",276.98843,8.544,FALSE,NA,"F716_S1","2-C-METHYL-D-ERYTHRITOL-2,4-CYCLOPYROPHOSPHATE
276.99 m/z @ 8.54 min",NA,2,4.56862745098039
"1613","feat_716_spec_3",716,276.98843,8.544,22,1236,"2-C-METHYL-D-ERYTHRITOL-2,4-CYCLOPYROPHOSPHATE",276.98843,8.544,FALSE,NA,"F716_S3","2-C-METHYL-D-ERYTHRITOL-2,4-CYCLOPYROPHOSPHATE
276.99 m/z @ 8.54 min",NA,2,4.86274509803922
"1635","feat_723_spec_1",723,277.18443,3.919,28,98,NA,277.18443,3.919,TRUE,11,"F723_S1","Feature 723
277.18 m/z @ 3.92 min
Rank: 11","F723",15,8.43137254901961
"1636","feat_723_spec_2",723,277.18443,3.919,12,98,NA,277.18443,3.919,TRUE,11,"F723_S2","Feature 723
277.18 m/z @ 3.92 min
Rank: 11","F723",15,6.23529411764706
"1637","feat_723_spec_3",723,277.18443,3.919,19,98,NA,277.18443,3.919,TRUE,11,"F723_S3","Feature 723
277.18 m/z @ 3.92 min
Rank: 11","F723",15,7.19607843137255
"1638","feat_723_spec_4",723,277.18443,3.919,18,98,NA,277.18443,3.919,TRUE,11,"F723_S4","Feature 723
277.18 m/z @ 3.92 min
Rank: 11","F723",15,7.05882352941176
"1639","feat_723_spec_5",723,277.18443,3.919,22,98,NA,277.18443,3.919,TRUE,11,"F723_S5","Feature 723
277.18 m/z @ 3.92 min
Rank: 11","F723",15,7.6078431372549
"1640","feat_723_spec_6",723,277.18443,3.919,14,98,NA,277.18443,3.919,TRUE,11,"F723_S6","Feature 723
277.18 m/z @ 3.92 min
Rank: 11","F723",141,6.50980392156863
"1641","feat_723_spec_7",723,277.18443,3.919,20,98,NA,277.18443,3.919,TRUE,11,"F723_S7","Feature 723
277.18 m/z @ 3.92 min
Rank: 11","F723",15,7.33333333333333
"1642","feat_723_spec_8",723,277.18443,3.919,6,98,NA,277.18443,3.919,TRUE,11,"F723_S8","Feature 723
277.18 m/z @ 3.92 min
Rank: 11","F723",141,5.41176470588235
"1643","feat_723_spec_9",723,277.18443,3.919,23,98,NA,277.18443,3.919,TRUE,11,"F723_S9","Feature 723
277.18 m/z @ 3.92 min
Rank: 11","F723",142,7.74509803921569
"1645","feat_723_spec_11",723,277.18443,3.919,25,98,NA,277.18443,3.919,TRUE,11,"F723_S11","Feature 723
277.18 m/z @ 3.92 min
Rank: 11","F723",142,8.01960784313725
"1649","feat_726_spec_1",726,279.03891,4.816,15,91,NA,279.03891,4.816,FALSE,NA,"F726_S1","Feature 726
279.04 m/z @ 4.82 min",NA,125,4.17647058823529
"1650","feat_726_spec_2",726,279.03891,4.816,17,91,NA,279.03891,4.816,FALSE,NA,"F726_S2","Feature 726
279.04 m/z @ 4.82 min",NA,143,4.37254901960784
"1651","feat_726_spec_3",726,279.03891,4.816,16,91,NA,279.03891,4.816,FALSE,NA,"F726_S3","Feature 726
279.04 m/z @ 4.82 min",NA,125,4.27450980392157
"1652","feat_726_spec_4",726,279.03891,4.816,18,91,NA,279.03891,4.816,FALSE,NA,"F726_S4","Feature 726
279.04 m/z @ 4.82 min",NA,143,4.47058823529412
"1654","feat_726_spec_6",726,279.03891,4.816,10,91,NA,279.03891,4.816,FALSE,NA,"F726_S6","Feature 726
279.04 m/z @ 4.82 min",NA,143,3.68627450980392
"1655","feat_727_spec_1",727,279.03909,4.984,31,34,"NP-000615",279.03909,4.984,FALSE,NA,"F727_S1","NP-000615
279.04 m/z @ 4.98 min",NA,125,5.74509803921569
"1656","feat_727_spec_2",727,279.03909,4.984,12,34,"NP-000615",279.03909,4.984,FALSE,NA,"F727_S2","NP-000615
279.04 m/z @ 4.98 min",NA,143,3.88235294117647
"1657","feat_727_spec_3",727,279.03909,4.984,26,34,"NP-000615",279.03909,4.984,FALSE,NA,"F727_S3","NP-000615
279.04 m/z @ 4.98 min",NA,125,5.25490196078431
"1658","feat_727_spec_4",727,279.03909,4.984,10,34,"NP-000615",279.03909,4.984,FALSE,NA,"F727_S4","NP-000615
279.04 m/z @ 4.98 min",NA,143,3.68627450980392
"1660","feat_728_spec_2",728,279.03908,5.552,10,919,"NP-000615",279.03908,5.552,FALSE,NA,"F728_S2","NP-000615
279.04 m/z @ 5.55 min",NA,143,3.68627450980392
"1662","feat_728_spec_4",728,279.03908,5.552,17,919,"NP-000615",279.03908,5.552,FALSE,NA,"F728_S4","NP-000615
279.04 m/z @ 5.55 min",NA,143,4.37254901960784
"1663","feat_728_spec_5",728,279.03908,5.552,33,919,"NP-000615",279.03908,5.552,FALSE,NA,"F728_S5","NP-000615
279.04 m/z @ 5.55 min",NA,31,5.94117647058824
"1669","feat_735_spec_1",735,280.76751,3.773,11,4040,NA,280.76751,3.773,FALSE,NA,"F735_S1","Feature 735
280.77 m/z @ 3.77 min",NA,144,3.7843137254902
"1670","feat_735_spec_2",735,280.76751,3.773,12,4040,NA,280.76751,3.773,FALSE,NA,"F735_S2","Feature 735
280.77 m/z @ 3.77 min",NA,145,3.88235294117647
"1671","feat_735_spec_3",735,280.76751,3.773,19,4040,NA,280.76751,3.773,FALSE,NA,"F735_S3","Feature 735
280.77 m/z @ 3.77 min",NA,146,4.56862745098039
"1672","feat_735_spec_4",735,280.76751,3.773,12,4040,NA,280.76751,3.773,FALSE,NA,"F735_S4","Feature 735
280.77 m/z @ 3.77 min",NA,147,3.88235294117647
"1673","feat_736_spec_1",736,280.7676,3.723,11,2853,NA,280.7676,3.723,FALSE,NA,"F736_S1","Feature 736
280.77 m/z @ 3.72 min",NA,144,3.7843137254902
"1674","feat_736_spec_2",736,280.7676,3.723,12,2853,NA,280.7676,3.723,FALSE,NA,"F736_S2","Feature 736
280.77 m/z @ 3.72 min",NA,145,3.88235294117647
"1675","feat_736_spec_3",736,280.7676,3.723,19,2853,NA,280.7676,3.723,FALSE,NA,"F736_S3","Feature 736
280.77 m/z @ 3.72 min",NA,146,4.56862745098039
"1676","feat_736_spec_4",736,280.7676,3.723,12,2853,NA,280.7676,3.723,FALSE,NA,"F736_S4","Feature 736
280.77 m/z @ 3.72 min",NA,147,3.88235294117647
"1677","feat_737_spec_1",737,280.92574,3.673,15,2081,NA,280.92574,3.673,FALSE,NA,"F737_S1","Feature 737
280.93 m/z @ 3.67 min",NA,148,4.17647058823529
"1678","feat_737_spec_2",737,280.92574,3.673,12,2081,NA,280.92574,3.673,FALSE,NA,"F737_S2","Feature 737
280.93 m/z @ 3.67 min",NA,149,3.88235294117647
"1679","feat_738_spec_1",738,281.03607,5.019,16,146,"[Similar to: NP-000615; ΔMass: 37.9698 Da]",281.03607,5.019,FALSE,NA,"F738_S1","[Similar to: NP-000615; ΔMass: 37.9698 Da]
281.04 m/z @ 5.02 min",NA,125,4.27450980392157
"1680","feat_738_spec_2",738,281.03607,5.019,22,146,"[Similar to: NP-000615; ΔMass: 37.9698 Da]",281.03607,5.019,FALSE,NA,"F738_S2","[Similar to: NP-000615; ΔMass: 37.9698 Da]
281.04 m/z @ 5.02 min",NA,143,4.86274509803922
"1683","feat_739_spec_2",739,281.0361,5.547,11,2117,NA,281.0361,5.547,FALSE,NA,"F739_S2","Feature 739
281.04 m/z @ 5.55 min",NA,143,3.7843137254902
"1685","feat_739_spec_4",739,281.0361,5.547,11,2117,NA,281.0361,5.547,FALSE,NA,"F739_S4","Feature 739
281.04 m/z @ 5.55 min",NA,143,3.7843137254902
"1690","feat_746_spec_1",746,282.08314,7.117,11,8633,"Guanosine",282.08314,7.117,FALSE,NA,"F746_S1","Guanosine
282.08 m/z @ 7.12 min",NA,136,3.7843137254902
"1691","feat_746_spec_2",746,282.08314,7.117,4,8633,"Guanosine",282.08314,7.117,FALSE,NA,"F746_S2","Guanosine
282.08 m/z @ 7.12 min",NA,136,3.09803921568627
"1692","feat_747_spec_1",747,282.0845,6.826,15,1710,"Guanosine",282.0845,6.826,FALSE,NA,"F747_S1","Guanosine
282.08 m/z @ 6.83 min",NA,136,4.17647058823529
"1693","feat_747_spec_2",747,282.0845,6.826,13,1710,"Guanosine",282.0845,6.826,FALSE,NA,"F747_S2","Guanosine
282.08 m/z @ 6.83 min",NA,136,3.98039215686275
"1694","feat_747_spec_3",747,282.0845,6.826,20,1710,"Guanosine",282.0845,6.826,FALSE,NA,"F747_S3","Guanosine
282.08 m/z @ 6.83 min",NA,136,4.66666666666667
"1695","feat_747_spec_4",747,282.0845,6.826,12,1710,"Guanosine",282.0845,6.826,FALSE,NA,"F747_S4","Guanosine
282.08 m/z @ 6.83 min",NA,136,3.88235294117647
"1696","feat_747_spec_5",747,282.0845,6.826,16,1710,"Guanosine",282.0845,6.826,FALSE,NA,"F747_S5","Guanosine
282.08 m/z @ 6.83 min",NA,136,4.27450980392157
"1697","feat_747_spec_6",747,282.0845,6.826,8,1710,"Guanosine",282.0845,6.826,FALSE,NA,"F747_S6","Guanosine
282.08 m/z @ 6.83 min",NA,136,3.49019607843137
"1698","feat_747_spec_7",747,282.0845,6.826,19,1710,"Guanosine",282.0845,6.826,FALSE,NA,"F747_S7","Guanosine
282.08 m/z @ 6.83 min",NA,136,4.56862745098039
"1699","feat_747_spec_8",747,282.0845,6.826,13,1710,"Guanosine",282.0845,6.826,FALSE,NA,"F747_S8","Guanosine
282.08 m/z @ 6.83 min",NA,136,3.98039215686275
"1700","feat_748_spec_1",748,282.08454,6.671,14,1144,"Guanosine",282.08454,6.671,FALSE,NA,"F748_S1","Guanosine
282.08 m/z @ 6.67 min",NA,136,4.07843137254902
"1701","feat_748_spec_2",748,282.08454,6.671,14,1144,"Guanosine",282.08454,6.671,FALSE,NA,"F748_S2","Guanosine
282.08 m/z @ 6.67 min",NA,136,4.07843137254902
"1702","feat_748_spec_3",748,282.08454,6.671,16,1144,"Guanosine",282.08454,6.671,FALSE,NA,"F748_S3","Guanosine
282.08 m/z @ 6.67 min",NA,136,4.27450980392157
"1703","feat_748_spec_4",748,282.08454,6.671,15,1144,"Guanosine",282.08454,6.671,FALSE,NA,"F748_S4","Guanosine
282.08 m/z @ 6.67 min",NA,136,4.17647058823529
"1710","feat_753_spec_1",753,283.11065,4.02,19,1351,"3-(1-cyano-1,2-dihydroisoquinolin-2-yl)-3-oxopropyl propionate",283.11065,4.02,FALSE,NA,"F753_S1","3-(1-cyano-1,2-dihydroisoquinolin-2-yl)-3-oxopropyl propionate
283.11 m/z @ 4.02 min",NA,150,4.56862745098039
"1711","feat_753_spec_2",753,283.11065,4.02,14,1351,"3-(1-cyano-1,2-dihydroisoquinolin-2-yl)-3-oxopropyl propionate",283.11065,4.02,FALSE,NA,"F753_S2","3-(1-cyano-1,2-dihydroisoquinolin-2-yl)-3-oxopropyl propionate
283.11 m/z @ 4.02 min",NA,150,4.07843137254902
"1713","feat_755_spec_2",755,283.92549,4.022,23,1737,NA,283.92549,4.022,FALSE,NA,"F755_S2","Feature 755
283.93 m/z @ 4.02 min",NA,150,4.96078431372549
"1722","feat_757_spec_1",757,284.16164,8.392,16,1249,"Leu-Gly-Pro",284.16164,8.392,TRUE,250,"F757_S1","Leu-Gly-Pro
284.16 m/z @ 8.39 min
Rank: 250","Leu-Gly-Pro",151,6.7843137254902
"1723","feat_757_spec_2",757,284.16164,8.392,11,1249,"Leu-Gly-Pro",284.16164,8.392,TRUE,250,"F757_S2","Leu-Gly-Pro
284.16 m/z @ 8.39 min
Rank: 250","Leu-Gly-Pro",151,6.09803921568627
"1724","feat_758_spec_1",758,284.16169,8.349,16,3126,NA,284.16169,8.349,TRUE,232,"F758_S1","Feature 758
284.16 m/z @ 8.35 min
Rank: 232","F758",151,6.7843137254902
"1735","feat_766_spec_1",766,286.00253,6.716,10,5178,NA,286.00253,6.716,FALSE,NA,"F766_S1","Feature 766
286 m/z @ 6.72 min",NA,152,3.68627450980392
"1736","feat_766_spec_2",766,286.00253,6.716,15,5178,NA,286.00253,6.716,FALSE,NA,"F766_S2","Feature 766
286 m/z @ 6.72 min",NA,153,4.17647058823529
"1743","feat_767_spec_5",767,286.00257,6.57,10,3521,NA,286.00257,6.57,FALSE,NA,"F767_S5","Feature 767
286 m/z @ 6.57 min",NA,152,3.68627450980392
"1744","feat_767_spec_6",767,286.00257,6.57,15,3521,NA,286.00257,6.57,FALSE,NA,"F767_S6","Feature 767
286 m/z @ 6.57 min",NA,153,4.17647058823529
"1745","feat_771_spec_1",771,287.05539,5.042,22,1365,NA,287.05539,5.042,TRUE,5,"F771_S1","Feature 771
287.06 m/z @ 5.04 min
Rank: 5","F771",34,7.6078431372549
"1746","feat_771_spec_2",771,287.05539,5.042,8,1365,NA,287.05539,5.042,TRUE,5,"F771_S2","Feature 771
287.06 m/z @ 5.04 min
Rank: 5","F771",34,5.68627450980392
"1747","feat_771_spec_3",771,287.05539,5.042,20,1365,NA,287.05539,5.042,TRUE,5,"F771_S3","Feature 771
287.06 m/z @ 5.04 min
Rank: 5","F771",34,7.33333333333333
"1748","feat_771_spec_4",771,287.05539,5.042,15,1365,NA,287.05539,5.042,TRUE,5,"F771_S4","Feature 771
287.06 m/z @ 5.04 min
Rank: 5","F771",34,6.64705882352941
"1757","feat_773_spec_1",773,287.0887,3.904,20,2867,"[Similar to: Resveratrol; ΔMass: 60.0173 Da]",287.0887,3.904,FALSE,NA,"F773_S1","[Similar to: Resveratrol; ΔMass: 60.0173 Da]
287.09 m/z @ 3.9 min",NA,2,4.66666666666667
"1759","feat_776_spec_1",776,288.89637,3.89,28,1302,NA,288.89637,3.89,FALSE,NA,"F776_S1","Feature 776
288.9 m/z @ 3.89 min",NA,154,5.45098039215686
"1760","feat_777_spec_1",777,288.89642,4.114,21,10993,NA,288.89642,4.114,FALSE,NA,"F777_S1","Feature 777
288.9 m/z @ 4.11 min",NA,154,4.76470588235294
"1762","feat_780_spec_1",780,290.06303,3.227,10,1394,NA,290.06303,3.227,FALSE,NA,"F780_S1","Feature 780
290.06 m/z @ 3.23 min",NA,2,3.68627450980392
"1764","feat_780_spec_3",780,290.06303,3.227,24,1394,NA,290.06303,3.227,FALSE,NA,"F780_S3","Feature 780
290.06 m/z @ 3.23 min",NA,2,5.05882352941176
"1766","feat_781_spec_1",781,290.06321,3.523,12,175,NA,290.06321,3.523,FALSE,NA,"F781_S1","Feature 781
290.06 m/z @ 3.52 min",NA,2,3.88235294117647
"1768","feat_781_spec_3",781,290.06321,3.523,15,175,NA,290.06321,3.523,FALSE,NA,"F781_S3","Feature 781
290.06 m/z @ 3.52 min",NA,2,4.17647058823529
"1770","feat_781_spec_5",781,290.06321,3.523,24,175,NA,290.06321,3.523,FALSE,NA,"F781_S5","Feature 781
290.06 m/z @ 3.52 min",NA,2,5.05882352941176
"1772","feat_781_spec_7",781,290.06321,3.523,19,175,NA,290.06321,3.523,FALSE,NA,"F781_S7","Feature 781
290.06 m/z @ 3.52 min",NA,2,4.56862745098039
"1774","feat_781_spec_9",781,290.06321,3.523,11,175,NA,290.06321,3.523,FALSE,NA,"F781_S9","Feature 781
290.06 m/z @ 3.52 min",NA,2,3.7843137254902
"1776","feat_781_spec_11",781,290.06321,3.523,17,175,NA,290.06321,3.523,FALSE,NA,"F781_S11","Feature 781
290.06 m/z @ 3.52 min",NA,2,4.37254901960784
"1778","feat_781_spec_13",781,290.06321,3.523,19,175,NA,290.06321,3.523,FALSE,NA,"F781_S13","Feature 781
290.06 m/z @ 3.52 min",NA,2,4.56862745098039
"1780","feat_781_spec_15",781,290.06321,3.523,20,175,NA,290.06321,3.523,FALSE,NA,"F781_S15","Feature 781
290.06 m/z @ 3.52 min",NA,2,4.66666666666667
"1782","feat_782_spec_1",782,290.89078,4.109,19,3429,NA,290.89078,4.109,FALSE,NA,"F782_S1","Feature 782
290.89 m/z @ 4.11 min",NA,15,4.56862745098039
"1783","feat_782_spec_2",782,290.89078,4.109,22,3429,NA,290.89078,4.109,FALSE,NA,"F782_S2","Feature 782
290.89 m/z @ 4.11 min",NA,15,4.86274509803922
"1784","feat_782_spec_3",782,290.89078,4.109,18,3429,NA,290.89078,4.109,FALSE,NA,"F782_S3","Feature 782
290.89 m/z @ 4.11 min",NA,15,4.47058823529412
"1785","feat_782_spec_4",782,290.89078,4.109,25,3429,NA,290.89078,4.109,FALSE,NA,"F782_S4","Feature 782
290.89 m/z @ 4.11 min",NA,15,5.15686274509804
"1786","feat_782_spec_5",782,290.89078,4.109,23,3429,NA,290.89078,4.109,FALSE,NA,"F782_S5","Feature 782
290.89 m/z @ 4.11 min",NA,15,4.96078431372549
"1787","feat_782_spec_6",782,290.89078,4.109,20,3429,NA,290.89078,4.109,FALSE,NA,"F782_S6","Feature 782
290.89 m/z @ 4.11 min",NA,15,4.66666666666667
"1788","feat_782_spec_7",782,290.89078,4.109,14,3429,NA,290.89078,4.109,FALSE,NA,"F782_S7","Feature 782
290.89 m/z @ 4.11 min",NA,15,4.07843137254902
"1789","feat_782_spec_8",782,290.89078,4.109,20,3429,NA,290.89078,4.109,FALSE,NA,"F782_S8","Feature 782
290.89 m/z @ 4.11 min",NA,15,4.66666666666667
"1790","feat_782_spec_9",782,290.89078,4.109,14,3429,NA,290.89078,4.109,FALSE,NA,"F782_S9","Feature 782
290.89 m/z @ 4.11 min",NA,15,4.07843137254902
"1791","feat_783_spec_1",783,290.89081,3.877,22,142,NA,290.89081,3.877,FALSE,NA,"F783_S1","Feature 783
290.89 m/z @ 3.88 min",NA,15,4.86274509803922
"1792","feat_783_spec_2",783,290.89081,3.877,29,142,NA,290.89081,3.877,FALSE,NA,"F783_S2","Feature 783
290.89 m/z @ 3.88 min",NA,15,5.54901960784314
"1793","feat_783_spec_3",783,290.89081,3.877,35,142,NA,290.89081,3.877,FALSE,NA,"F783_S3","Feature 783
290.89 m/z @ 3.88 min",NA,15,6.13725490196078
"1794","feat_783_spec_4",783,290.89081,3.877,26,142,NA,290.89081,3.877,FALSE,NA,"F783_S4","Feature 783
290.89 m/z @ 3.88 min",NA,15,5.25490196078431
"1795","feat_783_spec_5",783,290.89081,3.877,33,142,NA,290.89081,3.877,FALSE,NA,"F783_S5","Feature 783
290.89 m/z @ 3.88 min",NA,15,5.94117647058824
"1796","feat_783_spec_6",783,290.89081,3.877,28,142,NA,290.89081,3.877,FALSE,NA,"F783_S6","Feature 783
290.89 m/z @ 3.88 min",NA,15,5.45098039215686
"1797","feat_784_spec_1",784,290.94415,4.543,24,6728,NA,290.94415,4.543,FALSE,NA,"F784_S1","Feature 784
290.94 m/z @ 4.54 min",NA,15,5.05882352941176
"1798","feat_784_spec_2",784,290.94415,4.543,10,6728,NA,290.94415,4.543,FALSE,NA,"F784_S2","Feature 784
290.94 m/z @ 4.54 min",NA,15,3.68627450980392
"1799","feat_785_spec_1",785,291.20017,3.911,27,71,"13(S)-HpOTrE",291.20017,3.911,TRUE,17,"F785_S1","13(S)-HpOTrE
291.2 m/z @ 3.91 min
Rank: 17","13(S)-HpOTrE",15,8.29411764705882
"1800","feat_785_spec_2",785,291.20017,3.911,28,71,"13(S)-HpOTrE",291.20017,3.911,TRUE,17,"F785_S2","13(S)-HpOTrE
291.2 m/z @ 3.91 min
Rank: 17","13(S)-HpOTrE",15,8.43137254901961
"1801","feat_785_spec_3",785,291.20017,3.911,32,71,"13(S)-HpOTrE",291.20017,3.911,TRUE,17,"F785_S3","13(S)-HpOTrE
291.2 m/z @ 3.91 min
Rank: 17","13(S)-HpOTrE",15,8.98039215686275
"1802","feat_785_spec_4",785,291.20017,3.911,23,71,"13(S)-HpOTrE",291.20017,3.911,TRUE,17,"F785_S4","13(S)-HpOTrE
291.2 m/z @ 3.91 min
Rank: 17","13(S)-HpOTrE",15,7.74509803921569
"1803","feat_785_spec_5",785,291.20017,3.911,26,71,"13(S)-HpOTrE",291.20017,3.911,TRUE,17,"F785_S5","13(S)-HpOTrE
291.2 m/z @ 3.91 min
Rank: 17","13(S)-HpOTrE",15,8.15686274509804
"1804","feat_785_spec_6",785,291.20017,3.911,27,71,"13(S)-HpOTrE",291.20017,3.911,TRUE,17,"F785_S6","13(S)-HpOTrE
291.2 m/z @ 3.91 min
Rank: 17","13(S)-HpOTrE",15,8.29411764705882
"1805","feat_787_spec_1",787,291.89099,3.923,28,1238,NA,291.89099,3.923,FALSE,NA,"F787_S1","Feature 787
291.89 m/z @ 3.92 min",NA,15,5.45098039215686
"1806","feat_787_spec_2",787,291.89099,3.923,19,1238,NA,291.89099,3.923,FALSE,NA,"F787_S2","Feature 787
291.89 m/z @ 3.92 min",NA,15,4.56862745098039
"1807","feat_787_spec_3",787,291.89099,3.923,31,1238,NA,291.89099,3.923,FALSE,NA,"F787_S3","Feature 787
291.89 m/z @ 3.92 min",NA,15,5.74509803921569
"1808","feat_787_spec_4",787,291.89099,3.923,15,1238,NA,291.89099,3.923,FALSE,NA,"F787_S4","Feature 787
291.89 m/z @ 3.92 min",NA,15,4.17647058823529
"1809","feat_789_spec_1",789,292.20349,3.893,31,989,NA,292.20349,3.893,TRUE,145,"F789_S1","Feature 789
292.2 m/z @ 3.89 min
Rank: 145","F789",15,8.84313725490196
"1810","feat_789_spec_2",789,292.20349,3.893,21,989,NA,292.20349,3.893,TRUE,145,"F789_S2","Feature 789
292.2 m/z @ 3.89 min
Rank: 145","F789",15,7.47058823529412
"1811","feat_789_spec_3",789,292.20349,3.893,28,989,NA,292.20349,3.893,TRUE,145,"F789_S3","Feature 789
292.2 m/z @ 3.89 min
Rank: 145","F789",15,8.43137254901961
"1812","feat_789_spec_4",789,292.20349,3.893,11,989,NA,292.20349,3.893,TRUE,145,"F789_S4","Feature 789
292.2 m/z @ 3.89 min
Rank: 145","F789",15,6.09803921568627
"1813","feat_789_spec_5",789,292.20349,3.893,25,989,NA,292.20349,3.893,TRUE,145,"F789_S5","Feature 789
292.2 m/z @ 3.89 min
Rank: 145","F789",15,8.01960784313725
"1814","feat_789_spec_6",789,292.20349,3.893,23,989,NA,292.20349,3.893,TRUE,145,"F789_S6","Feature 789
292.2 m/z @ 3.89 min
Rank: 145","F789",15,7.74509803921569
"1815","feat_792_spec_1",792,293.05474,4.893,13,293,"[Similar to: NP-005614; ΔMass: -124.1008 Da]",293.05474,4.893,FALSE,NA,"F792_S1","[Similar to: NP-005614; ΔMass: -124.1008 Da]
293.05 m/z @ 4.89 min",NA,155,3.98039215686275
"1817","feat_792_spec_3",792,293.05474,4.893,13,293,"[Similar to: NP-005614; ΔMass: -124.1008 Da]",293.05474,4.893,FALSE,NA,"F792_S3","[Similar to: NP-005614; ΔMass: -124.1008 Da]
293.05 m/z @ 4.89 min",NA,155,3.98039215686275
"1819","feat_792_spec_5",792,293.05474,4.893,14,293,"[Similar to: NP-005614; ΔMass: -124.1008 Da]",293.05474,4.893,FALSE,NA,"F792_S5","[Similar to: NP-005614; ΔMass: -124.1008 Da]
293.05 m/z @ 4.89 min",NA,155,4.07843137254902
"1820","feat_795_spec_1",795,293.08801,5.182,11,2314,"Tuliposide B",293.08801,5.182,FALSE,NA,"F795_S1","Tuliposide B
293.09 m/z @ 5.18 min",NA,156,3.7843137254902
"1821","feat_798_spec_1",798,293.19601,3.873,26,3440,NA,293.19601,3.873,FALSE,NA,"F798_S1","Feature 798
293.2 m/z @ 3.87 min",NA,157,5.25490196078431
"1823","feat_798_spec_3",798,293.19601,3.873,28,3440,NA,293.19601,3.873,FALSE,NA,"F798_S3","Feature 798
293.2 m/z @ 3.87 min",NA,157,5.45098039215686
"1829","feat_802_spec_1",802,294.83124,4.446,17,3802,NA,294.83124,4.446,FALSE,NA,"F802_S1","Feature 802
294.83 m/z @ 4.45 min",NA,15,4.37254901960784
"1831","feat_802_spec_3",802,294.83124,4.446,18,3802,NA,294.83124,4.446,FALSE,NA,"F802_S3","Feature 802
294.83 m/z @ 4.45 min",NA,15,4.47058823529412
"1832","feat_802_spec_4",802,294.83124,4.446,19,3802,NA,294.83124,4.446,FALSE,NA,"F802_S4","Feature 802
294.83 m/z @ 4.45 min",NA,15,4.56862745098039
"1833","feat_802_spec_5",802,294.83124,4.446,8,3802,NA,294.83124,4.446,FALSE,NA,"F802_S5","Feature 802
294.83 m/z @ 4.45 min",NA,15,3.49019607843137
"1837","feat_808_spec_2",808,295.05169,4.967,17,1118,NA,295.05169,4.967,FALSE,NA,"F808_S2","Feature 808
295.05 m/z @ 4.97 min",NA,15,4.37254901960784
"1838","feat_808_spec_3",808,295.05169,4.967,15,1118,NA,295.05169,4.967,FALSE,NA,"F808_S3","Feature 808
295.05 m/z @ 4.97 min",NA,15,4.17647058823529
"1839","feat_808_spec_4",808,295.05169,4.967,6,1118,NA,295.05169,4.967,FALSE,NA,"F808_S4","Feature 808
295.05 m/z @ 4.97 min",NA,15,3.29411764705882
"1840","feat_809_spec_1",809,295.1036,5.627,22,1252,NA,295.1036,5.627,TRUE,470,"F809_S1","Feature 809
295.1 m/z @ 5.63 min
Rank: 470","F809",15,7.6078431372549
"1841","feat_809_spec_2",809,295.1036,5.627,10,1252,NA,295.1036,5.627,TRUE,470,"F809_S2","Feature 809
295.1 m/z @ 5.63 min
Rank: 470","F809",15,5.96078431372549
"1842","feat_810_spec_1",810,295.93667,4.101,30,1967,NA,295.93667,4.101,FALSE,NA,"F810_S1","Feature 810
295.94 m/z @ 4.1 min",NA,158,5.64705882352941
"1843","feat_810_spec_2",810,295.93667,4.101,16,1967,NA,295.93667,4.101,FALSE,NA,"F810_S2","Feature 810
295.94 m/z @ 4.1 min",NA,159,4.27450980392157
"1844","feat_810_spec_3",810,295.93667,4.101,38,1967,NA,295.93667,4.101,FALSE,NA,"F810_S3","Feature 810
295.94 m/z @ 4.1 min",NA,158,6.43137254901961
"1845","feat_810_spec_4",810,295.93667,4.101,12,1967,NA,295.93667,4.101,FALSE,NA,"F810_S4","Feature 810
295.94 m/z @ 4.1 min",NA,159,3.88235294117647
"1846","feat_810_spec_5",810,295.93667,4.101,32,1967,NA,295.93667,4.101,FALSE,NA,"F810_S5","Feature 810
295.94 m/z @ 4.1 min",NA,158,5.84313725490196
"1847","feat_810_spec_6",810,295.93667,4.101,19,1967,NA,295.93667,4.101,FALSE,NA,"F810_S6","Feature 810
295.94 m/z @ 4.1 min",NA,159,4.56862745098039
"1848","feat_810_spec_7",810,295.93667,4.101,28,1967,NA,295.93667,4.101,FALSE,NA,"F810_S7","Feature 810
295.94 m/z @ 4.1 min",NA,158,5.45098039215686
"1849","feat_810_spec_8",810,295.93667,4.101,17,1967,NA,295.93667,4.101,FALSE,NA,"F810_S8","Feature 810
295.94 m/z @ 4.1 min",NA,159,4.37254901960784
"1850","feat_811_spec_1",811,295.93668,4.213,32,2598,NA,295.93668,4.213,FALSE,NA,"F811_S1","Feature 811
295.94 m/z @ 4.21 min",NA,158,5.84313725490196
"1851","feat_811_spec_2",811,295.93668,4.213,19,2598,NA,295.93668,4.213,FALSE,NA,"F811_S2","Feature 811
295.94 m/z @ 4.21 min",NA,159,4.56862745098039
"1852","feat_811_spec_3",811,295.93668,4.213,28,2598,NA,295.93668,4.213,FALSE,NA,"F811_S3","Feature 811
295.94 m/z @ 4.21 min",NA,158,5.45098039215686
"1853","feat_811_spec_4",811,295.93668,4.213,17,2598,NA,295.93668,4.213,FALSE,NA,"F811_S4","Feature 811
295.94 m/z @ 4.21 min",NA,159,4.37254901960784
"1858","feat_814_spec_1",814,296.10011,5.621,20,2131,"2'-O-Methylguanosine",296.10011,5.621,FALSE,NA,"F814_S1","2'-O-Methylguanosine
296.1 m/z @ 5.62 min",NA,15,4.66666666666667
"1859","feat_814_spec_2",814,296.10011,5.621,21,2131,"2'-O-Methylguanosine",296.10011,5.621,FALSE,NA,"F814_S2","2'-O-Methylguanosine
296.1 m/z @ 5.62 min",NA,15,4.76470588235294
"1860","feat_815_spec_1",815,296.17288,9.778,12,966,NA,296.17288,9.778,FALSE,NA,"F815_S1","Feature 815
296.17 m/z @ 9.78 min",NA,114,3.88235294117647
"1861","feat_815_spec_2",815,296.17288,9.778,20,966,NA,296.17288,9.778,FALSE,NA,"F815_S2","Feature 815
296.17 m/z @ 9.78 min",NA,2,4.66666666666667
"1862","feat_815_spec_3",815,296.17288,9.778,6,966,NA,296.17288,9.778,FALSE,NA,"F815_S3","Feature 815
296.17 m/z @ 9.78 min",NA,114,3.29411764705882
"1863","feat_815_spec_4",815,296.17288,9.778,23,966,NA,296.17288,9.778,FALSE,NA,"F815_S4","Feature 815
296.17 m/z @ 9.78 min",NA,2,4.96078431372549
"1864","feat_815_spec_5",815,296.17288,9.778,11,966,NA,296.17288,9.778,FALSE,NA,"F815_S5","Feature 815
296.17 m/z @ 9.78 min",NA,114,3.7843137254902
"1865","feat_815_spec_6",815,296.17288,9.778,12,966,NA,296.17288,9.778,FALSE,NA,"F815_S6","Feature 815
296.17 m/z @ 9.78 min",NA,115,3.88235294117647
"1866","feat_815_spec_7",815,296.17288,9.778,17,966,NA,296.17288,9.778,FALSE,NA,"F815_S7","Feature 815
296.17 m/z @ 9.78 min",NA,2,4.37254901960784
"1867","feat_815_spec_8",815,296.17288,9.778,12,966,NA,296.17288,9.778,FALSE,NA,"F815_S8","Feature 815
296.17 m/z @ 9.78 min",NA,115,3.88235294117647
"1868","feat_815_spec_9",815,296.17288,9.778,9,966,NA,296.17288,9.778,FALSE,NA,"F815_S9","Feature 815
296.17 m/z @ 9.78 min",NA,2,3.58823529411765
"1869","feat_815_spec_10",815,296.17288,9.778,10,966,NA,296.17288,9.778,FALSE,NA,"F815_S10","Feature 815
296.17 m/z @ 9.78 min",NA,116,3.68627450980392
"1870","feat_815_spec_11",815,296.17288,9.778,21,966,NA,296.17288,9.778,FALSE,NA,"F815_S11","Feature 815
296.17 m/z @ 9.78 min",NA,2,4.76470588235294
"1871","feat_815_spec_12",815,296.17288,9.778,9,966,NA,296.17288,9.778,FALSE,NA,"F815_S12","Feature 815
296.17 m/z @ 9.78 min",NA,117,3.58823529411765
"1879","feat_819_spec_4",819,297.13455,4.101,19,2132,NA,297.13455,4.101,FALSE,NA,"F819_S4","Feature 819
297.13 m/z @ 4.1 min",NA,160,4.56862745098039
"1881","feat_819_spec_6",819,297.13455,4.101,16,2132,NA,297.13455,4.101,FALSE,NA,"F819_S6","Feature 819
297.13 m/z @ 4.1 min",NA,160,4.27450980392157
"1882","feat_822_spec_1",822,280.92563,3.67,15,2411,NA,280.92563,3.67,FALSE,NA,"F822_S1","Feature 822
280.93 m/z @ 3.67 min",NA,148,4.17647058823529
"1883","feat_822_spec_2",822,280.92563,3.67,12,2411,NA,280.92563,3.67,FALSE,NA,"F822_S2","Feature 822
280.93 m/z @ 3.67 min",NA,149,3.88235294117647
"1892","feat_831_spec_1",831,300.78432,3.6,20,2390,"[Similar to: N4-Acetylcytidine; ΔMass: 16.6955 Da]",300.78432,3.6,FALSE,NA,"F831_S1","[Similar to: N4-Acetylcytidine; ΔMass: 16.6955 Da]
300.78 m/z @ 3.6 min",NA,2,4.66666666666667
"1893","feat_831_spec_2",831,300.78432,3.6,6,2390,"[Similar to: N4-Acetylcytidine; ΔMass: 16.6955 Da]",300.78432,3.6,FALSE,NA,"F831_S2","[Similar to: N4-Acetylcytidine; ΔMass: 16.6955 Da]
300.78 m/z @ 3.6 min",NA,161,3.29411764705882
"1894","feat_831_spec_3",831,300.78432,3.6,27,2390,"[Similar to: N4-Acetylcytidine; ΔMass: 16.6955 Da]",300.78432,3.6,FALSE,NA,"F831_S3","[Similar to: N4-Acetylcytidine; ΔMass: 16.6955 Da]
300.78 m/z @ 3.6 min",NA,2,5.35294117647059
"1895","feat_831_spec_4",831,300.78432,3.6,12,2390,"[Similar to: N4-Acetylcytidine; ΔMass: 16.6955 Da]",300.78432,3.6,FALSE,NA,"F831_S4","[Similar to: N4-Acetylcytidine; ΔMass: 16.6955 Da]
300.78 m/z @ 3.6 min",NA,161,3.88235294117647
"1896","feat_833_spec_1",833,301.1042,2.207,10,1957,"Bicyclomycin",301.1042,2.207,TRUE,73,"F833_S1","Bicyclomycin
301.1 m/z @ 2.21 min
Rank: 73","Bicyclomycin",2,5.96078431372549
"1898","feat_833_spec_3",833,301.1042,2.207,13,1957,"Bicyclomycin",301.1042,2.207,TRUE,73,"F833_S3","Bicyclomycin
301.1 m/z @ 2.21 min
Rank: 73","Bicyclomycin",2,6.37254901960784
"1899","feat_833_spec_4",833,301.1042,2.207,8,1957,"Bicyclomycin",301.1042,2.207,TRUE,73,"F833_S4","Bicyclomycin
301.1 m/z @ 2.21 min
Rank: 73","Bicyclomycin",161,5.68627450980392
"1900","feat_833_spec_5",833,301.1042,2.207,9,1957,"Bicyclomycin",301.1042,2.207,TRUE,73,"F833_S5","Bicyclomycin
301.1 m/z @ 2.21 min
Rank: 73","Bicyclomycin",2,5.8235294117647
"1901","feat_833_spec_6",833,301.1042,2.207,6,1957,"Bicyclomycin",301.1042,2.207,TRUE,73,"F833_S6","Bicyclomycin
301.1 m/z @ 2.21 min
Rank: 73","Bicyclomycin",161,5.41176470588235
"1902","feat_833_spec_7",833,301.1042,2.207,6,1957,"Bicyclomycin",301.1042,2.207,TRUE,73,"F833_S7","Bicyclomycin
301.1 m/z @ 2.21 min
Rank: 73","Bicyclomycin",2,5.41176470588235
"1910","feat_834_spec_1",834,301.10428,3.916,19,2288,"Bicyclomycin",301.10428,3.916,TRUE,420,"F834_S1","Bicyclomycin
301.1 m/z @ 3.92 min
Rank: 420","Bicyclomycin",2,7.19607843137255
"1911","feat_834_spec_2",834,301.10428,3.916,16,2288,"Bicyclomycin",301.10428,3.916,TRUE,420,"F834_S2","Bicyclomycin
301.1 m/z @ 3.92 min
Rank: 420","Bicyclomycin",161,6.7843137254902
"1912","feat_835_spec_1",835,301.10429,1.995,8,1700,"Bicyclomycin",301.10429,1.995,TRUE,55,"F835_S1","Bicyclomycin
301.1 m/z @ 2 min
Rank: 55","Bicyclomycin",2,5.68627450980392
"1914","feat_835_spec_3",835,301.10429,1.995,6,1700,"Bicyclomycin",301.10429,1.995,TRUE,55,"F835_S3","Bicyclomycin
301.1 m/z @ 2 min
Rank: 55","Bicyclomycin",2,5.41176470588235
"1916","feat_835_spec_5",835,301.10429,1.995,11,1700,"Bicyclomycin",301.10429,1.995,TRUE,55,"F835_S5","Bicyclomycin
301.1 m/z @ 2 min
Rank: 55","Bicyclomycin",2,6.09803921568627
"1918","feat_835_spec_7",835,301.10429,1.995,13,1700,"Bicyclomycin",301.10429,1.995,TRUE,55,"F835_S7","Bicyclomycin
301.1 m/z @ 2 min
Rank: 55","Bicyclomycin",2,6.37254901960784
"1919","feat_835_spec_8",835,301.10429,1.995,10,1700,"Bicyclomycin",301.10429,1.995,TRUE,55,"F835_S8","Bicyclomycin
301.1 m/z @ 2 min
Rank: 55","Bicyclomycin",161,5.96078431372549
"1931","feat_839_spec_2",839,302.09947,6.308,12,5308,"(1R,5S,6R,7R,9S,11S,12S,13S,14S)-3-Amino-14-methyl-8,10-dioxa-2,4-diazatetracyclo[7.3.1.1~7,11~.0~1,6~]tetradec-2-ene-5,9,12,13,14-pentol",302.09947,6.308,FALSE,NA,"F839_S2","(1R,5S,6R,7R,9S,11S,12S,13S,14S)-3-Amino-14-methyl-8,10-dioxa-2,4-diazatetracyclo[7.3.1.1~7,11~.0~1,6~]tetradec-2-ene-5,9,12,13,14-pentol
302.1 m/z @ 6.31 min",NA,162,3.88235294117647
"1933","feat_839_spec_4",839,302.09947,6.308,9,5308,"(1R,5S,6R,7R,9S,11S,12S,13S,14S)-3-Amino-14-methyl-8,10-dioxa-2,4-diazatetracyclo[7.3.1.1~7,11~.0~1,6~]tetradec-2-ene-5,9,12,13,14-pentol",302.09947,6.308,FALSE,NA,"F839_S4","(1R,5S,6R,7R,9S,11S,12S,13S,14S)-3-Amino-14-methyl-8,10-dioxa-2,4-diazatetracyclo[7.3.1.1~7,11~.0~1,6~]tetradec-2-ene-5,9,12,13,14-pentol
302.1 m/z @ 6.31 min",NA,162,3.58823529411765
"1934","feat_841_spec_1",841,303.05976,4.563,16,1670,NA,303.05976,4.563,FALSE,NA,"F841_S1","Feature 841
303.06 m/z @ 4.56 min",NA,2,4.27450980392157
"1935","feat_841_spec_2",841,303.05976,4.563,14,1670,NA,303.05976,4.563,FALSE,NA,"F841_S2","Feature 841
303.06 m/z @ 4.56 min",NA,2,4.07843137254902
"1936","feat_841_spec_3",841,303.05976,4.563,15,1670,NA,303.05976,4.563,FALSE,NA,"F841_S3","Feature 841
303.06 m/z @ 4.56 min",NA,2,4.17647058823529
"1937","feat_841_spec_4",841,303.05976,4.563,9,1670,NA,303.05976,4.563,FALSE,NA,"F841_S4","Feature 841
303.06 m/z @ 4.56 min",NA,2,3.58823529411765
"1938","feat_844_spec_1",844,303.08358,5.144,25,1564,"[Similar to: (2E)-N-[(2S,3R,4R,5R,6S)-2-{[(2S,3R,4R,5S,6R)-3-Acetamido-4,5-dihydroxy-6-(hydroxymethyl)tetrahydro-2H-pyran-2-yl]oxy}-6-{(2R)-2-[(2R,3S,4R,5R)-5-(2,4-dioxo-3,4-dihydro-1(2H)-pyrimidinyl)-3,4-dihydrox ytetrahydro-2-furanyl]-2-hydroxyethyl}-4,5-dihydroxytetrahydro-2H-pyran-3-yl]-14-methyl-2-pentadecenamide; ΔMass: -540.3409 Da]",303.08358,5.144,FALSE,NA,"F844_S1","[Similar to: (2E)-N-[(2S,3R,4R,5R,6S)-2-{[(2S,3R,4R,5S,6R)-3-Acetamido-4,5-dihydroxy-6-(hydroxymethyl)tetrahydro-2H-pyran-2-yl]oxy}-6-{(2R)-2-[(2R,3S,4R,5R)-5-(2,4-dioxo-3,4-dihydro-1(2H)-pyrimidinyl)-3,4-dihydrox ytetrahydro-2-furanyl]-2-hydroxyethyl}-4,5-dihydroxytetrahydro-2H-pyran-3-yl]-14-methyl-2-pentadecenamide; ΔMass: -540.3409 Da]
303.08 m/z @ 5.14 min",NA,125,5.15686274509804
"1939","feat_844_spec_2",844,303.08358,5.144,15,1564,"[Similar to: (2E)-N-[(2S,3R,4R,5R,6S)-2-{[(2S,3R,4R,5S,6R)-3-Acetamido-4,5-dihydroxy-6-(hydroxymethyl)tetrahydro-2H-pyran-2-yl]oxy}-6-{(2R)-2-[(2R,3S,4R,5R)-5-(2,4-dioxo-3,4-dihydro-1(2H)-pyrimidinyl)-3,4-dihydrox ytetrahydro-2-furanyl]-2-hydroxyethyl}-4,5-dihydroxytetrahydro-2H-pyran-3-yl]-14-methyl-2-pentadecenamide; ΔMass: -540.3409 Da]",303.08358,5.144,FALSE,NA,"F844_S2","[Similar to: (2E)-N-[(2S,3R,4R,5R,6S)-2-{[(2S,3R,4R,5S,6R)-3-Acetamido-4,5-dihydroxy-6-(hydroxymethyl)tetrahydro-2H-pyran-2-yl]oxy}-6-{(2R)-2-[(2R,3S,4R,5R)-5-(2,4-dioxo-3,4-dihydro-1(2H)-pyrimidinyl)-3,4-dihydrox ytetrahydro-2-furanyl]-2-hydroxyethyl}-4,5-dihydroxytetrahydro-2H-pyran-3-yl]-14-methyl-2-pentadecenamide; ΔMass: -540.3409 Da]
303.08 m/z @ 5.14 min",NA,143,4.17647058823529
"1940","feat_844_spec_3",844,303.08358,5.144,31,1564,"[Similar to: (2E)-N-[(2S,3R,4R,5R,6S)-2-{[(2S,3R,4R,5S,6R)-3-Acetamido-4,5-dihydroxy-6-(hydroxymethyl)tetrahydro-2H-pyran-2-yl]oxy}-6-{(2R)-2-[(2R,3S,4R,5R)-5-(2,4-dioxo-3,4-dihydro-1(2H)-pyrimidinyl)-3,4-dihydrox ytetrahydro-2-furanyl]-2-hydroxyethyl}-4,5-dihydroxytetrahydro-2H-pyran-3-yl]-14-methyl-2-pentadecenamide; ΔMass: -540.3409 Da]",303.08358,5.144,FALSE,NA,"F844_S3","[Similar to: (2E)-N-[(2S,3R,4R,5R,6S)-2-{[(2S,3R,4R,5S,6R)-3-Acetamido-4,5-dihydroxy-6-(hydroxymethyl)tetrahydro-2H-pyran-2-yl]oxy}-6-{(2R)-2-[(2R,3S,4R,5R)-5-(2,4-dioxo-3,4-dihydro-1(2H)-pyrimidinyl)-3,4-dihydrox ytetrahydro-2-furanyl]-2-hydroxyethyl}-4,5-dihydroxytetrahydro-2H-pyran-3-yl]-14-methyl-2-pentadecenamide; ΔMass: -540.3409 Da]
303.08 m/z @ 5.14 min",NA,125,5.74509803921569
"1941","feat_844_spec_4",844,303.08358,5.144,16,1564,"[Similar to: (2E)-N-[(2S,3R,4R,5R,6S)-2-{[(2S,3R,4R,5S,6R)-3-Acetamido-4,5-dihydroxy-6-(hydroxymethyl)tetrahydro-2H-pyran-2-yl]oxy}-6-{(2R)-2-[(2R,3S,4R,5R)-5-(2,4-dioxo-3,4-dihydro-1(2H)-pyrimidinyl)-3,4-dihydrox ytetrahydro-2-furanyl]-2-hydroxyethyl}-4,5-dihydroxytetrahydro-2H-pyran-3-yl]-14-methyl-2-pentadecenamide; ΔMass: -540.3409 Da]",303.08358,5.144,FALSE,NA,"F844_S4","[Similar to: (2E)-N-[(2S,3R,4R,5R,6S)-2-{[(2S,3R,4R,5S,6R)-3-Acetamido-4,5-dihydroxy-6-(hydroxymethyl)tetrahydro-2H-pyran-2-yl]oxy}-6-{(2R)-2-[(2R,3S,4R,5R)-5-(2,4-dioxo-3,4-dihydro-1(2H)-pyrimidinyl)-3,4-dihydrox ytetrahydro-2-furanyl]-2-hydroxyethyl}-4,5-dihydroxytetrahydro-2H-pyran-3-yl]-14-methyl-2-pentadecenamide; ΔMass: -540.3409 Da]
303.08 m/z @ 5.14 min",NA,143,4.27450980392157
"1942","feat_844_spec_5",844,303.08358,5.144,20,1564,"[Similar to: (2E)-N-[(2S,3R,4R,5R,6S)-2-{[(2S,3R,4R,5S,6R)-3-Acetamido-4,5-dihydroxy-6-(hydroxymethyl)tetrahydro-2H-pyran-2-yl]oxy}-6-{(2R)-2-[(2R,3S,4R,5R)-5-(2,4-dioxo-3,4-dihydro-1(2H)-pyrimidinyl)-3,4-dihydrox ytetrahydro-2-furanyl]-2-hydroxyethyl}-4,5-dihydroxytetrahydro-2H-pyran-3-yl]-14-methyl-2-pentadecenamide; ΔMass: -540.3409 Da]",303.08358,5.144,FALSE,NA,"F844_S5","[Similar to: (2E)-N-[(2S,3R,4R,5R,6S)-2-{[(2S,3R,4R,5S,6R)-3-Acetamido-4,5-dihydroxy-6-(hydroxymethyl)tetrahydro-2H-pyran-2-yl]oxy}-6-{(2R)-2-[(2R,3S,4R,5R)-5-(2,4-dioxo-3,4-dihydro-1(2H)-pyrimidinyl)-3,4-dihydrox ytetrahydro-2-furanyl]-2-hydroxyethyl}-4,5-dihydroxytetrahydro-2H-pyran-3-yl]-14-methyl-2-pentadecenamide; ΔMass: -540.3409 Da]
303.08 m/z @ 5.14 min",NA,125,4.66666666666667
"1943","feat_844_spec_6",844,303.08358,5.144,9,1564,"[Similar to: (2E)-N-[(2S,3R,4R,5R,6S)-2-{[(2S,3R,4R,5S,6R)-3-Acetamido-4,5-dihydroxy-6-(hydroxymethyl)tetrahydro-2H-pyran-2-yl]oxy}-6-{(2R)-2-[(2R,3S,4R,5R)-5-(2,4-dioxo-3,4-dihydro-1(2H)-pyrimidinyl)-3,4-dihydrox ytetrahydro-2-furanyl]-2-hydroxyethyl}-4,5-dihydroxytetrahydro-2H-pyran-3-yl]-14-methyl-2-pentadecenamide; ΔMass: -540.3409 Da]",303.08358,5.144,FALSE,NA,"F844_S6","[Similar to: (2E)-N-[(2S,3R,4R,5R,6S)-2-{[(2S,3R,4R,5S,6R)-3-Acetamido-4,5-dihydroxy-6-(hydroxymethyl)tetrahydro-2H-pyran-2-yl]oxy}-6-{(2R)-2-[(2R,3S,4R,5R)-5-(2,4-dioxo-3,4-dihydro-1(2H)-pyrimidinyl)-3,4-dihydrox ytetrahydro-2-furanyl]-2-hydroxyethyl}-4,5-dihydroxytetrahydro-2H-pyran-3-yl]-14-methyl-2-pentadecenamide; ΔMass: -540.3409 Da]
303.08 m/z @ 5.14 min",NA,143,3.58823529411765
"1944","feat_844_spec_7",844,303.08358,5.144,28,1564,"[Similar to: (2E)-N-[(2S,3R,4R,5R,6S)-2-{[(2S,3R,4R,5S,6R)-3-Acetamido-4,5-dihydroxy-6-(hydroxymethyl)tetrahydro-2H-pyran-2-yl]oxy}-6-{(2R)-2-[(2R,3S,4R,5R)-5-(2,4-dioxo-3,4-dihydro-1(2H)-pyrimidinyl)-3,4-dihydrox ytetrahydro-2-furanyl]-2-hydroxyethyl}-4,5-dihydroxytetrahydro-2H-pyran-3-yl]-14-methyl-2-pentadecenamide; ΔMass: -540.3409 Da]",303.08358,5.144,FALSE,NA,"F844_S7","[Similar to: (2E)-N-[(2S,3R,4R,5R,6S)-2-{[(2S,3R,4R,5S,6R)-3-Acetamido-4,5-dihydroxy-6-(hydroxymethyl)tetrahydro-2H-pyran-2-yl]oxy}-6-{(2R)-2-[(2R,3S,4R,5R)-5-(2,4-dioxo-3,4-dihydro-1(2H)-pyrimidinyl)-3,4-dihydrox ytetrahydro-2-furanyl]-2-hydroxyethyl}-4,5-dihydroxytetrahydro-2H-pyran-3-yl]-14-methyl-2-pentadecenamide; ΔMass: -540.3409 Da]
303.08 m/z @ 5.14 min",NA,125,5.45098039215686
"1945","feat_844_spec_8",844,303.08358,5.144,11,1564,"[Similar to: (2E)-N-[(2S,3R,4R,5R,6S)-2-{[(2S,3R,4R,5S,6R)-3-Acetamido-4,5-dihydroxy-6-(hydroxymethyl)tetrahydro-2H-pyran-2-yl]oxy}-6-{(2R)-2-[(2R,3S,4R,5R)-5-(2,4-dioxo-3,4-dihydro-1(2H)-pyrimidinyl)-3,4-dihydrox ytetrahydro-2-furanyl]-2-hydroxyethyl}-4,5-dihydroxytetrahydro-2H-pyran-3-yl]-14-methyl-2-pentadecenamide; ΔMass: -540.3409 Da]",303.08358,5.144,FALSE,NA,"F844_S8","[Similar to: (2E)-N-[(2S,3R,4R,5R,6S)-2-{[(2S,3R,4R,5S,6R)-3-Acetamido-4,5-dihydroxy-6-(hydroxymethyl)tetrahydro-2H-pyran-2-yl]oxy}-6-{(2R)-2-[(2R,3S,4R,5R)-5-(2,4-dioxo-3,4-dihydro-1(2H)-pyrimidinyl)-3,4-dihydrox ytetrahydro-2-furanyl]-2-hydroxyethyl}-4,5-dihydroxytetrahydro-2H-pyran-3-yl]-14-methyl-2-pentadecenamide; ΔMass: -540.3409 Da]
303.08 m/z @ 5.14 min",NA,143,3.7843137254902
"1946","feat_845_spec_1",845,304.07861,2.063,17,1539,"convicine",304.07861,2.063,TRUE,42,"F845_S1","convicine
304.08 m/z @ 2.06 min
Rank: 42","convicine",2,6.92156862745098
"1948","feat_845_spec_3",845,304.07861,2.063,16,1539,"convicine",304.07861,2.063,TRUE,42,"F845_S3","convicine
304.08 m/z @ 2.06 min
Rank: 42","convicine",2,6.7843137254902
"1950","feat_845_spec_5",845,304.07861,2.063,20,1539,"convicine",304.07861,2.063,TRUE,42,"F845_S5","convicine
304.08 m/z @ 2.06 min
Rank: 42","convicine",2,7.33333333333333
"1952","feat_845_spec_7",845,304.07861,2.063,18,1539,"convicine",304.07861,2.063,TRUE,42,"F845_S7","convicine
304.08 m/z @ 2.06 min
Rank: 42","convicine",2,7.05882352941176
"1954","feat_845_spec_9",845,304.07861,2.063,14,1539,"convicine",304.07861,2.063,TRUE,42,"F845_S9","convicine
304.08 m/z @ 2.06 min
Rank: 42","convicine",2,6.50980392156863
"1956","feat_845_spec_11",845,304.07861,2.063,17,1539,"convicine",304.07861,2.063,TRUE,42,"F845_S11","convicine
304.08 m/z @ 2.06 min
Rank: 42","convicine",2,6.92156862745098
"1958","feat_845_spec_13",845,304.07861,2.063,17,1539,"convicine",304.07861,2.063,TRUE,42,"F845_S13","convicine
304.08 m/z @ 2.06 min
Rank: 42","convicine",2,6.92156862745098
"1960","feat_845_spec_15",845,304.07861,2.063,24,1539,"convicine",304.07861,2.063,TRUE,42,"F845_S15","convicine
304.08 m/z @ 2.06 min
Rank: 42","convicine",2,7.88235294117647
"1962","feat_845_spec_17",845,304.07861,2.063,19,1539,"convicine",304.07861,2.063,TRUE,42,"F845_S17","convicine
304.08 m/z @ 2.06 min
Rank: 42","convicine",2,7.19607843137255
"1964","feat_845_spec_19",845,304.07861,2.063,15,1539,"convicine",304.07861,2.063,TRUE,42,"F845_S19","convicine
304.08 m/z @ 2.06 min
Rank: 42","convicine",2,6.64705882352941
"1966","feat_845_spec_21",845,304.07861,2.063,13,1539,"convicine",304.07861,2.063,TRUE,42,"F845_S21","convicine
304.08 m/z @ 2.06 min
Rank: 42","convicine",2,6.37254901960784
"1968","feat_845_spec_23",845,304.07861,2.063,14,1539,"convicine",304.07861,2.063,TRUE,42,"F845_S23","convicine
304.08 m/z @ 2.06 min
Rank: 42","convicine",2,6.50980392156863
"1970","feat_846_spec_1",846,304.07878,1.85,16,218,"convicine",304.07878,1.85,TRUE,24,"F846_S1","convicine
304.08 m/z @ 1.85 min
Rank: 24","convicine",2,6.7843137254902
"1972","feat_846_spec_3",846,304.07878,1.85,17,218,"convicine",304.07878,1.85,TRUE,24,"F846_S3","convicine
304.08 m/z @ 1.85 min
Rank: 24","convicine",2,6.92156862745098
"1974","feat_846_spec_5",846,304.07878,1.85,20,218,"convicine",304.07878,1.85,TRUE,24,"F846_S5","convicine
304.08 m/z @ 1.85 min
Rank: 24","convicine",2,7.33333333333333
"1976","feat_846_spec_7",846,304.07878,1.85,15,218,"convicine",304.07878,1.85,TRUE,24,"F846_S7","convicine
304.08 m/z @ 1.85 min
Rank: 24","convicine",2,6.64705882352941
"1978","feat_846_spec_9",846,304.07878,1.85,11,218,"convicine",304.07878,1.85,TRUE,24,"F846_S9","convicine
304.08 m/z @ 1.85 min
Rank: 24","convicine",2,6.09803921568627
"1980","feat_846_spec_11",846,304.07878,1.85,17,218,"convicine",304.07878,1.85,TRUE,24,"F846_S11","convicine
304.08 m/z @ 1.85 min
Rank: 24","convicine",2,6.92156862745098
"1982","feat_846_spec_13",846,304.07878,1.85,19,218,"convicine",304.07878,1.85,TRUE,24,"F846_S13","convicine
304.08 m/z @ 1.85 min
Rank: 24","convicine",2,7.19607843137255
"1984","feat_848_spec_1",848,304.07884,3.524,25,308,"convicine",304.07884,3.524,TRUE,59,"F848_S1","convicine
304.08 m/z @ 3.52 min
Rank: 59","convicine",2,8.01960784313725
"1986","feat_848_spec_3",848,304.07884,3.524,15,308,"convicine",304.07884,3.524,TRUE,59,"F848_S3","convicine
304.08 m/z @ 3.52 min
Rank: 59","convicine",2,6.64705882352941
"1988","feat_848_spec_5",848,304.07884,3.524,17,308,"convicine",304.07884,3.524,TRUE,59,"F848_S5","convicine
304.08 m/z @ 3.52 min
Rank: 59","convicine",2,6.92156862745098
"1990","feat_848_spec_7",848,304.07884,3.524,11,308,"convicine",304.07884,3.524,TRUE,59,"F848_S7","convicine
304.08 m/z @ 3.52 min
Rank: 59","convicine",2,6.09803921568627
"1992","feat_848_spec_9",848,304.07884,3.524,27,308,"convicine",304.07884,3.524,TRUE,59,"F848_S9","convicine
304.08 m/z @ 3.52 min
Rank: 59","convicine",2,8.29411764705882
"1994","feat_848_spec_11",848,304.07884,3.524,15,308,"convicine",304.07884,3.524,TRUE,59,"F848_S11","convicine
304.08 m/z @ 3.52 min
Rank: 59","convicine",2,6.64705882352941
"1996","feat_851_spec_1",851,341.06052,3.758,30,8330,"Dehydrowarfarin",341.06052,3.758,FALSE,NA,"F851_S1","Dehydrowarfarin
341.06 m/z @ 3.76 min",NA,6,5.64705882352941
"1997","feat_851_spec_2",851,341.06052,3.758,34,8330,"Dehydrowarfarin",341.06052,3.758,FALSE,NA,"F851_S2","Dehydrowarfarin
341.06 m/z @ 3.76 min",NA,163,6.03921568627451
"1998","feat_852_spec_1",852,341.06048,3.657,18,6546,NA,341.06048,3.657,FALSE,NA,"F852_S1","Feature 852
341.06 m/z @ 3.66 min",NA,6,4.47058823529412
"1999","feat_852_spec_2",852,341.06048,3.657,20,6546,NA,341.06048,3.657,FALSE,NA,"F852_S2","Feature 852
341.06 m/z @ 3.66 min",NA,164,4.66666666666667
"2000","feat_852_spec_3",852,341.06048,3.657,19,6546,NA,341.06048,3.657,FALSE,NA,"F852_S3","Feature 852
341.06 m/z @ 3.66 min",NA,165,4.56862745098039
"2001","feat_852_spec_4",852,341.06048,3.657,23,6546,NA,341.06048,3.657,FALSE,NA,"F852_S4","Feature 852
341.06 m/z @ 3.66 min",NA,166,4.96078431372549
"2002","feat_854_spec_1",854,305.21579,3.902,18,152,NA,305.21579,3.902,TRUE,49,"F854_S1","Feature 854
305.22 m/z @ 3.9 min
Rank: 49","F854",15,7.05882352941176
"2003","feat_854_spec_2",854,305.21579,3.902,19,152,NA,305.21579,3.902,TRUE,49,"F854_S2","Feature 854
305.22 m/z @ 3.9 min
Rank: 49","F854",167,7.19607843137255
"2004","feat_854_spec_3",854,305.21579,3.902,23,152,NA,305.21579,3.902,TRUE,49,"F854_S3","Feature 854
305.22 m/z @ 3.9 min
Rank: 49","F854",15,7.74509803921569
"2005","feat_854_spec_4",854,305.21579,3.902,18,152,NA,305.21579,3.902,TRUE,49,"F854_S4","Feature 854
305.22 m/z @ 3.9 min
Rank: 49","F854",167,7.05882352941176
"2006","feat_854_spec_5",854,305.21579,3.902,23,152,NA,305.21579,3.902,TRUE,49,"F854_S5","Feature 854
305.22 m/z @ 3.9 min
Rank: 49","F854",15,7.74509803921569
"2007","feat_854_spec_6",854,305.21579,3.902,8,152,NA,305.21579,3.902,TRUE,49,"F854_S6","Feature 854
305.22 m/z @ 3.9 min
Rank: 49","F854",167,5.68627450980392
"2008","feat_854_spec_7",854,305.21579,3.902,33,152,NA,305.21579,3.902,TRUE,49,"F854_S7","Feature 854
305.22 m/z @ 3.9 min
Rank: 49","F854",15,9.11764705882353
"2010","feat_854_spec_9",854,305.21579,3.902,24,152,NA,305.21579,3.902,TRUE,49,"F854_S9","Feature 854
305.22 m/z @ 3.9 min
Rank: 49","F854",142,7.88235294117647
"2012","feat_855_spec_1",855,306.05809,5.127,14,1722,NA,306.05809,5.127,FALSE,NA,"F855_S1","Feature 855
306.06 m/z @ 5.13 min",NA,2,4.07843137254902
"2014","feat_855_spec_3",855,306.05809,5.127,16,1722,NA,306.05809,5.127,FALSE,NA,"F855_S3","Feature 855
306.06 m/z @ 5.13 min",NA,2,4.27450980392157
"2016","feat_857_spec_1",857,366.16705,8.263,14,2811,NA,366.16705,8.263,TRUE,170,"F857_S1","Feature 857
366.17 m/z @ 8.26 min
Rank: 170","F857",168,6.50980392156863
"2017","feat_857_spec_2",857,366.16705,8.263,16,2811,NA,366.16705,8.263,TRUE,170,"F857_S2","Feature 857
366.17 m/z @ 8.26 min
Rank: 170","F857",169,6.7843137254902
"2018","feat_859_spec_1",859,306.91796,4.564,28,8779,NA,306.91796,4.564,FALSE,NA,"F859_S1","Feature 859
306.92 m/z @ 4.56 min",NA,170,5.45098039215686
"2019","feat_859_spec_2",859,306.91796,4.564,13,8779,NA,306.91796,4.564,FALSE,NA,"F859_S2","Feature 859
306.92 m/z @ 4.56 min",NA,170,3.98039215686275
"2022","feat_864_spec_1",864,307.89375,8.725,20,657,NA,307.89375,8.725,TRUE,121,"F864_S1","Feature 864
307.89 m/z @ 8.72 min
Rank: 121","F864",171,7.33333333333333
"2023","feat_864_spec_2",864,307.89375,8.725,4,657,NA,307.89375,8.725,TRUE,121,"F864_S2","Feature 864
307.89 m/z @ 8.72 min
Rank: 121","F864",172,5.13725490196078
"2024","feat_864_spec_3",864,307.89375,8.725,13,657,NA,307.89375,8.725,TRUE,121,"F864_S3","Feature 864
307.89 m/z @ 8.72 min
Rank: 121","F864",173,6.37254901960784
"2025","feat_864_spec_4",864,307.89375,8.725,6,657,NA,307.89375,8.725,TRUE,121,"F864_S4","Feature 864
307.89 m/z @ 8.72 min
Rank: 121","F864",172,5.41176470588235
"2032","feat_868_spec_1",868,308.09888,7.492,14,791,"N-Acetylneuraminic acid",308.09888,7.492,FALSE,NA,"F868_S1","N-Acetylneuraminic acid
308.1 m/z @ 7.49 min",NA,174,4.07843137254902
"2033","feat_868_spec_2",868,308.09888,7.492,10,791,"N-Acetylneuraminic acid",308.09888,7.492,FALSE,NA,"F868_S2","N-Acetylneuraminic acid
308.1 m/z @ 7.49 min",NA,174,3.68627450980392
"2034","feat_868_spec_3",868,308.09888,7.492,14,791,"N-Acetylneuraminic acid",308.09888,7.492,FALSE,NA,"F868_S3","N-Acetylneuraminic acid
308.1 m/z @ 7.49 min",NA,174,4.07843137254902
"2035","feat_868_spec_4",868,308.09888,7.492,15,791,"N-Acetylneuraminic acid",308.09888,7.492,FALSE,NA,"F868_S4","N-Acetylneuraminic acid
308.1 m/z @ 7.49 min",NA,174,4.17647058823529
"2040","feat_870_spec_1",870,310.11588,4.501,26,1705,"N2-Dimethylguanosine",310.11588,4.501,TRUE,221,"F870_S1","N2-Dimethylguanosine
310.12 m/z @ 4.5 min
Rank: 221","N2-Dimethylguanosine",2,8.15686274509804
"2041","feat_870_spec_2",870,310.11588,4.501,10,1705,"N2-Dimethylguanosine",310.11588,4.501,TRUE,221,"F870_S2","N2-Dimethylguanosine
310.12 m/z @ 4.5 min
Rank: 221","N2-Dimethylguanosine",175,5.96078431372549
"2042","feat_870_spec_3",870,310.11588,4.501,18,1705,"N2-Dimethylguanosine",310.11588,4.501,TRUE,221,"F870_S3","N2-Dimethylguanosine
310.12 m/z @ 4.5 min
Rank: 221","N2-Dimethylguanosine",2,7.05882352941176
"2043","feat_870_spec_4",870,310.11588,4.501,14,1705,"N2-Dimethylguanosine",310.11588,4.501,TRUE,221,"F870_S4","N2-Dimethylguanosine
310.12 m/z @ 4.5 min
Rank: 221","N2-Dimethylguanosine",175,6.50980392156863
"2044","feat_870_spec_5",870,310.11588,4.501,27,1705,"N2-Dimethylguanosine",310.11588,4.501,TRUE,221,"F870_S5","N2-Dimethylguanosine
310.12 m/z @ 4.5 min
Rank: 221","N2-Dimethylguanosine",2,8.29411764705882
"2046","feat_870_spec_7",870,310.11588,4.501,15,1705,"N2-Dimethylguanosine",310.11588,4.501,TRUE,221,"F870_S7","N2-Dimethylguanosine
310.12 m/z @ 4.5 min
Rank: 221","N2-Dimethylguanosine",2,6.64705882352941
"2048","feat_872_spec_1",872,310.99401,8.575,15,1859,NA,310.99401,8.575,TRUE,238,"F872_S1","Feature 872
310.99 m/z @ 8.57 min
Rank: 238","F872",2,6.64705882352941
"2050","feat_873_spec_1",873,311.02896,3.49,15,588,NA,311.02896,3.49,FALSE,NA,"F873_S1","Feature 873
311.03 m/z @ 3.49 min",NA,25,4.17647058823529
"2051","feat_873_spec_2",873,311.02896,3.49,12,588,NA,311.02896,3.49,FALSE,NA,"F873_S2","Feature 873
311.03 m/z @ 3.49 min",NA,26,3.88235294117647
"2052","feat_873_spec_3",873,311.02896,3.49,12,588,NA,311.02896,3.49,FALSE,NA,"F873_S3","Feature 873
311.03 m/z @ 3.49 min",NA,25,3.88235294117647
"2053","feat_873_spec_4",873,311.02896,3.49,20,588,NA,311.02896,3.49,FALSE,NA,"F873_S4","Feature 873
311.03 m/z @ 3.49 min",NA,27,4.66666666666667
"2054","feat_874_spec_1",874,311.02899,3.443,15,2765,NA,311.02899,3.443,FALSE,NA,"F874_S1","Feature 874
311.03 m/z @ 3.44 min",NA,25,4.17647058823529
"2055","feat_874_spec_2",874,311.02899,3.443,12,2765,NA,311.02899,3.443,FALSE,NA,"F874_S2","Feature 874
311.03 m/z @ 3.44 min",NA,26,3.88235294117647
"2056","feat_874_spec_3",874,311.02899,3.443,12,2765,NA,311.02899,3.443,FALSE,NA,"F874_S3","Feature 874
311.03 m/z @ 3.44 min",NA,25,3.88235294117647
"2057","feat_874_spec_4",874,311.02899,3.443,20,2765,NA,311.02899,3.443,FALSE,NA,"F874_S4","Feature 874
311.03 m/z @ 3.44 min",NA,27,4.66666666666667
"2060","feat_877_spec_1",877,313.09313,4.624,21,1058,"Avenein",313.09313,4.624,FALSE,NA,"F877_S1","Avenein
313.09 m/z @ 4.62 min",NA,176,4.76470588235294
"2061","feat_877_spec_2",877,313.09313,4.624,14,1058,"Avenein",313.09313,4.624,FALSE,NA,"F877_S2","Avenein
313.09 m/z @ 4.62 min",NA,177,4.07843137254902
"2062","feat_877_spec_3",877,313.09313,4.624,14,1058,"Avenein",313.09313,4.624,FALSE,NA,"F877_S3","Avenein
313.09 m/z @ 4.62 min",NA,176,4.07843137254902
"2063","feat_877_spec_4",877,313.09313,4.624,18,1058,"Avenein",313.09313,4.624,FALSE,NA,"F877_S4","Avenein
313.09 m/z @ 4.62 min",NA,177,4.47058823529412
"2064","feat_880_spec_1",880,375.18866,8.432,14,4288,NA,375.18866,8.432,FALSE,NA,"F880_S1","Feature 880
375.19 m/z @ 8.43 min",NA,178,4.07843137254902
"2065","feat_880_spec_2",880,375.18866,8.432,24,4288,NA,375.18866,8.432,FALSE,NA,"F880_S2","Feature 880
375.19 m/z @ 8.43 min",NA,179,5.05882352941176
"2066","feat_881_spec_1",881,315.16749,9.09,12,5095,NA,315.16749,9.09,FALSE,NA,"F881_S1","Feature 881
315.17 m/z @ 9.09 min",NA,2,3.88235294117647
"2068","feat_881_spec_3",881,315.16749,9.09,18,5095,NA,315.16749,9.09,FALSE,NA,"F881_S3","Feature 881
315.17 m/z @ 9.09 min",NA,2,4.47058823529412
"2070","feat_882_spec_1",882,316.77921,3.754,21,254,NA,316.77921,3.754,FALSE,NA,"F882_S1","Feature 882
316.78 m/z @ 3.75 min",NA,15,4.76470588235294
"2074","feat_882_spec_5",882,316.77921,3.754,26,254,NA,316.77921,3.754,FALSE,NA,"F882_S5","Feature 882
316.78 m/z @ 3.75 min",NA,15,5.25490196078431
"2075","feat_882_spec_6",882,316.77921,3.754,19,254,NA,316.77921,3.754,FALSE,NA,"F882_S6","Feature 882
316.78 m/z @ 3.75 min",NA,180,4.56862745098039
"2076","feat_882_spec_7",882,316.77921,3.754,30,254,NA,316.77921,3.754,FALSE,NA,"F882_S7","Feature 882
316.78 m/z @ 3.75 min",NA,15,5.64705882352941
"2077","feat_882_spec_8",882,316.77921,3.754,21,254,NA,316.77921,3.754,FALSE,NA,"F882_S8","Feature 882
316.78 m/z @ 3.75 min",NA,180,4.76470588235294
"2088","feat_890_spec_1",890,319.23141,3.89,25,381,"11,12-Epoxy-(5Z,8Z,11Z)-icosatrienoic acid",319.23141,3.89,TRUE,96,"F890_S1","11,12-Epoxy-(5Z,8Z,11Z)-icosatrienoic acid
319.23 m/z @ 3.89 min
Rank: 96","11,12-Epoxy-(5Z,8Z,11Z)-icosatrienoic acid",15,8.01960784313725
"2089","feat_890_spec_2",890,319.23141,3.89,14,381,"11,12-Epoxy-(5Z,8Z,11Z)-icosatrienoic acid",319.23141,3.89,TRUE,96,"F890_S2","11,12-Epoxy-(5Z,8Z,11Z)-icosatrienoic acid
319.23 m/z @ 3.89 min
Rank: 96","11,12-Epoxy-(5Z,8Z,11Z)-icosatrienoic acid",180,6.50980392156863
"2090","feat_890_spec_3",890,319.23141,3.89,35,381,"11,12-Epoxy-(5Z,8Z,11Z)-icosatrienoic acid",319.23141,3.89,TRUE,96,"F890_S3","11,12-Epoxy-(5Z,8Z,11Z)-icosatrienoic acid
319.23 m/z @ 3.89 min
Rank: 96","11,12-Epoxy-(5Z,8Z,11Z)-icosatrienoic acid",15,9.3921568627451
"2091","feat_890_spec_4",890,319.23141,3.89,19,381,"11,12-Epoxy-(5Z,8Z,11Z)-icosatrienoic acid",319.23141,3.89,TRUE,96,"F890_S4","11,12-Epoxy-(5Z,8Z,11Z)-icosatrienoic acid
319.23 m/z @ 3.89 min
Rank: 96","11,12-Epoxy-(5Z,8Z,11Z)-icosatrienoic acid",180,7.19607843137255
"2092","feat_890_spec_5",890,319.23141,3.89,22,381,"11,12-Epoxy-(5Z,8Z,11Z)-icosatrienoic acid",319.23141,3.89,TRUE,96,"F890_S5","11,12-Epoxy-(5Z,8Z,11Z)-icosatrienoic acid
319.23 m/z @ 3.89 min
Rank: 96","11,12-Epoxy-(5Z,8Z,11Z)-icosatrienoic acid",15,7.6078431372549
"2094","feat_892_spec_1",892,320.0737,1.64,17,4300,NA,320.0737,1.64,FALSE,NA,"F892_S1","Feature 892
320.07 m/z @ 1.64 min",NA,2,4.37254901960784
"2096","feat_892_spec_3",892,320.0737,1.64,12,4300,NA,320.0737,1.64,FALSE,NA,"F892_S3","Feature 892
320.07 m/z @ 1.64 min",NA,2,3.88235294117647
"2098","feat_894_spec_1",894,320.23476,3.899,22,4568,NA,320.23476,3.899,FALSE,NA,"F894_S1","Feature 894
320.23 m/z @ 3.9 min",NA,15,4.86274509803922
"2100","feat_896_spec_1",896,321.0494,8.348,15,108,"Thymidine 5'-monophosphate",321.0494,8.348,FALSE,NA,"F896_S1","Thymidine 5'-monophosphate
321.05 m/z @ 8.35 min",NA,2,4.17647058823529
"2101","feat_896_spec_2",896,321.0494,8.348,18,108,"Thymidine 5'-monophosphate",321.0494,8.348,FALSE,NA,"F896_S2","Thymidine 5'-monophosphate
321.05 m/z @ 8.35 min",NA,181,4.47058823529412
"2102","feat_896_spec_3",896,321.0494,8.348,21,108,"Thymidine 5'-monophosphate",321.0494,8.348,FALSE,NA,"F896_S3","Thymidine 5'-monophosphate
321.05 m/z @ 8.35 min",NA,2,4.76470588235294
"2103","feat_896_spec_4",896,321.0494,8.348,20,108,"Thymidine 5'-monophosphate",321.0494,8.348,FALSE,NA,"F896_S4","Thymidine 5'-monophosphate
321.05 m/z @ 8.35 min",NA,181,4.66666666666667
"2108","feat_901_spec_1",901,324.0938,5.891,17,2114,"N-Glycolylneuraminic acid",324.0938,5.891,FALSE,NA,"F901_S1","N-Glycolylneuraminic acid
324.09 m/z @ 5.89 min",NA,182,4.37254901960784
"2109","feat_901_spec_2",901,324.0938,5.891,13,2114,"N-Glycolylneuraminic acid",324.0938,5.891,FALSE,NA,"F901_S2","N-Glycolylneuraminic acid
324.09 m/z @ 5.89 min",NA,183,3.98039215686275
"2110","feat_901_spec_3",901,324.0938,5.891,19,2114,"N-Glycolylneuraminic acid",324.0938,5.891,FALSE,NA,"F901_S3","N-Glycolylneuraminic acid
324.09 m/z @ 5.89 min",NA,182,4.56862745098039
"2111","feat_901_spec_4",901,324.0938,5.891,19,2114,"N-Glycolylneuraminic acid",324.0938,5.891,FALSE,NA,"F901_S4","N-Glycolylneuraminic acid
324.09 m/z @ 5.89 min",NA,183,4.56862745098039
"2112","feat_902_spec_1",902,325.04178,4.561,19,3132,NA,325.04178,4.561,FALSE,NA,"F902_S1","Feature 902
325.04 m/z @ 4.56 min",NA,2,4.56862745098039
"2113","feat_902_spec_2",902,325.04178,4.561,15,3132,NA,325.04178,4.561,FALSE,NA,"F902_S2","Feature 902
325.04 m/z @ 4.56 min",NA,2,4.17647058823529
"2114","feat_902_spec_3",902,325.04178,4.561,20,3132,NA,325.04178,4.561,FALSE,NA,"F902_S3","Feature 902
325.04 m/z @ 4.56 min",NA,2,4.66666666666667
"2115","feat_902_spec_4",902,325.04178,4.561,16,3132,NA,325.04178,4.561,FALSE,NA,"F902_S4","Feature 902
325.04 m/z @ 4.56 min",NA,2,4.27450980392157
"2116","feat_905_spec_1",905,325.04459,3.49,22,526,NA,325.04459,3.49,TRUE,62,"F905_S1","Feature 905
325.04 m/z @ 3.49 min
Rank: 62","F905",25,7.6078431372549
"2117","feat_905_spec_2",905,325.04459,3.49,18,526,NA,325.04459,3.49,TRUE,62,"F905_S2","Feature 905
325.04 m/z @ 3.49 min
Rank: 62","F905",184,7.05882352941176
"2118","feat_905_spec_3",905,325.04459,3.49,17,526,NA,325.04459,3.49,TRUE,62,"F905_S3","Feature 905
325.04 m/z @ 3.49 min
Rank: 62","F905",25,6.92156862745098
"2120","feat_908_spec_1",908,325.04465,3.451,22,976,NA,325.04465,3.451,FALSE,NA,"F908_S1","Feature 908
325.04 m/z @ 3.45 min",NA,25,4.86274509803922
"2121","feat_908_spec_2",908,325.04465,3.451,18,976,NA,325.04465,3.451,FALSE,NA,"F908_S2","Feature 908
325.04 m/z @ 3.45 min",NA,184,4.47058823529412
"2122","feat_908_spec_3",908,325.04465,3.451,17,976,NA,325.04465,3.451,FALSE,NA,"F908_S3","Feature 908
325.04 m/z @ 3.45 min",NA,25,4.37254901960784
"2123","feat_909_spec_1",909,325.04465,3.443,22,523,NA,325.04465,3.443,TRUE,317,"F909_S1","Feature 909
325.04 m/z @ 3.44 min
Rank: 317","F909",25,7.6078431372549
"2124","feat_909_spec_2",909,325.04465,3.443,18,523,NA,325.04465,3.443,TRUE,317,"F909_S2","Feature 909
325.04 m/z @ 3.44 min
Rank: 317","F909",184,7.05882352941176
"2125","feat_911_spec_1",911,307.89376,8.732,20,821,NA,307.89376,8.732,TRUE,127,"F911_S1","Feature 911
307.89 m/z @ 8.73 min
Rank: 127","F911",171,7.33333333333333
"2126","feat_911_spec_2",911,307.89376,8.732,4,821,NA,307.89376,8.732,TRUE,127,"F911_S2","Feature 911
307.89 m/z @ 8.73 min
Rank: 127","F911",172,5.13725490196078
"2127","feat_911_spec_3",911,307.89376,8.732,13,821,NA,307.89376,8.732,TRUE,127,"F911_S3","Feature 911
307.89 m/z @ 8.73 min
Rank: 127","F911",173,6.37254901960784
"2128","feat_911_spec_4",911,307.89376,8.732,6,821,NA,307.89376,8.732,TRUE,127,"F911_S4","Feature 911
307.89 m/z @ 8.73 min
Rank: 127","F911",172,5.41176470588235
"2129","feat_912_spec_1",912,326.10949,7.314,14,2373,NA,326.10949,7.314,FALSE,NA,"F912_S1","Feature 912
326.11 m/z @ 7.31 min",NA,45,4.07843137254902
"2130","feat_912_spec_2",912,326.10949,7.314,19,2373,NA,326.10949,7.314,FALSE,NA,"F912_S2","Feature 912
326.11 m/z @ 7.31 min",NA,185,4.56862745098039
"2131","feat_912_spec_3",912,326.10949,7.314,17,2373,NA,326.10949,7.314,FALSE,NA,"F912_S3","Feature 912
326.11 m/z @ 7.31 min",NA,45,4.37254901960784
"2132","feat_912_spec_4",912,326.10949,7.314,21,2373,NA,326.10949,7.314,FALSE,NA,"F912_S4","Feature 912
326.11 m/z @ 7.31 min",NA,185,4.76470588235294
"2133","feat_913_spec_1",913,326.11085,5.293,22,1183,"[Similar to: N-[4-({(2S)-2-[3-(4-Amino-5-pyrimidinyl)-1,2,4-oxadiazol-5-yl]-1-pyrrolidinyl}methyl)phenyl]acetamide; ΔMass: -52.0575 Da]",326.11085,5.293,TRUE,259,"F913_S1","[Similar to: N-[4-({(2S)-2-[3-(4-Amino-5-pyrimidinyl)-1,2,4-oxadiazol-5-yl]-1-pyrrolidinyl}methyl)phenyl]acetamide; ΔMass: -52.0575 Da]
326.11 m/z @ 5.29 min
Rank: 259","[Similar to: N-[4-({(2S)-2-[3-(4-Amino-5-pyrimidinyl)-1,2,4-oxadiazol-5-yl]-1-pyrrolidinyl}methyl)phenyl]acetamide; ΔMass: -52.0575 Da]",186,7.6078431372549
"2134","feat_913_spec_2",913,326.11085,5.293,21,1183,"[Similar to: N-[4-({(2S)-2-[3-(4-Amino-5-pyrimidinyl)-1,2,4-oxadiazol-5-yl]-1-pyrrolidinyl}methyl)phenyl]acetamide; ΔMass: -52.0575 Da]",326.11085,5.293,TRUE,259,"F913_S2","[Similar to: N-[4-({(2S)-2-[3-(4-Amino-5-pyrimidinyl)-1,2,4-oxadiazol-5-yl]-1-pyrrolidinyl}methyl)phenyl]acetamide; ΔMass: -52.0575 Da]
326.11 m/z @ 5.29 min
Rank: 259","[Similar to: N-[4-({(2S)-2-[3-(4-Amino-5-pyrimidinyl)-1,2,4-oxadiazol-5-yl]-1-pyrrolidinyl}methyl)phenyl]acetamide; ΔMass: -52.0575 Da]",187,7.47058823529412
"2135","feat_913_spec_3",913,326.11085,5.293,10,1183,"[Similar to: N-[4-({(2S)-2-[3-(4-Amino-5-pyrimidinyl)-1,2,4-oxadiazol-5-yl]-1-pyrrolidinyl}methyl)phenyl]acetamide; ΔMass: -52.0575 Da]",326.11085,5.293,TRUE,259,"F913_S3","[Similar to: N-[4-({(2S)-2-[3-(4-Amino-5-pyrimidinyl)-1,2,4-oxadiazol-5-yl]-1-pyrrolidinyl}methyl)phenyl]acetamide; ΔMass: -52.0575 Da]
326.11 m/z @ 5.29 min
Rank: 259","[Similar to: N-[4-({(2S)-2-[3-(4-Amino-5-pyrimidinyl)-1,2,4-oxadiazol-5-yl]-1-pyrrolidinyl}methyl)phenyl]acetamide; ΔMass: -52.0575 Da]",186,5.96078431372549
"2136","feat_913_spec_4",913,326.11085,5.293,17,1183,"[Similar to: N-[4-({(2S)-2-[3-(4-Amino-5-pyrimidinyl)-1,2,4-oxadiazol-5-yl]-1-pyrrolidinyl}methyl)phenyl]acetamide; ΔMass: -52.0575 Da]",326.11085,5.293,TRUE,259,"F913_S4","[Similar to: N-[4-({(2S)-2-[3-(4-Amino-5-pyrimidinyl)-1,2,4-oxadiazol-5-yl]-1-pyrrolidinyl}methyl)phenyl]acetamide; ΔMass: -52.0575 Da]
326.11 m/z @ 5.29 min
Rank: 259","[Similar to: N-[4-({(2S)-2-[3-(4-Amino-5-pyrimidinyl)-1,2,4-oxadiazol-5-yl]-1-pyrrolidinyl}methyl)phenyl]acetamide; ΔMass: -52.0575 Da]",187,6.92156862745098
"2137","feat_914_spec_1",914,326.18353,9.774,12,3151,NA,326.18353,9.774,FALSE,NA,"F914_S1","Feature 914
326.18 m/z @ 9.77 min",NA,2,3.88235294117647
"2139","feat_914_spec_3",914,326.18353,9.774,16,3151,NA,326.18353,9.774,FALSE,NA,"F914_S3","Feature 914
326.18 m/z @ 9.77 min",NA,2,4.27450980392157
"2140","feat_914_spec_4",914,326.18353,9.774,15,3151,NA,326.18353,9.774,FALSE,NA,"F914_S4","Feature 914
326.18 m/z @ 9.77 min",NA,2,4.17647058823529
"2142","feat_917_spec_1",917,326.98896,8.633,7,2696,"[Similar to: D-Ribose-1-phosphate; ΔMass: 97.9771 Da]",326.98896,8.633,FALSE,NA,"F917_S1","[Similar to: D-Ribose-1-phosphate; ΔMass: 97.9771 Da]
326.99 m/z @ 8.63 min",NA,2,3.3921568627451
"2143","feat_917_spec_2",917,326.98896,8.633,13,2696,"[Similar to: D-Ribose-1-phosphate; ΔMass: 97.9771 Da]",326.98896,8.633,FALSE,NA,"F917_S2","[Similar to: D-Ribose-1-phosphate; ΔMass: 97.9771 Da]
326.99 m/z @ 8.63 min",NA,137,3.98039215686275
"2147","feat_920_spec_2",920,329.09916,2.031,14,6116,NA,329.09916,2.031,FALSE,NA,"F920_S2","Feature 920
329.1 m/z @ 2.03 min",NA,7,4.07843137254902
"2149","feat_920_spec_4",920,329.09916,2.031,12,6116,NA,329.09916,2.031,FALSE,NA,"F920_S4","Feature 920
329.1 m/z @ 2.03 min",NA,7,3.88235294117647
"2152","feat_921_spec_1",921,329.09919,2.487,10,9131,NA,329.09919,2.487,FALSE,NA,"F921_S1","Feature 921
329.1 m/z @ 2.49 min",NA,7,3.68627450980392
"2154","feat_921_spec_3",921,329.09919,2.487,11,9131,NA,329.09919,2.487,FALSE,NA,"F921_S3","Feature 921
329.1 m/z @ 2.49 min",NA,7,3.7843137254902
"2158","feat_922_spec_2",922,330.061,8.533,17,841,"2'-Deoxyadenosine 5'-monophosphate (dAMP)",330.061,8.533,FALSE,NA,"F922_S2","2'-Deoxyadenosine 5'-monophosphate (dAMP)
330.06 m/z @ 8.53 min",NA,136,4.37254901960784
"2159","feat_923_spec_1",923,330.10558,6.083,29,785,NA,330.10558,6.083,FALSE,NA,"F923_S1","Feature 923
330.11 m/z @ 6.08 min",NA,136,5.54901960784314
"2160","feat_923_spec_2",923,330.10558,6.083,39,785,NA,330.10558,6.083,FALSE,NA,"F923_S2","Feature 923
330.11 m/z @ 6.08 min",NA,136,6.52941176470588
"2161","feat_923_spec_3",923,330.10558,6.083,37,785,NA,330.10558,6.083,FALSE,NA,"F923_S3","Feature 923
330.11 m/z @ 6.08 min",NA,136,6.33333333333333
"2162","feat_923_spec_4",923,330.10558,6.083,31,785,NA,330.10558,6.083,FALSE,NA,"F923_S4","Feature 923
330.11 m/z @ 6.08 min",NA,136,5.74509803921569
"2163","feat_923_spec_5",923,330.10558,6.083,22,785,NA,330.10558,6.083,FALSE,NA,"F923_S5","Feature 923
330.11 m/z @ 6.08 min",NA,136,4.86274509803922
"2164","feat_923_spec_6",923,330.10558,6.083,29,785,NA,330.10558,6.083,FALSE,NA,"F923_S6","Feature 923
330.11 m/z @ 6.08 min",NA,188,5.54901960784314
"2165","feat_923_spec_7",923,330.10558,6.083,27,785,NA,330.10558,6.083,FALSE,NA,"F923_S7","Feature 923
330.11 m/z @ 6.08 min",NA,136,5.35294117647059
"2166","feat_923_spec_8",923,330.10558,6.083,24,785,NA,330.10558,6.083,FALSE,NA,"F923_S8","Feature 923
330.11 m/z @ 6.08 min",NA,188,5.05882352941176
"2167","feat_925_spec_1",925,332.90145,3.739,18,2141,NA,332.90145,3.739,FALSE,NA,"F925_S1","Feature 925
332.9 m/z @ 3.74 min",NA,15,4.47058823529412
"2168","feat_925_spec_2",925,332.90145,3.739,21,2141,NA,332.90145,3.739,FALSE,NA,"F925_S2","Feature 925
332.9 m/z @ 3.74 min",NA,15,4.76470588235294
"2169","feat_927_spec_1",927,333.13059,5.755,23,1242,"N,N-diacetyllegionaminic acid",333.13059,5.755,TRUE,165,"F927_S1","N,N-diacetyllegionaminic acid
333.13 m/z @ 5.76 min
Rank: 165","N,N-diacetyllegionaminic acid",189,7.74509803921569
"2170","feat_927_spec_2",927,333.13059,5.755,21,1242,"N,N-diacetyllegionaminic acid",333.13059,5.755,TRUE,165,"F927_S2","N,N-diacetyllegionaminic acid
333.13 m/z @ 5.76 min
Rank: 165","N,N-diacetyllegionaminic acid",189,7.47058823529412
"2171","feat_927_spec_3",927,333.13059,5.755,10,1242,"N,N-diacetyllegionaminic acid",333.13059,5.755,TRUE,165,"F927_S3","N,N-diacetyllegionaminic acid
333.13 m/z @ 5.76 min
Rank: 165","N,N-diacetyllegionaminic acid",189,5.96078431372549
"2172","feat_927_spec_4",927,333.13059,5.755,18,1242,"N,N-diacetyllegionaminic acid",333.13059,5.755,TRUE,165,"F927_S4","N,N-diacetyllegionaminic acid
333.13 m/z @ 5.76 min
Rank: 165","N,N-diacetyllegionaminic acid",189,7.05882352941176
"2173","feat_927_spec_5",927,333.13059,5.755,20,1242,"N,N-diacetyllegionaminic acid",333.13059,5.755,TRUE,165,"F927_S5","N,N-diacetyllegionaminic acid
333.13 m/z @ 5.76 min
Rank: 165","N,N-diacetyllegionaminic acid",189,7.33333333333333
"2174","feat_927_spec_6",927,333.13059,5.755,13,1242,"N,N-diacetyllegionaminic acid",333.13059,5.755,TRUE,165,"F927_S6","N,N-diacetyllegionaminic acid
333.13 m/z @ 5.76 min
Rank: 165","N,N-diacetyllegionaminic acid",189,6.37254901960784
"2175","feat_931_spec_1",931,338.14593,5.795,31,268,NA,338.14593,5.795,FALSE,NA,"F931_S1","Feature 931
338.15 m/z @ 5.8 min",NA,190,5.74509803921569
"2176","feat_931_spec_2",931,338.14593,5.795,42,268,NA,338.14593,5.795,FALSE,NA,"F931_S2","Feature 931
338.15 m/z @ 5.8 min",NA,190,6.8235294117647
"2177","feat_931_spec_3",931,338.14593,5.795,27,268,NA,338.14593,5.795,FALSE,NA,"F931_S3","Feature 931
338.15 m/z @ 5.8 min",NA,190,5.35294117647059
"2178","feat_931_spec_4",931,338.14593,5.795,29,268,NA,338.14593,5.795,FALSE,NA,"F931_S4","Feature 931
338.15 m/z @ 5.8 min",NA,190,5.54901960784314
"2181","feat_935_spec_1",935,340.12512,6.957,22,1412,"6-(α-D-glucosaminyl)-1D-myo-inositol",340.12512,6.957,FALSE,NA,"F935_S1","6-(α-D-glucosaminyl)-1D-myo-inositol
340.13 m/z @ 6.96 min",NA,45,4.86274509803922
"2182","feat_935_spec_2",935,340.12512,6.957,19,1412,"6-(α-D-glucosaminyl)-1D-myo-inositol",340.12512,6.957,FALSE,NA,"F935_S2","6-(α-D-glucosaminyl)-1D-myo-inositol
340.13 m/z @ 6.96 min",NA,191,4.56862745098039
"2183","feat_935_spec_3",935,340.12512,6.957,20,1412,"6-(α-D-glucosaminyl)-1D-myo-inositol",340.12512,6.957,FALSE,NA,"F935_S3","6-(α-D-glucosaminyl)-1D-myo-inositol
340.13 m/z @ 6.96 min",NA,45,4.66666666666667
"2184","feat_935_spec_4",935,340.12512,6.957,21,1412,"6-(α-D-glucosaminyl)-1D-myo-inositol",340.12512,6.957,FALSE,NA,"F935_S4","6-(α-D-glucosaminyl)-1D-myo-inositol
340.13 m/z @ 6.96 min",NA,191,4.76470588235294
"2187","feat_936_spec_1",936,340.12519,7.199,12,3735,"2-Amino-2-deoxy-4-O-β-D-galactopyranosyl-D-glucose",340.12519,7.199,FALSE,NA,"F936_S1","2-Amino-2-deoxy-4-O-β-D-galactopyranosyl-D-glucose
340.13 m/z @ 7.2 min",NA,192,3.88235294117647
"2188","feat_936_spec_2",936,340.12519,7.199,13,3735,"2-Amino-2-deoxy-4-O-β-D-galactopyranosyl-D-glucose",340.12519,7.199,FALSE,NA,"F936_S2","2-Amino-2-deoxy-4-O-β-D-galactopyranosyl-D-glucose
340.13 m/z @ 7.2 min",NA,191,3.98039215686275
"2189","feat_936_spec_3",936,340.12519,7.199,13,3735,"2-Amino-2-deoxy-4-O-β-D-galactopyranosyl-D-glucose",340.12519,7.199,FALSE,NA,"F936_S3","2-Amino-2-deoxy-4-O-β-D-galactopyranosyl-D-glucose
340.13 m/z @ 7.2 min",NA,192,3.98039215686275
"2190","feat_936_spec_4",936,340.12519,7.199,16,3735,"2-Amino-2-deoxy-4-O-β-D-galactopyranosyl-D-glucose",340.12519,7.199,FALSE,NA,"F936_S4","2-Amino-2-deoxy-4-O-β-D-galactopyranosyl-D-glucose
340.13 m/z @ 7.2 min",NA,191,4.27450980392157
"2193","feat_938_spec_3",938,341.00837,1.807,7,3642,NA,341.00837,1.807,TRUE,8,"F938_S3","Feature 938
341.01 m/z @ 1.81 min
Rank: 8","F938",31,5.54901960784314
"2197","feat_939_spec_1",939,341.00854,2.082,10,2147,NA,341.00854,2.082,TRUE,14,"F939_S1","Feature 939
341.01 m/z @ 2.08 min
Rank: 14","F939",31,5.96078431372549
"2201","feat_940_spec_1",940,341.01572,4.569,19,4341,NA,341.01572,4.569,FALSE,NA,"F940_S1","Feature 940
341.02 m/z @ 4.57 min",NA,2,4.56862745098039
"2202","feat_940_spec_2",940,341.01572,4.569,15,4341,NA,341.01572,4.569,FALSE,NA,"F940_S2","Feature 940
341.02 m/z @ 4.57 min",NA,2,4.17647058823529
"2203","feat_942_spec_1",942,341.06043,3.668,18,3475,NA,341.06043,3.668,FALSE,NA,"F942_S1","Feature 942
341.06 m/z @ 3.67 min",NA,6,4.47058823529412
"2204","feat_942_spec_2",942,341.06043,3.668,20,3475,NA,341.06043,3.668,FALSE,NA,"F942_S2","Feature 942
341.06 m/z @ 3.67 min",NA,164,4.66666666666667
"2205","feat_942_spec_3",942,341.06043,3.668,19,3475,NA,341.06043,3.668,FALSE,NA,"F942_S3","Feature 942
341.06 m/z @ 3.67 min",NA,165,4.56862745098039
"2206","feat_942_spec_4",942,341.06043,3.668,23,3475,NA,341.06043,3.668,FALSE,NA,"F942_S4","Feature 942
341.06 m/z @ 3.67 min",NA,166,4.96078431372549
"2207","feat_942_spec_5",942,341.06043,3.668,30,3475,NA,341.06043,3.668,FALSE,NA,"F942_S5","Feature 942
341.06 m/z @ 3.67 min",NA,6,5.64705882352941
"2208","feat_942_spec_6",942,341.06043,3.668,34,3475,NA,341.06043,3.668,FALSE,NA,"F942_S6","Feature 942
341.06 m/z @ 3.67 min",NA,163,6.03921568627451
"2209","feat_943_spec_1",943,341.06048,3.753,30,4893,NA,341.06048,3.753,FALSE,NA,"F943_S1","Feature 943
341.06 m/z @ 3.75 min",NA,6,5.64705882352941
"2210","feat_943_spec_2",943,341.06048,3.753,34,4893,NA,341.06048,3.753,FALSE,NA,"F943_S2","Feature 943
341.06 m/z @ 3.75 min",NA,163,6.03921568627451
"2215","feat_953_spec_1",953,344.18274,8.491,20,1185,NA,344.18274,8.491,FALSE,NA,"F953_S1","Feature 953
344.18 m/z @ 8.49 min",NA,151,4.66666666666667
"2216","feat_953_spec_2",953,344.18274,8.491,16,1185,NA,344.18274,8.491,FALSE,NA,"F953_S2","Feature 953
344.18 m/z @ 8.49 min",NA,136,4.27450980392157
"2217","feat_954_spec_1",954,344.21918,7.952,22,1855,NA,344.21918,7.952,TRUE,115,"F954_S1","Feature 954
344.22 m/z @ 7.95 min
Rank: 115","F954",151,7.6078431372549
"2218","feat_954_spec_2",954,344.21918,7.952,24,1855,NA,344.21918,7.952,TRUE,115,"F954_S2","Feature 954
344.22 m/z @ 7.95 min
Rank: 115","F954",136,7.88235294117647
"2219","feat_955_spec_1",955,345.00338,3.482,19,1704,NA,345.00338,3.482,FALSE,NA,"F955_S1","Feature 955
345 m/z @ 3.48 min",NA,15,4.56862745098039
"2220","feat_955_spec_2",955,345.00338,3.482,24,1704,NA,345.00338,3.482,FALSE,NA,"F955_S2","Feature 955
345 m/z @ 3.48 min",NA,15,5.05882352941176
"2221","feat_955_spec_3",955,345.00338,3.482,16,1704,NA,345.00338,3.482,FALSE,NA,"F955_S3","Feature 955
345 m/z @ 3.48 min",NA,15,4.27450980392157
"2222","feat_955_spec_4",955,345.00338,3.482,12,1704,NA,345.00338,3.482,FALSE,NA,"F955_S4","Feature 955
345 m/z @ 3.48 min",NA,15,3.88235294117647
"2223","feat_956_spec_1",956,345.00337,3.769,25,2046,NA,345.00337,3.769,FALSE,NA,"F956_S1","Feature 956
345 m/z @ 3.77 min",NA,15,5.15686274509804
"2224","feat_956_spec_2",956,345.00337,3.769,25,2046,NA,345.00337,3.769,FALSE,NA,"F956_S2","Feature 956
345 m/z @ 3.77 min",NA,15,5.15686274509804
"2225","feat_956_spec_3",956,345.00337,3.769,27,2046,NA,345.00337,3.769,FALSE,NA,"F956_S3","Feature 956
345 m/z @ 3.77 min",NA,15,5.35294117647059
"2226","feat_956_spec_4",956,345.00337,3.769,27,2046,NA,345.00337,3.769,FALSE,NA,"F956_S4","Feature 956
345 m/z @ 3.77 min",NA,15,5.35294117647059
"2227","feat_958_spec_1",958,350.87695,4.57,23,1667,NA,350.87695,4.57,TRUE,434,"F958_S1","Feature 958
350.88 m/z @ 4.57 min
Rank: 434","F958",61,7.74509803921569
"2228","feat_958_spec_2",958,350.87695,4.57,20,1667,NA,350.87695,4.57,TRUE,434,"F958_S2","Feature 958
350.88 m/z @ 4.57 min
Rank: 434","F958",61,7.33333333333333
"2229","feat_958_spec_3",958,350.87695,4.57,23,1667,NA,350.87695,4.57,TRUE,434,"F958_S3","Feature 958
350.88 m/z @ 4.57 min
Rank: 434","F958",61,7.74509803921569
"2230","feat_958_spec_4",958,350.87695,4.57,23,1667,NA,350.87695,4.57,TRUE,434,"F958_S4","Feature 958
350.88 m/z @ 4.57 min
Rank: 434","F958",61,7.74509803921569
"2231","feat_958_spec_5",958,350.87695,4.57,21,1667,NA,350.87695,4.57,TRUE,434,"F958_S5","Feature 958
350.88 m/z @ 4.57 min
Rank: 434","F958",61,7.47058823529412
"2232","feat_958_spec_6",958,350.87695,4.57,25,1667,NA,350.87695,4.57,TRUE,434,"F958_S6","Feature 958
350.88 m/z @ 4.57 min
Rank: 434","F958",61,8.01960784313725
"2233","feat_958_spec_7",958,350.87695,4.57,19,1667,NA,350.87695,4.57,TRUE,434,"F958_S7","Feature 958
350.88 m/z @ 4.57 min
Rank: 434","F958",62,7.19607843137255
"2234","feat_958_spec_8",958,350.87695,4.57,18,1667,NA,350.87695,4.57,TRUE,434,"F958_S8","Feature 958
350.88 m/z @ 4.57 min
Rank: 434","F958",63,7.05882352941176
"2235","feat_958_spec_9",958,350.87695,4.57,16,1667,NA,350.87695,4.57,TRUE,434,"F958_S9","Feature 958
350.88 m/z @ 4.57 min
Rank: 434","F958",64,6.7843137254902
"2236","feat_958_spec_10",958,350.87695,4.57,15,1667,NA,350.87695,4.57,TRUE,434,"F958_S10","Feature 958
350.88 m/z @ 4.57 min
Rank: 434","F958",63,6.64705882352941
"2237","feat_959_spec_1",959,351.09346,6.568,21,918,NA,351.09346,6.568,TRUE,119,"F959_S1","Feature 959
351.09 m/z @ 6.57 min
Rank: 119","F959",193,7.47058823529412
"2238","feat_959_spec_2",959,351.09346,6.568,19,918,NA,351.09346,6.568,TRUE,119,"F959_S2","Feature 959
351.09 m/z @ 6.57 min
Rank: 119","F959",194,7.19607843137255
"2239","feat_959_spec_3",959,351.09346,6.568,15,918,NA,351.09346,6.568,TRUE,119,"F959_S3","Feature 959
351.09 m/z @ 6.57 min
Rank: 119","F959",193,6.64705882352941
"2240","feat_959_spec_4",959,351.09346,6.568,22,918,NA,351.09346,6.568,TRUE,119,"F959_S4","Feature 959
351.09 m/z @ 6.57 min
Rank: 119","F959",194,7.6078431372549
"2257","feat_964_spec_1",964,355.07617,3.759,20,5432,NA,355.07617,3.759,FALSE,NA,"F964_S1","Feature 964
355.08 m/z @ 3.76 min",NA,6,4.66666666666667
"2259","feat_965_spec_1",965,355.07623,3.654,22,4912,NA,355.07623,3.654,FALSE,NA,"F965_S1","Feature 965
355.08 m/z @ 3.65 min",NA,6,4.86274509803922
"2263","feat_967_spec_1",967,355.94795,8.724,23,652,NA,355.94795,8.724,TRUE,117,"F967_S1","Feature 967
355.95 m/z @ 8.72 min
Rank: 117","F967",195,7.74509803921569
"2264","feat_967_spec_2",967,355.94795,8.724,23,652,NA,355.94795,8.724,TRUE,117,"F967_S2","Feature 967
355.95 m/z @ 8.72 min
Rank: 117","F967",196,7.74509803921569
"2265","feat_967_spec_3",967,355.94795,8.724,29,652,NA,355.94795,8.724,TRUE,117,"F967_S3","Feature 967
355.95 m/z @ 8.72 min
Rank: 117","F967",195,8.56862745098039
"2266","feat_967_spec_4",967,355.94795,8.724,33,652,NA,355.94795,8.724,TRUE,117,"F967_S4","Feature 967
355.95 m/z @ 8.72 min
Rank: 117","F967",196,9.11764705882353
"2271","feat_972_spec_1",972,178.06701,5.406,21,4134,NA,178.06701,5.406,FALSE,NA,"F972_S1","Feature 972
178.07 m/z @ 5.41 min",NA,15,4.76470588235294
"2272","feat_972_spec_2",972,178.06701,5.406,15,4134,NA,178.06701,5.406,FALSE,NA,"F972_S2","Feature 972
178.07 m/z @ 5.41 min",NA,67,4.17647058823529
"2273","feat_972_spec_3",972,178.06701,5.406,11,4134,NA,178.06701,5.406,FALSE,NA,"F972_S3","Feature 972
178.07 m/z @ 5.41 min",NA,15,3.7843137254902
"2274","feat_972_spec_4",972,178.06701,5.406,10,4134,NA,178.06701,5.406,FALSE,NA,"F972_S4","Feature 972
178.07 m/z @ 5.41 min",NA,15,3.68627450980392
"2275","feat_976_spec_1",976,359.01911,3.487,17,1604,NA,359.01911,3.487,FALSE,NA,"F976_S1","Feature 976
359.02 m/z @ 3.49 min",NA,15,4.37254901960784
"2276","feat_976_spec_2",976,359.01911,3.487,20,1604,NA,359.01911,3.487,FALSE,NA,"F976_S2","Feature 976
359.02 m/z @ 3.49 min",NA,15,4.66666666666667
"2277","feat_979_spec_1",979,359.10987,5.146,24,485,"acalyphin",359.10987,5.146,FALSE,NA,"F979_S1","acalyphin
359.11 m/z @ 5.15 min",NA,156,5.05882352941176
"2278","feat_979_spec_2",979,359.10987,5.146,17,485,"acalyphin",359.10987,5.146,FALSE,NA,"F979_S2","acalyphin
359.11 m/z @ 5.15 min",NA,156,4.37254901960784
"2279","feat_979_spec_3",979,359.10987,5.146,19,485,"acalyphin",359.10987,5.146,FALSE,NA,"F979_S3","acalyphin
359.11 m/z @ 5.15 min",NA,156,4.56862745098039
"2280","feat_979_spec_4",979,359.10987,5.146,26,485,"acalyphin",359.10987,5.146,FALSE,NA,"F979_S4","acalyphin
359.11 m/z @ 5.15 min",NA,156,5.25490196078431
"2283","feat_982_spec_1",982,360.99835,5.13,26,543,NA,360.99835,5.13,FALSE,NA,"F982_S1","Feature 982
361 m/z @ 5.13 min",NA,15,5.25490196078431
"2284","feat_982_spec_2",982,360.99835,5.13,25,543,NA,360.99835,5.13,FALSE,NA,"F982_S2","Feature 982
361 m/z @ 5.13 min",NA,15,5.15686274509804
"2285","feat_982_spec_3",982,360.99835,5.13,20,543,NA,360.99835,5.13,FALSE,NA,"F982_S3","Feature 982
361 m/z @ 5.13 min",NA,15,4.66666666666667
"2286","feat_982_spec_4",982,360.99835,5.13,19,543,NA,360.99835,5.13,FALSE,NA,"F982_S4","Feature 982
361 m/z @ 5.13 min",NA,15,4.56862745098039
"2287","feat_982_spec_5",982,360.99835,5.13,22,543,NA,360.99835,5.13,FALSE,NA,"F982_S5","Feature 982
361 m/z @ 5.13 min",NA,15,4.86274509803922
"2288","feat_982_spec_6",982,360.99835,5.13,21,543,NA,360.99835,5.13,FALSE,NA,"F982_S6","Feature 982
361 m/z @ 5.13 min",NA,15,4.76470588235294
"2289","feat_982_spec_7",982,360.99835,5.13,16,543,NA,360.99835,5.13,FALSE,NA,"F982_S7","Feature 982
361 m/z @ 5.13 min",NA,15,4.27450980392157
"2290","feat_982_spec_8",982,360.99835,5.13,24,543,NA,360.99835,5.13,FALSE,NA,"F982_S8","Feature 982
361 m/z @ 5.13 min",NA,15,5.05882352941176
"2291","feat_982_spec_9",982,360.99835,5.13,25,543,NA,360.99835,5.13,FALSE,NA,"F982_S9","Feature 982
361 m/z @ 5.13 min",NA,15,5.15686274509804
"2292","feat_982_spec_10",982,360.99835,5.13,20,543,NA,360.99835,5.13,FALSE,NA,"F982_S10","Feature 982
361 m/z @ 5.13 min",NA,15,4.66666666666667
"2293","feat_982_spec_11",982,360.99835,5.13,24,543,NA,360.99835,5.13,FALSE,NA,"F982_S11","Feature 982
361 m/z @ 5.13 min",NA,15,5.05882352941176
"2294","feat_982_spec_12",982,360.99835,5.13,22,543,NA,360.99835,5.13,FALSE,NA,"F982_S12","Feature 982
361 m/z @ 5.13 min",NA,15,4.86274509803922
"2295","feat_982_spec_13",982,360.99835,5.13,25,543,NA,360.99835,5.13,FALSE,NA,"F982_S13","Feature 982
361 m/z @ 5.13 min",NA,15,5.15686274509804
"2296","feat_982_spec_14",982,360.99835,5.13,18,543,NA,360.99835,5.13,FALSE,NA,"F982_S14","Feature 982
361 m/z @ 5.13 min",NA,15,4.47058823529412
"2297","feat_983_spec_1",983,360.99839,4.956,23,501,NA,360.99839,4.956,TRUE,72,"F983_S1","Feature 983
361 m/z @ 4.96 min
Rank: 72","F983",15,7.74509803921569
"2298","feat_983_spec_2",983,360.99839,4.956,24,501,NA,360.99839,4.956,TRUE,72,"F983_S2","Feature 983
361 m/z @ 4.96 min
Rank: 72","F983",15,7.88235294117647
"2299","feat_983_spec_3",983,360.99839,4.956,12,501,NA,360.99839,4.956,TRUE,72,"F983_S3","Feature 983
361 m/z @ 4.96 min
Rank: 72","F983",15,6.23529411764706
"2300","feat_983_spec_4",983,360.99839,4.956,13,501,NA,360.99839,4.956,TRUE,72,"F983_S4","Feature 983
361 m/z @ 4.96 min
Rank: 72","F983",15,6.37254901960784
"2301","feat_983_spec_5",983,360.99839,4.956,16,501,NA,360.99839,4.956,TRUE,72,"F983_S5","Feature 983
361 m/z @ 4.96 min
Rank: 72","F983",15,6.7843137254902
"2302","feat_983_spec_6",983,360.99839,4.956,19,501,NA,360.99839,4.956,TRUE,72,"F983_S6","Feature 983
361 m/z @ 4.96 min
Rank: 72","F983",15,7.19607843137255
"2303","feat_983_spec_7",983,360.99839,4.956,25,501,NA,360.99839,4.956,TRUE,72,"F983_S7","Feature 983
361 m/z @ 4.96 min
Rank: 72","F983",15,8.01960784313725
"2304","feat_983_spec_8",983,360.99839,4.956,26,501,NA,360.99839,4.956,TRUE,72,"F983_S8","Feature 983
361 m/z @ 4.96 min
Rank: 72","F983",15,8.15686274509804
"2305","feat_990_spec_1",990,366.16712,8.256,14,2211,NA,366.16712,8.256,TRUE,157,"F990_S1","Feature 990
366.17 m/z @ 8.26 min
Rank: 157","F990",168,6.50980392156863
"2306","feat_990_spec_2",990,366.16712,8.256,16,2211,NA,366.16712,8.256,TRUE,157,"F990_S2","Feature 990
366.17 m/z @ 8.26 min
Rank: 157","F990",169,6.7843137254902
"2309","feat_994_spec_1",994,185.07482,5.562,18,2370,NA,185.07482,5.562,FALSE,NA,"F994_S1","Feature 994
185.07 m/z @ 5.56 min",NA,15,4.47058823529412
"2310","feat_994_spec_2",994,185.07482,5.562,15,2370,NA,185.07482,5.562,FALSE,NA,"F994_S2","Feature 994
185.07 m/z @ 5.56 min",NA,15,4.17647058823529
"2311","feat_994_spec_3",994,185.07482,5.562,15,2370,NA,185.07482,5.562,FALSE,NA,"F994_S3","Feature 994
185.07 m/z @ 5.56 min",NA,15,4.17647058823529
"2312","feat_994_spec_4",994,185.07482,5.562,19,2370,NA,185.07482,5.562,FALSE,NA,"F994_S4","Feature 994
185.07 m/z @ 5.56 min",NA,76,4.56862745098039
"2313","feat_995_spec_1",995,185.07484,5.44,17,2547,NA,185.07484,5.44,TRUE,370,"F995_S1","Feature 995
185.07 m/z @ 5.44 min
Rank: 370","F995",15,6.92156862745098
"2314","feat_995_spec_2",995,185.07484,5.44,19,2547,NA,185.07484,5.44,TRUE,370,"F995_S2","Feature 995
185.07 m/z @ 5.44 min
Rank: 370","F995",15,7.19607843137255
"2315","feat_995_spec_3",995,185.07484,5.44,18,2547,NA,185.07484,5.44,TRUE,370,"F995_S3","Feature 995
185.07 m/z @ 5.44 min
Rank: 370","F995",15,7.05882352941176
"2316","feat_995_spec_4",995,185.07484,5.44,20,2547,NA,185.07484,5.44,TRUE,370,"F995_S4","Feature 995
185.07 m/z @ 5.44 min
Rank: 370","F995",15,7.33333333333333
"2317","feat_998_spec_1",998,372.11548,6.526,14,4139,NA,372.11548,6.526,FALSE,NA,"F998_S1","Feature 998
372.12 m/z @ 6.53 min",NA,7,4.07843137254902
"2319","feat_999_spec_1",999,372.11554,6.155,19,980,NA,372.11554,6.155,FALSE,NA,"F999_S1","Feature 999
372.12 m/z @ 6.16 min",NA,7,4.56862745098039
"2321","feat_999_spec_3",999,372.11554,6.155,12,980,NA,372.11554,6.155,FALSE,NA,"F999_S3","Feature 999
372.12 m/z @ 6.16 min",NA,7,3.88235294117647
"2323","feat_999_spec_5",999,372.11554,6.155,15,980,NA,372.11554,6.155,FALSE,NA,"F999_S5","Feature 999
372.12 m/z @ 6.16 min",NA,7,4.17647058823529
"2325","feat_999_spec_7",999,372.11554,6.155,12,980,NA,372.11554,6.155,FALSE,NA,"F999_S7","Feature 999
372.12 m/z @ 6.16 min",NA,7,3.88235294117647
"2329","feat_1000_spec_3",1000,372.11555,8.484,11,3256,NA,372.11555,8.484,FALSE,NA,"F1000_S3","Feature 1000
372.12 m/z @ 8.48 min",NA,7,3.7843137254902
"2331","feat_1001_spec_1",1001,373.03458,1.899,10,7335,NA,373.03458,1.899,TRUE,313,"F1001_S1","Feature 1001
373.03 m/z @ 1.9 min
Rank: 313","F1001",31,5.96078431372549
"2341","feat_1008_spec_1",1008,375.01396,4.748,14,1366,NA,375.01396,4.748,FALSE,NA,"F1008_S1","Feature 1008
375.01 m/z @ 4.75 min",NA,15,4.07843137254902
"2342","feat_1012_spec_1",1012,375.18864,8.338,14,3611,NA,375.18864,8.338,FALSE,NA,"F1012_S1","Feature 1012
375.19 m/z @ 8.34 min",NA,178,4.07843137254902
"2343","feat_1012_spec_2",1012,375.18864,8.338,24,3611,NA,375.18864,8.338,FALSE,NA,"F1012_S2","Feature 1012
375.19 m/z @ 8.34 min",NA,179,5.05882352941176
"2346","feat_1015_spec_1",1015,377.10982,3.919,27,894,NA,377.10982,3.919,FALSE,NA,"F1015_S1","Feature 1015
377.11 m/z @ 3.92 min",NA,31,5.35294117647059
"2347","feat_1015_spec_2",1015,377.10982,3.919,36,894,NA,377.10982,3.919,FALSE,NA,"F1015_S2","Feature 1015
377.11 m/z @ 3.92 min",NA,197,6.23529411764706
"2348","feat_1015_spec_3",1015,377.10982,3.919,37,894,NA,377.10982,3.919,FALSE,NA,"F1015_S3","Feature 1015
377.11 m/z @ 3.92 min",NA,31,6.33333333333333
"2349","feat_1015_spec_4",1015,377.10982,3.919,30,894,NA,377.10982,3.919,FALSE,NA,"F1015_S4","Feature 1015
377.11 m/z @ 3.92 min",NA,197,5.64705882352941
"2350","feat_1015_spec_5",1015,377.10982,3.919,28,894,NA,377.10982,3.919,FALSE,NA,"F1015_S5","Feature 1015
377.11 m/z @ 3.92 min",NA,31,5.45098039215686
"2352","feat_1016_spec_1",1016,379.10106,5.05,22,1407,NA,379.10106,5.05,FALSE,NA,"F1016_S1","Feature 1016
379.1 m/z @ 5.05 min",NA,34,4.86274509803922
"2353","feat_1016_spec_2",1016,379.10106,5.05,19,1407,NA,379.10106,5.05,FALSE,NA,"F1016_S2","Feature 1016
379.1 m/z @ 5.05 min",NA,34,4.56862745098039
"2354","feat_1016_spec_3",1016,379.10106,5.05,30,1407,NA,379.10106,5.05,FALSE,NA,"F1016_S3","Feature 1016
379.1 m/z @ 5.05 min",NA,34,5.64705882352941
"2355","feat_1016_spec_4",1016,379.10106,5.05,18,1407,NA,379.10106,5.05,FALSE,NA,"F1016_S4","Feature 1016
379.1 m/z @ 5.05 min",NA,34,4.47058823529412
"2360","feat_1025_spec_1",1025,384.00054,8.871,20,1471,NA,384.00054,8.871,FALSE,NA,"F1025_S1","Feature 1025
384 m/z @ 8.87 min",NA,2,4.66666666666667
"2361","feat_1025_spec_2",1025,384.00054,8.871,17,1471,NA,384.00054,8.871,FALSE,NA,"F1025_S2","Feature 1025
384 m/z @ 8.87 min",NA,198,4.37254901960784
"2362","feat_1025_spec_3",1025,384.00054,8.871,23,1471,NA,384.00054,8.871,FALSE,NA,"F1025_S3","Feature 1025
384 m/z @ 8.87 min",NA,2,4.96078431372549
"2363","feat_1025_spec_4",1025,384.00054,8.871,16,1471,NA,384.00054,8.871,FALSE,NA,"F1025_S4","Feature 1025
384 m/z @ 8.87 min",NA,198,4.27450980392157
"2364","feat_1026_spec_1",1026,384.00054,8.802,20,1727,NA,384.00054,8.802,FALSE,NA,"F1026_S1","Feature 1026
384 m/z @ 8.8 min",NA,2,4.66666666666667
"2365","feat_1026_spec_2",1026,384.00054,8.802,17,1727,NA,384.00054,8.802,FALSE,NA,"F1026_S2","Feature 1026
384 m/z @ 8.8 min",NA,198,4.37254901960784
"2366","feat_1026_spec_3",1026,384.00054,8.802,23,1727,NA,384.00054,8.802,FALSE,NA,"F1026_S3","Feature 1026
384 m/z @ 8.8 min",NA,2,4.96078431372549
"2367","feat_1026_spec_4",1026,384.00054,8.802,16,1727,NA,384.00054,8.802,FALSE,NA,"F1026_S4","Feature 1026
384 m/z @ 8.8 min",NA,198,4.27450980392157
"2368","feat_1029_spec_1",1029,192.08269,5.467,14,3756,"[Similar to: 4-Phenolsulfonic acid; ΔMass: 212.1812 Da]",192.08269,5.467,FALSE,NA,"F1029_S1","[Similar to: 4-Phenolsulfonic acid; ΔMass: 212.1812 Da]
192.08 m/z @ 5.47 min",NA,15,4.07843137254902
"2369","feat_1029_spec_2",1029,192.08269,5.467,21,3756,"[Similar to: 4-Phenolsulfonic acid; ΔMass: 212.1812 Da]",192.08269,5.467,FALSE,NA,"F1029_S2","[Similar to: 4-Phenolsulfonic acid; ΔMass: 212.1812 Da]
192.08 m/z @ 5.47 min",NA,15,4.76470588235294
"2370","feat_1029_spec_3",1029,192.08269,5.467,12,3756,"[Similar to: 4-Phenolsulfonic acid; ΔMass: 212.1812 Da]",192.08269,5.467,FALSE,NA,"F1029_S3","[Similar to: 4-Phenolsulfonic acid; ΔMass: 212.1812 Da]
192.08 m/z @ 5.47 min",NA,15,3.88235294117647
"2371","feat_1029_spec_4",1029,192.08269,5.467,13,3756,"[Similar to: 4-Phenolsulfonic acid; ΔMass: 212.1812 Da]",192.08269,5.467,FALSE,NA,"F1029_S4","[Similar to: 4-Phenolsulfonic acid; ΔMass: 212.1812 Da]
192.08 m/z @ 5.47 min",NA,15,3.98039215686275
"2372","feat_1030_spec_1",1030,192.0827,5.311,13,4842,"[Similar to: 4-Phenolsulfonic acid; ΔMass: 212.1813 Da]",192.0827,5.311,FALSE,NA,"F1030_S1","[Similar to: 4-Phenolsulfonic acid; ΔMass: 212.1813 Da]
192.08 m/z @ 5.31 min",NA,15,3.98039215686275
"2373","feat_1030_spec_2",1030,192.0827,5.311,16,4842,"[Similar to: 4-Phenolsulfonic acid; ΔMass: 212.1813 Da]",192.0827,5.311,FALSE,NA,"F1030_S2","[Similar to: 4-Phenolsulfonic acid; ΔMass: 212.1813 Da]
192.08 m/z @ 5.31 min",NA,15,4.27450980392157
"2374","feat_1030_spec_3",1030,192.0827,5.311,22,4842,"[Similar to: 4-Phenolsulfonic acid; ΔMass: 212.1813 Da]",192.0827,5.311,FALSE,NA,"F1030_S3","[Similar to: 4-Phenolsulfonic acid; ΔMass: 212.1813 Da]
192.08 m/z @ 5.31 min",NA,15,4.86274509803922
"2375","feat_1030_spec_4",1030,192.0827,5.311,16,4842,"[Similar to: 4-Phenolsulfonic acid; ΔMass: 212.1813 Da]",192.0827,5.311,FALSE,NA,"F1030_S4","[Similar to: 4-Phenolsulfonic acid; ΔMass: 212.1813 Da]
192.08 m/z @ 5.31 min",NA,15,4.27450980392157
"2376","feat_1030_spec_5",1030,192.0827,5.311,12,4842,"[Similar to: 4-Phenolsulfonic acid; ΔMass: 212.1813 Da]",192.0827,5.311,FALSE,NA,"F1030_S5","[Similar to: 4-Phenolsulfonic acid; ΔMass: 212.1813 Da]
192.08 m/z @ 5.31 min",NA,89,3.88235294117647
"2377","feat_1030_spec_6",1030,192.0827,5.311,20,4842,"[Similar to: 4-Phenolsulfonic acid; ΔMass: 212.1813 Da]",192.0827,5.311,FALSE,NA,"F1030_S6","[Similar to: 4-Phenolsulfonic acid; ΔMass: 212.1813 Da]
192.08 m/z @ 5.31 min",NA,15,4.66666666666667
"2378","feat_1030_spec_7",1030,192.0827,5.311,16,4842,"[Similar to: 4-Phenolsulfonic acid; ΔMass: 212.1813 Da]",192.0827,5.311,FALSE,NA,"F1030_S7","[Similar to: 4-Phenolsulfonic acid; ΔMass: 212.1813 Da]
192.08 m/z @ 5.31 min",NA,90,4.27450980392157
"2379","feat_1031_spec_1",1031,192.08274,5.19,13,5421,NA,192.08274,5.19,FALSE,NA,"F1031_S1","Feature 1031
192.08 m/z @ 5.19 min",NA,15,3.98039215686275
"2380","feat_1031_spec_2",1031,192.08274,5.19,12,5421,NA,192.08274,5.19,FALSE,NA,"F1031_S2","Feature 1031
192.08 m/z @ 5.19 min",NA,89,3.88235294117647
"2381","feat_1031_spec_3",1031,192.08274,5.19,20,5421,NA,192.08274,5.19,FALSE,NA,"F1031_S3","Feature 1031
192.08 m/z @ 5.19 min",NA,15,4.66666666666667
"2382","feat_1031_spec_4",1031,192.08274,5.19,16,5421,NA,192.08274,5.19,FALSE,NA,"F1031_S4","Feature 1031
192.08 m/z @ 5.19 min",NA,90,4.27450980392157
"2383","feat_1032_spec_1",1032,445.20023,0.833,25,2710,NA,445.20023,0.833,FALSE,NA,"F1032_S1","Feature 1032
445.2 m/z @ 0.83 min",NA,2,5.15686274509804
"2384","feat_1032_spec_2",1032,445.20023,0.833,12,2710,NA,445.20023,0.833,FALSE,NA,"F1032_S2","Feature 1032
445.2 m/z @ 0.83 min",NA,199,3.88235294117647
"2385","feat_1032_spec_3",1032,445.20023,0.833,24,2710,NA,445.20023,0.833,FALSE,NA,"F1032_S3","Feature 1032
445.2 m/z @ 0.83 min",NA,2,5.05882352941176
"2386","feat_1032_spec_4",1032,445.20023,0.833,9,2710,NA,445.20023,0.833,FALSE,NA,"F1032_S4","Feature 1032
445.2 m/z @ 0.83 min",NA,199,3.58823529411765
"2387","feat_1032_spec_5",1032,445.20023,0.833,19,2710,NA,445.20023,0.833,FALSE,NA,"F1032_S5","Feature 1032
445.2 m/z @ 0.83 min",NA,2,4.56862745098039
"2388","feat_1032_spec_6",1032,445.20023,0.833,15,2710,NA,445.20023,0.833,FALSE,NA,"F1032_S6","Feature 1032
445.2 m/z @ 0.83 min",NA,200,4.17647058823529
"2389","feat_1032_spec_7",1032,445.20023,0.833,17,2710,NA,445.20023,0.833,FALSE,NA,"F1032_S7","Feature 1032
445.2 m/z @ 0.83 min",NA,2,4.37254901960784
"2390","feat_1032_spec_8",1032,445.20023,0.833,16,2710,NA,445.20023,0.833,FALSE,NA,"F1032_S8","Feature 1032
445.2 m/z @ 0.83 min",NA,201,4.27450980392157
"2399","feat_1039_spec_1",1039,391.12557,3.909,35,1197,NA,391.12557,3.909,TRUE,107,"F1039_S1","Feature 1039
391.13 m/z @ 3.91 min
Rank: 107","F1039",31,9.3921568627451
"2401","feat_1040_spec_1",1040,398.16707,6.657,12,3147,"[Similar to: Pantothenic acid; ΔMass: 180.0637 Da]",398.16707,6.657,FALSE,NA,"F1040_S1","[Similar to: Pantothenic acid; ΔMass: 180.0637 Da]
398.17 m/z @ 6.66 min",NA,202,3.88235294117647
"2403","feat_1040_spec_3",1040,398.16707,6.657,22,3147,"[Similar to: Pantothenic acid; ΔMass: 180.0637 Da]",398.16707,6.657,FALSE,NA,"F1040_S3","[Similar to: Pantothenic acid; ΔMass: 180.0637 Da]
398.17 m/z @ 6.66 min",NA,202,4.86274509803922
"2408","feat_1044_spec_1",1044,401.12047,5.439,16,3733,NA,401.12047,5.439,FALSE,NA,"F1044_S1","Feature 1044
401.12 m/z @ 5.44 min",NA,15,4.27450980392157
"2410","feat_1045_spec_1",1045,401.13019,8.081,24,1313,"[Similar to: α,α-Trehalose; ΔMass: 60.0213 Da]",401.13019,8.081,FALSE,NA,"F1045_S1","[Similar to: α,α-Trehalose; ΔMass: 60.0213 Da]
401.13 m/z @ 8.08 min",NA,2,5.05882352941176
"2411","feat_1045_spec_2",1045,401.13019,8.081,9,1313,"[Similar to: α,α-Trehalose; ΔMass: 60.0213 Da]",401.13019,8.081,FALSE,NA,"F1045_S2","[Similar to: α,α-Trehalose; ΔMass: 60.0213 Da]
401.13 m/z @ 8.08 min",NA,203,3.58823529411765
"2412","feat_1045_spec_3",1045,401.13019,8.081,34,1313,"[Similar to: α,α-Trehalose; ΔMass: 60.0213 Da]",401.13019,8.081,FALSE,NA,"F1045_S3","[Similar to: α,α-Trehalose; ΔMass: 60.0213 Da]
401.13 m/z @ 8.08 min",NA,2,6.03921568627451
"2413","feat_1045_spec_4",1045,401.13019,8.081,14,1313,"[Similar to: α,α-Trehalose; ΔMass: 60.0213 Da]",401.13019,8.081,FALSE,NA,"F1045_S4","[Similar to: α,α-Trehalose; ΔMass: 60.0213 Da]
401.13 m/z @ 8.08 min",NA,203,4.07843137254902
"2414","feat_1045_spec_5",1045,401.13019,8.081,10,1313,"[Similar to: α,α-Trehalose; ΔMass: 60.0213 Da]",401.13019,8.081,FALSE,NA,"F1045_S5","[Similar to: α,α-Trehalose; ΔMass: 60.0213 Da]
401.13 m/z @ 8.08 min",NA,2,3.68627450980392
"2415","feat_1045_spec_6",1045,401.13019,8.081,18,1313,"[Similar to: α,α-Trehalose; ΔMass: 60.0213 Da]",401.13019,8.081,FALSE,NA,"F1045_S6","[Similar to: α,α-Trehalose; ΔMass: 60.0213 Da]
401.13 m/z @ 8.08 min",NA,204,4.47058823529412
"2418","feat_1046_spec_1",1046,401.13024,7.973,10,1683,NA,401.13024,7.973,FALSE,NA,"F1046_S1","Feature 1046
401.13 m/z @ 7.97 min",NA,2,3.68627450980392
"2419","feat_1046_spec_2",1046,401.13024,7.973,18,1683,NA,401.13024,7.973,FALSE,NA,"F1046_S2","Feature 1046
401.13 m/z @ 7.97 min",NA,204,4.47058823529412
"2420","feat_1050_spec_1",1050,404.10469,8.066,8,3291,NA,404.10469,8.066,FALSE,NA,"F1050_S1","Feature 1050
404.1 m/z @ 8.07 min",NA,2,3.49019607843137
"2422","feat_1052_spec_1",1052,405.14118,3.906,33,1908,"morroniside",405.14118,3.906,TRUE,193,"F1052_S1","morroniside
405.14 m/z @ 3.91 min
Rank: 193","morroniside",31,9.11764705882353
"2423","feat_1052_spec_2",1052,405.14118,3.906,15,1908,"morroniside",405.14118,3.906,TRUE,193,"F1052_S2","morroniside
405.14 m/z @ 3.91 min
Rank: 193","morroniside",197,6.64705882352941
"2424","feat_1052_spec_3",1052,405.14118,3.906,32,1908,"morroniside",405.14118,3.906,TRUE,193,"F1052_S3","morroniside
405.14 m/z @ 3.91 min
Rank: 193","morroniside",31,8.98039215686275
"2425","feat_1052_spec_4",1052,405.14118,3.906,24,1908,"morroniside",405.14118,3.906,TRUE,193,"F1052_S4","morroniside
405.14 m/z @ 3.91 min
Rank: 193","morroniside",197,7.88235294117647
"2426","feat_1052_spec_5",1052,405.14118,3.906,27,1908,"morroniside",405.14118,3.906,TRUE,193,"F1052_S5","morroniside
405.14 m/z @ 3.91 min
Rank: 193","morroniside",31,8.29411764705882
"2428","feat_1054_spec_1",1054,409.08913,5.282,13,5081,NA,409.08913,5.282,FALSE,NA,"F1054_S1","Feature 1054
409.09 m/z @ 5.28 min",NA,205,3.98039215686275
"2429","feat_1054_spec_2",1054,409.08913,5.282,21,5081,NA,409.08913,5.282,FALSE,NA,"F1054_S2","Feature 1054
409.09 m/z @ 5.28 min",NA,205,4.76470588235294
"2430","feat_1054_spec_3",1054,409.08913,5.282,18,5081,NA,409.08913,5.282,FALSE,NA,"F1054_S3","Feature 1054
409.09 m/z @ 5.28 min",NA,205,4.47058823529412
"2431","feat_1054_spec_4",1054,409.08913,5.282,17,5081,NA,409.08913,5.282,FALSE,NA,"F1054_S4","Feature 1054
409.09 m/z @ 5.28 min",NA,206,4.37254901960784
"2432","feat_1055_spec_1",1055,409.0893,5.369,13,1484,NA,409.0893,5.369,FALSE,NA,"F1055_S1","Feature 1055
409.09 m/z @ 5.37 min",NA,205,3.98039215686275
"2433","feat_1055_spec_2",1055,409.0893,5.369,21,1484,NA,409.0893,5.369,FALSE,NA,"F1055_S2","Feature 1055
409.09 m/z @ 5.37 min",NA,205,4.76470588235294
"2434","feat_1055_spec_3",1055,409.0893,5.369,18,1484,NA,409.0893,5.369,FALSE,NA,"F1055_S3","Feature 1055
409.09 m/z @ 5.37 min",NA,205,4.47058823529412
"2435","feat_1055_spec_4",1055,409.0893,5.369,17,1484,NA,409.0893,5.369,FALSE,NA,"F1055_S4","Feature 1055
409.09 m/z @ 5.37 min",NA,206,4.37254901960784
"2437","feat_1057_spec_2",1057,411.09432,3.657,15,3897,NA,411.09432,3.657,FALSE,NA,"F1057_S2","Feature 1057
411.09 m/z @ 3.66 min",NA,207,4.17647058823529
"2439","feat_1057_spec_4",1057,411.09432,3.657,7,3897,NA,411.09432,3.657,FALSE,NA,"F1057_S4","Feature 1057
411.09 m/z @ 3.66 min",NA,207,3.3921568627451
"2442","feat_1059_spec_1",1059,412.88249,8.663,17,1470,NA,412.88249,8.663,FALSE,NA,"F1059_S1","Feature 1059
412.88 m/z @ 8.66 min",NA,208,4.37254901960784
"2444","feat_1059_spec_3",1059,412.88249,8.663,19,1470,NA,412.88249,8.663,FALSE,NA,"F1059_S3","Feature 1059
412.88 m/z @ 8.66 min",NA,208,4.56862745098039
"2448","feat_1063_spec_1",1063,415.13621,5.069,18,2804,"[Similar to: (+/-)8(9)-DiHETE; ΔMass: 79.9134 Da]",415.13621,5.069,TRUE,361,"F1063_S1","[Similar to: (+/-)8(9)-DiHETE; ΔMass: 79.9134 Da]
415.14 m/z @ 5.07 min
Rank: 361","[Similar to: (+/-)8(9)-DiHETE; ΔMass: 79.9134 Da]",65,7.05882352941176
"2449","feat_1063_spec_2",1063,415.13621,5.069,15,2804,"[Similar to: (+/-)8(9)-DiHETE; ΔMass: 79.9134 Da]",415.13621,5.069,TRUE,361,"F1063_S2","[Similar to: (+/-)8(9)-DiHETE; ΔMass: 79.9134 Da]
415.14 m/z @ 5.07 min
Rank: 361","[Similar to: (+/-)8(9)-DiHETE; ΔMass: 79.9134 Da]",66,6.64705882352941
"2450","feat_1063_spec_3",1063,415.13621,5.069,24,2804,"[Similar to: (+/-)8(9)-DiHETE; ΔMass: 79.9134 Da]",415.13621,5.069,TRUE,361,"F1063_S3","[Similar to: (+/-)8(9)-DiHETE; ΔMass: 79.9134 Da]
415.14 m/z @ 5.07 min
Rank: 361","[Similar to: (+/-)8(9)-DiHETE; ΔMass: 79.9134 Da]",65,7.88235294117647
"2451","feat_1063_spec_4",1063,415.13621,5.069,16,2804,"[Similar to: (+/-)8(9)-DiHETE; ΔMass: 79.9134 Da]",415.13621,5.069,TRUE,361,"F1063_S4","[Similar to: (+/-)8(9)-DiHETE; ΔMass: 79.9134 Da]
415.14 m/z @ 5.07 min
Rank: 361","[Similar to: (+/-)8(9)-DiHETE; ΔMass: 79.9134 Da]",66,6.7843137254902
"2452","feat_1066_spec_1",1066,415.22001,8.476,20,5151,NA,415.22001,8.476,FALSE,NA,"F1066_S1","Feature 1066
415.22 m/z @ 8.48 min",NA,209,4.66666666666667
"2453","feat_1066_spec_2",1066,415.22001,8.476,17,5151,NA,415.22001,8.476,FALSE,NA,"F1066_S2","Feature 1066
415.22 m/z @ 8.48 min",NA,210,4.37254901960784
"2454","feat_1066_spec_3",1066,415.22001,8.476,17,5151,NA,415.22001,8.476,FALSE,NA,"F1066_S3","Feature 1066
415.22 m/z @ 8.48 min",NA,211,4.37254901960784
"2455","feat_1066_spec_4",1066,415.22001,8.476,8,5151,NA,415.22001,8.476,FALSE,NA,"F1066_S4","Feature 1066
415.22 m/z @ 8.48 min",NA,212,3.49019607843137
"2456","feat_1067_spec_1",1067,415.22003,8.434,20,4063,NA,415.22003,8.434,FALSE,NA,"F1067_S1","Feature 1067
415.22 m/z @ 8.43 min",NA,209,4.66666666666667
"2457","feat_1067_spec_2",1067,415.22003,8.434,17,4063,NA,415.22003,8.434,FALSE,NA,"F1067_S2","Feature 1067
415.22 m/z @ 8.43 min",NA,210,4.37254901960784
"2458","feat_1067_spec_3",1067,415.22003,8.434,17,4063,NA,415.22003,8.434,FALSE,NA,"F1067_S3","Feature 1067
415.22 m/z @ 8.43 min",NA,211,4.37254901960784
"2459","feat_1067_spec_4",1067,415.22003,8.434,8,4063,NA,415.22003,8.434,FALSE,NA,"F1067_S4","Feature 1067
415.22 m/z @ 8.43 min",NA,212,3.49019607843137
"2461","feat_1071_spec_1",1071,417.15504,8.238,13,3207,NA,417.15504,8.238,TRUE,350,"F1071_S1","Feature 1071
417.16 m/z @ 8.24 min
Rank: 350","F1071",15,6.37254901960784
"2462","feat_1071_spec_2",1071,417.15504,8.238,13,3207,NA,417.15504,8.238,TRUE,350,"F1071_S2","Feature 1071
417.16 m/z @ 8.24 min
Rank: 350","F1071",15,6.37254901960784
"2463","feat_1074_spec_1",1074,420.13824,4.961,22,1542,NA,420.13824,4.961,FALSE,NA,"F1074_S1","Feature 1074
420.14 m/z @ 4.96 min",NA,34,4.86274509803922
"2464","feat_1074_spec_2",1074,420.13824,4.961,18,1542,NA,420.13824,4.961,FALSE,NA,"F1074_S2","Feature 1074
420.14 m/z @ 4.96 min",NA,34,4.47058823529412
"2465","feat_1074_spec_3",1074,420.13824,4.961,24,1542,NA,420.13824,4.961,FALSE,NA,"F1074_S3","Feature 1074
420.14 m/z @ 4.96 min",NA,34,5.05882352941176
"2466","feat_1074_spec_4",1074,420.13824,4.961,17,1542,NA,420.13824,4.961,FALSE,NA,"F1074_S4","Feature 1074
420.14 m/z @ 4.96 min",NA,34,4.37254901960784
"2467","feat_1075_spec_1",1075,420.13825,5.146,20,2021,NA,420.13825,5.146,FALSE,NA,"F1075_S1","Feature 1075
420.14 m/z @ 5.15 min",NA,34,4.66666666666667
"2468","feat_1075_spec_2",1075,420.13825,5.146,18,2021,NA,420.13825,5.146,FALSE,NA,"F1075_S2","Feature 1075
420.14 m/z @ 5.15 min",NA,34,4.47058823529412
"2469","feat_1075_spec_3",1075,420.13825,5.146,23,2021,NA,420.13825,5.146,FALSE,NA,"F1075_S3","Feature 1075
420.14 m/z @ 5.15 min",NA,34,4.96078431372549
"2470","feat_1075_spec_4",1075,420.13825,5.146,21,2021,NA,420.13825,5.146,FALSE,NA,"F1075_S4","Feature 1075
420.14 m/z @ 5.15 min",NA,34,4.76470588235294
"2471","feat_1075_spec_5",1075,420.13825,5.146,20,2021,NA,420.13825,5.146,FALSE,NA,"F1075_S5","Feature 1075
420.14 m/z @ 5.15 min",NA,34,4.66666666666667
"2472","feat_1075_spec_6",1075,420.13825,5.146,19,2021,NA,420.13825,5.146,FALSE,NA,"F1075_S6","Feature 1075
420.14 m/z @ 5.15 min",NA,34,4.56862745098039
"2473","feat_1075_spec_7",1075,420.13825,5.146,22,2021,NA,420.13825,5.146,FALSE,NA,"F1075_S7","Feature 1075
420.14 m/z @ 5.15 min",NA,34,4.86274509803922
"2474","feat_1075_spec_8",1075,420.13825,5.146,17,2021,NA,420.13825,5.146,FALSE,NA,"F1075_S8","Feature 1075
420.14 m/z @ 5.15 min",NA,34,4.37254901960784
"2475","feat_1080_spec_1",1080,426.1019,5.196,23,3852,NA,426.1019,5.196,FALSE,NA,"F1080_S1","Feature 1080
426.1 m/z @ 5.2 min",NA,71,4.96078431372549
"2476","feat_1080_spec_2",1080,426.1019,5.196,19,3852,NA,426.1019,5.196,FALSE,NA,"F1080_S2","Feature 1080
426.1 m/z @ 5.2 min",NA,213,4.56862745098039
"2477","feat_1082_spec_1",1082,426.91813,3.943,22,2019,NA,426.91813,3.943,FALSE,NA,"F1082_S1","Feature 1082
426.92 m/z @ 3.94 min",NA,15,4.86274509803922
"2478","feat_1082_spec_2",1082,426.91813,3.943,17,2019,NA,426.91813,3.943,FALSE,NA,"F1082_S2","Feature 1082
426.92 m/z @ 3.94 min",NA,15,4.37254901960784
"2479","feat_1082_spec_3",1082,426.91813,3.943,17,2019,NA,426.91813,3.943,FALSE,NA,"F1082_S3","Feature 1082
426.92 m/z @ 3.94 min",NA,15,4.37254901960784
"2480","feat_1083_spec_1",1083,426.91814,3.733,22,1306,NA,426.91814,3.733,FALSE,NA,"F1083_S1","Feature 1083
426.92 m/z @ 3.73 min",NA,15,4.86274509803922
"2481","feat_1083_spec_2",1083,426.91814,3.733,21,1306,NA,426.91814,3.733,FALSE,NA,"F1083_S2","Feature 1083
426.92 m/z @ 3.73 min",NA,15,4.76470588235294
"2482","feat_1083_spec_3",1083,426.91814,3.733,27,1306,NA,426.91814,3.733,FALSE,NA,"F1083_S3","Feature 1083
426.92 m/z @ 3.73 min",NA,15,5.35294117647059
"2483","feat_1083_spec_4",1083,426.91814,3.733,14,1306,NA,426.91814,3.733,FALSE,NA,"F1083_S4","Feature 1083
426.92 m/z @ 3.73 min",NA,15,4.07843137254902
"2484","feat_1083_spec_5",1083,426.91814,3.733,24,1306,NA,426.91814,3.733,FALSE,NA,"F1083_S5","Feature 1083
426.92 m/z @ 3.73 min",NA,15,5.05882352941176
"2485","feat_1083_spec_6",1083,426.91814,3.733,14,1306,NA,426.91814,3.733,FALSE,NA,"F1083_S6","Feature 1083
426.92 m/z @ 3.73 min",NA,15,4.07843137254902
"2486","feat_1083_spec_7",1083,426.91814,3.733,20,1306,NA,426.91814,3.733,FALSE,NA,"F1083_S7","Feature 1083
426.92 m/z @ 3.73 min",NA,15,4.66666666666667
"2487","feat_1083_spec_8",1083,426.91814,3.733,18,1306,NA,426.91814,3.733,FALSE,NA,"F1083_S8","Feature 1083
426.92 m/z @ 3.73 min",NA,15,4.47058823529412
"2488","feat_1083_spec_9",1083,426.91814,3.733,13,1306,NA,426.91814,3.733,FALSE,NA,"F1083_S9","Feature 1083
426.92 m/z @ 3.73 min",NA,15,3.98039215686275
"2489","feat_1083_spec_10",1083,426.91814,3.733,21,1306,NA,426.91814,3.733,FALSE,NA,"F1083_S10","Feature 1083
426.92 m/z @ 3.73 min",NA,15,4.76470588235294
"2492","feat_1085_spec_1",1085,429.19527,0.756,20,513,NA,429.19527,0.756,FALSE,NA,"F1085_S1","Feature 1085
429.2 m/z @ 0.76 min",NA,31,4.66666666666667
"2493","feat_1085_spec_2",1085,429.19527,0.756,21,513,NA,429.19527,0.756,FALSE,NA,"F1085_S2","Feature 1085
429.2 m/z @ 0.76 min",NA,87,4.76470588235294
"2494","feat_1085_spec_3",1085,429.19527,0.756,20,513,NA,429.19527,0.756,FALSE,NA,"F1085_S3","Feature 1085
429.2 m/z @ 0.76 min",NA,31,4.66666666666667
"2495","feat_1085_spec_4",1085,429.19527,0.756,14,513,NA,429.19527,0.756,FALSE,NA,"F1085_S4","Feature 1085
429.2 m/z @ 0.76 min",NA,88,4.07843137254902
"2496","feat_1086_spec_1",1086,429.19527,0.818,20,3307,NA,429.19527,0.818,FALSE,NA,"F1086_S1","Feature 1086
429.2 m/z @ 0.82 min",NA,31,4.66666666666667
"2497","feat_1086_spec_2",1086,429.19527,0.818,21,3307,NA,429.19527,0.818,FALSE,NA,"F1086_S2","Feature 1086
429.2 m/z @ 0.82 min",NA,87,4.76470588235294
"2498","feat_1086_spec_3",1086,429.19527,0.818,20,3307,NA,429.19527,0.818,FALSE,NA,"F1086_S3","Feature 1086
429.2 m/z @ 0.82 min",NA,31,4.66666666666667
"2499","feat_1086_spec_4",1086,429.19527,0.818,14,3307,NA,429.19527,0.818,FALSE,NA,"F1086_S4","Feature 1086
429.2 m/z @ 0.82 min",NA,88,4.07843137254902
"2500","feat_1086_spec_5",1086,429.19527,0.818,16,3307,NA,429.19527,0.818,FALSE,NA,"F1086_S5","Feature 1086
429.2 m/z @ 0.82 min",NA,31,4.27450980392157
"2502","feat_1087_spec_1",1087,430.12095,8.878,12,7285,NA,430.12095,8.878,FALSE,NA,"F1087_S1","Feature 1087
430.12 m/z @ 8.88 min",NA,44,3.88235294117647
"2505","feat_1087_spec_4",1087,430.12095,8.878,6,7285,NA,430.12095,8.878,FALSE,NA,"F1087_S4","Feature 1087
430.12 m/z @ 8.88 min",NA,44,3.29411764705882
"2506","feat_1088_spec_1",1088,430.12108,8.655,13,1480,NA,430.12108,8.655,FALSE,NA,"F1088_S1","Feature 1088
430.12 m/z @ 8.65 min",NA,44,3.98039215686275
"2508","feat_1088_spec_3",1088,430.12108,8.655,17,1480,NA,430.12108,8.655,FALSE,NA,"F1088_S3","Feature 1088
430.12 m/z @ 8.65 min",NA,44,4.37254901960784
"2509","feat_1088_spec_4",1088,430.12108,8.655,9,1480,NA,430.12108,8.655,FALSE,NA,"F1088_S4","Feature 1088
430.12 m/z @ 8.65 min",NA,44,3.58823529411765
"2518","feat_1094_spec_1",1094,435.14903,6.087,20,1428,NA,435.14903,6.087,FALSE,NA,"F1094_S1","Feature 1094
435.15 m/z @ 6.09 min",NA,136,4.66666666666667
"2519","feat_1094_spec_2",1094,435.14903,6.087,22,1428,NA,435.14903,6.087,FALSE,NA,"F1094_S2","Feature 1094
435.15 m/z @ 6.09 min",NA,136,4.86274509803922
"2520","feat_1094_spec_3",1094,435.14903,6.087,18,1428,NA,435.14903,6.087,FALSE,NA,"F1094_S3","Feature 1094
435.15 m/z @ 6.09 min",NA,136,4.47058823529412
"2521","feat_1094_spec_4",1094,435.14903,6.087,24,1428,NA,435.14903,6.087,FALSE,NA,"F1094_S4","Feature 1094
435.15 m/z @ 6.09 min",NA,136,5.05882352941176
"2524","feat_1098_spec_1",1098,436.13319,4.586,22,1182,NA,436.13319,4.586,TRUE,440,"F1098_S1","Feature 1098
436.13 m/z @ 4.59 min
Rank: 440","F1098",2,7.6078431372549
"2525","feat_1098_spec_2",1098,436.13319,4.586,16,1182,NA,436.13319,4.586,TRUE,440,"F1098_S2","Feature 1098
436.13 m/z @ 4.59 min
Rank: 440","F1098",2,6.7843137254902
"2527","feat_1099_spec_2",1099,436.14699,5.301,19,2142,NA,436.14699,5.301,FALSE,NA,"F1099_S2","Feature 1099
436.15 m/z @ 5.3 min",NA,136,4.56862745098039
"2528","feat_1102_spec_1",1102,440.93387,3.506,15,672,NA,440.93387,3.506,FALSE,NA,"F1102_S1","Feature 1102
440.93 m/z @ 3.51 min",NA,15,4.17647058823529
"2529","feat_1102_spec_2",1102,440.93387,3.506,16,672,NA,440.93387,3.506,FALSE,NA,"F1102_S2","Feature 1102
440.93 m/z @ 3.51 min",NA,15,4.27450980392157
"2530","feat_1102_spec_3",1102,440.93387,3.506,20,672,NA,440.93387,3.506,FALSE,NA,"F1102_S3","Feature 1102
440.93 m/z @ 3.51 min",NA,15,4.66666666666667
"2531","feat_1103_spec_1",1103,440.93389,3.67,15,2171,NA,440.93389,3.67,TRUE,390,"F1103_S1","Feature 1103
440.93 m/z @ 3.67 min
Rank: 390","F1103",15,6.64705882352941
"2532","feat_1103_spec_2",1103,440.93389,3.67,13,2171,NA,440.93389,3.67,TRUE,390,"F1103_S2","Feature 1103
440.93 m/z @ 3.67 min
Rank: 390","F1103",15,6.37254901960784
"2533","feat_1103_spec_3",1103,440.93389,3.67,23,2171,NA,440.93389,3.67,TRUE,390,"F1103_S3","Feature 1103
440.93 m/z @ 3.67 min
Rank: 390","F1103",15,7.74509803921569
"2534","feat_1103_spec_4",1103,440.93389,3.67,20,2171,NA,440.93389,3.67,TRUE,390,"F1103_S4","Feature 1103
440.93 m/z @ 3.67 min
Rank: 390","F1103",15,7.33333333333333
"2535","feat_1103_spec_5",1103,440.93389,3.67,13,2171,NA,440.93389,3.67,TRUE,390,"F1103_S5","Feature 1103
440.93 m/z @ 3.67 min
Rank: 390","F1103",15,6.37254901960784
"2536","feat_1103_spec_6",1103,440.93389,3.67,19,2171,NA,440.93389,3.67,TRUE,390,"F1103_S6","Feature 1103
440.93 m/z @ 3.67 min
Rank: 390","F1103",15,7.19607843137255
"2537","feat_1103_spec_7",1103,440.93389,3.67,25,2171,NA,440.93389,3.67,TRUE,390,"F1103_S7","Feature 1103
440.93 m/z @ 3.67 min
Rank: 390","F1103",15,8.01960784313725
"2538","feat_1103_spec_8",1103,440.93389,3.67,18,2171,NA,440.93389,3.67,TRUE,390,"F1103_S8","Feature 1103
440.93 m/z @ 3.67 min
Rank: 390","F1103",15,7.05882352941176
"2539","feat_1103_spec_9",1103,440.93389,3.67,18,2171,NA,440.93389,3.67,TRUE,390,"F1103_S9","Feature 1103
440.93 m/z @ 3.67 min
Rank: 390","F1103",15,7.05882352941176
"2540","feat_1103_spec_10",1103,440.93389,3.67,14,2171,NA,440.93389,3.67,TRUE,390,"F1103_S10","Feature 1103
440.93 m/z @ 3.67 min
Rank: 390","F1103",15,6.50980392156863
"2541","feat_1103_spec_11",1103,440.93389,3.67,15,2171,NA,440.93389,3.67,TRUE,390,"F1103_S11","Feature 1103
440.93 m/z @ 3.67 min
Rank: 390","F1103",15,6.64705882352941
"2542","feat_1103_spec_12",1103,440.93389,3.67,15,2171,NA,440.93389,3.67,TRUE,390,"F1103_S12","Feature 1103
440.93 m/z @ 3.67 min
Rank: 390","F1103",15,6.64705882352941
"2543","feat_1106_spec_1",1106,442.91312,5.054,24,4562,NA,442.91312,5.054,FALSE,NA,"F1106_S1","Feature 1106
442.91 m/z @ 5.05 min",NA,15,5.05882352941176
"2544","feat_1106_spec_2",1106,442.91312,5.054,21,4562,NA,442.91312,5.054,FALSE,NA,"F1106_S2","Feature 1106
442.91 m/z @ 5.05 min",NA,15,4.76470588235294
"2545","feat_1106_spec_3",1106,442.91312,5.054,17,4562,NA,442.91312,5.054,FALSE,NA,"F1106_S3","Feature 1106
442.91 m/z @ 5.05 min",NA,15,4.37254901960784
"2546","feat_1106_spec_4",1106,442.91312,5.054,14,4562,NA,442.91312,5.054,FALSE,NA,"F1106_S4","Feature 1106
442.91 m/z @ 5.05 min",NA,15,4.07843137254902
"2547","feat_1108_spec_1",1108,445.20013,0.829,25,2437,NA,445.20013,0.829,FALSE,NA,"F1108_S1","Feature 1108
445.2 m/z @ 0.83 min",NA,2,5.15686274509804
"2548","feat_1108_spec_2",1108,445.20013,0.829,12,2437,NA,445.20013,0.829,FALSE,NA,"F1108_S2","Feature 1108
445.2 m/z @ 0.83 min",NA,199,3.88235294117647
"2549","feat_1108_spec_3",1108,445.20013,0.829,24,2437,NA,445.20013,0.829,FALSE,NA,"F1108_S3","Feature 1108
445.2 m/z @ 0.83 min",NA,2,5.05882352941176
"2550","feat_1108_spec_4",1108,445.20013,0.829,9,2437,NA,445.20013,0.829,FALSE,NA,"F1108_S4","Feature 1108
445.2 m/z @ 0.83 min",NA,199,3.58823529411765
"2551","feat_1108_spec_5",1108,445.20013,0.829,19,2437,NA,445.20013,0.829,FALSE,NA,"F1108_S5","Feature 1108
445.2 m/z @ 0.83 min",NA,2,4.56862745098039
"2552","feat_1108_spec_6",1108,445.20013,0.829,15,2437,NA,445.20013,0.829,FALSE,NA,"F1108_S6","Feature 1108
445.2 m/z @ 0.83 min",NA,200,4.17647058823529
"2553","feat_1108_spec_7",1108,445.20013,0.829,17,2437,NA,445.20013,0.829,FALSE,NA,"F1108_S7","Feature 1108
445.2 m/z @ 0.83 min",NA,2,4.37254901960784
"2554","feat_1108_spec_8",1108,445.20013,0.829,16,2437,NA,445.20013,0.829,FALSE,NA,"F1108_S8","Feature 1108
445.2 m/z @ 0.83 min",NA,201,4.27450980392157
"2555","feat_1109_spec_1",1109,446.15326,6.065,25,215,NA,446.15326,6.065,TRUE,15,"F1109_S1","Feature 1109
446.15 m/z @ 6.07 min
Rank: 15","F1109",136,8.01960784313725
"2556","feat_1109_spec_2",1109,446.15326,6.065,17,215,NA,446.15326,6.065,TRUE,15,"F1109_S2","Feature 1109
446.15 m/z @ 6.07 min
Rank: 15","F1109",136,6.92156862745098
"2557","feat_1109_spec_3",1109,446.15326,6.065,22,215,NA,446.15326,6.065,TRUE,15,"F1109_S3","Feature 1109
446.15 m/z @ 6.07 min
Rank: 15","F1109",136,7.6078431372549
"2558","feat_1109_spec_4",1109,446.15326,6.065,17,215,NA,446.15326,6.065,TRUE,15,"F1109_S4","Feature 1109
446.15 m/z @ 6.07 min
Rank: 15","F1109",136,6.92156862745098
"2561","feat_1110_spec_1",1110,447.13466,5.257,23,180,"({2-[(1R,9S)-5-(2-Naphthyl)-6-oxo-7,11-diazatricyclo[7.3.1.02,7]trideca-2,4-dien-11-yl]-2-oxoethyl}sulfanyl)acetic acid",447.13466,5.257,FALSE,NA,"F1110_S1","({2-[(1R,9S)-5-(2-Naphthyl)-6-oxo-7,11-diazatricyclo[7.3.1.02,7]trideca-2,4-dien-11-yl]-2-oxoethyl}sulfanyl)acetic acid
447.13 m/z @ 5.26 min",NA,214,4.96078431372549
"2562","feat_1110_spec_2",1110,447.13466,5.257,19,180,"({2-[(1R,9S)-5-(2-Naphthyl)-6-oxo-7,11-diazatricyclo[7.3.1.02,7]trideca-2,4-dien-11-yl]-2-oxoethyl}sulfanyl)acetic acid",447.13466,5.257,FALSE,NA,"F1110_S2","({2-[(1R,9S)-5-(2-Naphthyl)-6-oxo-7,11-diazatricyclo[7.3.1.02,7]trideca-2,4-dien-11-yl]-2-oxoethyl}sulfanyl)acetic acid
447.13 m/z @ 5.26 min",NA,214,4.56862745098039
"2563","feat_1110_spec_3",1110,447.13466,5.257,20,180,"({2-[(1R,9S)-5-(2-Naphthyl)-6-oxo-7,11-diazatricyclo[7.3.1.02,7]trideca-2,4-dien-11-yl]-2-oxoethyl}sulfanyl)acetic acid",447.13466,5.257,FALSE,NA,"F1110_S3","({2-[(1R,9S)-5-(2-Naphthyl)-6-oxo-7,11-diazatricyclo[7.3.1.02,7]trideca-2,4-dien-11-yl]-2-oxoethyl}sulfanyl)acetic acid
447.13 m/z @ 5.26 min",NA,214,4.66666666666667
"2564","feat_1110_spec_4",1110,447.13466,5.257,14,180,"({2-[(1R,9S)-5-(2-Naphthyl)-6-oxo-7,11-diazatricyclo[7.3.1.02,7]trideca-2,4-dien-11-yl]-2-oxoethyl}sulfanyl)acetic acid",447.13466,5.257,FALSE,NA,"F1110_S4","({2-[(1R,9S)-5-(2-Naphthyl)-6-oxo-7,11-diazatricyclo[7.3.1.02,7]trideca-2,4-dien-11-yl]-2-oxoethyl}sulfanyl)acetic acid
447.13 m/z @ 5.26 min",NA,214,4.07843137254902
"2571","feat_1112_spec_1",1112,447.13726,5.78,21,1230,NA,447.13726,5.78,FALSE,NA,"F1112_S1","Feature 1112
447.14 m/z @ 5.78 min",NA,34,4.76470588235294
"2572","feat_1112_spec_2",1112,447.13726,5.78,17,1230,NA,447.13726,5.78,FALSE,NA,"F1112_S2","Feature 1112
447.14 m/z @ 5.78 min",NA,7,4.37254901960784
"2573","feat_1112_spec_3",1112,447.13726,5.78,17,1230,NA,447.13726,5.78,FALSE,NA,"F1112_S3","Feature 1112
447.14 m/z @ 5.78 min",NA,34,4.37254901960784
"2574","feat_1112_spec_4",1112,447.13726,5.78,12,1230,NA,447.13726,5.78,FALSE,NA,"F1112_S4","Feature 1112
447.14 m/z @ 5.78 min",NA,7,3.88235294117647
"2575","feat_1112_spec_5",1112,447.13726,5.78,26,1230,NA,447.13726,5.78,FALSE,NA,"F1112_S5","Feature 1112
447.14 m/z @ 5.78 min",NA,34,5.25490196078431
"2576","feat_1112_spec_6",1112,447.13726,5.78,21,1230,NA,447.13726,5.78,FALSE,NA,"F1112_S6","Feature 1112
447.14 m/z @ 5.78 min",NA,7,4.76470588235294
"2581","feat_1127_spec_1",1127,459.24625,8.488,22,263,"2-[(1S,4S,5S)-4-({[(4-Cyanophenyl)sulfonyl]amino}methyl)-5-isopropyl-2-methyl-2-cyclohexen-1-yl]-N-[2-(dimethylamino)ethyl]acetamide",459.24625,8.488,FALSE,NA,"F1127_S1","2-[(1S,4S,5S)-4-({[(4-Cyanophenyl)sulfonyl]amino}methyl)-5-isopropyl-2-methyl-2-cyclohexen-1-yl]-N-[2-(dimethylamino)ethyl]acetamide
459.25 m/z @ 8.49 min",NA,98,4.86274509803922
"2582","feat_1127_spec_2",1127,459.24625,8.488,15,263,"2-[(1S,4S,5S)-4-({[(4-Cyanophenyl)sulfonyl]amino}methyl)-5-isopropyl-2-methyl-2-cyclohexen-1-yl]-N-[2-(dimethylamino)ethyl]acetamide",459.24625,8.488,FALSE,NA,"F1127_S2","2-[(1S,4S,5S)-4-({[(4-Cyanophenyl)sulfonyl]amino}methyl)-5-isopropyl-2-methyl-2-cyclohexen-1-yl]-N-[2-(dimethylamino)ethyl]acetamide
459.25 m/z @ 8.49 min",NA,99,4.17647058823529
"2583","feat_1128_spec_1",1128,467.13887,5.196,22,1109,NA,467.13887,5.196,TRUE,191,"F1128_S1","Feature 1128
467.14 m/z @ 5.2 min
Rank: 191","F1128",71,7.6078431372549
"2584","feat_1128_spec_2",1128,467.13887,5.196,22,1109,NA,467.13887,5.196,TRUE,191,"F1128_S2","Feature 1128
467.14 m/z @ 5.2 min
Rank: 191","F1128",213,7.6078431372549
"2585","feat_1128_spec_3",1128,467.13887,5.196,29,1109,NA,467.13887,5.196,TRUE,191,"F1128_S3","Feature 1128
467.14 m/z @ 5.2 min
Rank: 191","F1128",71,8.56862745098039
"2586","feat_1128_spec_4",1128,467.13887,5.196,21,1109,NA,467.13887,5.196,TRUE,191,"F1128_S4","Feature 1128
467.14 m/z @ 5.2 min
Rank: 191","F1128",213,7.47058823529412
"2587","feat_1128_spec_5",1128,467.13887,5.196,18,1109,NA,467.13887,5.196,TRUE,191,"F1128_S5","Feature 1128
467.14 m/z @ 5.2 min
Rank: 191","F1128",71,7.05882352941176
"2588","feat_1128_spec_6",1128,467.13887,5.196,11,1109,NA,467.13887,5.196,TRUE,191,"F1128_S6","Feature 1128
467.14 m/z @ 5.2 min
Rank: 191","F1128",213,6.09803921568627
"2589","feat_1129_spec_1",1129,467.13897,5.533,14,1904,NA,467.13897,5.533,FALSE,NA,"F1129_S1","Feature 1129
467.14 m/z @ 5.53 min",NA,71,4.07843137254902
"2590","feat_1129_spec_2",1129,467.13897,5.533,16,1904,NA,467.13897,5.533,FALSE,NA,"F1129_S2","Feature 1129
467.14 m/z @ 5.53 min",NA,213,4.27450980392157
"2591","feat_1129_spec_3",1129,467.13897,5.533,18,1904,NA,467.13897,5.533,FALSE,NA,"F1129_S3","Feature 1129
467.14 m/z @ 5.53 min",NA,71,4.47058823529412
"2592","feat_1129_spec_4",1129,467.13897,5.533,16,1904,NA,467.13897,5.533,FALSE,NA,"F1129_S4","Feature 1129
467.14 m/z @ 5.53 min",NA,213,4.27450980392157
"2593","feat_1130_spec_1",1130,467.139,5.301,18,1701,NA,467.139,5.301,FALSE,NA,"F1130_S1","Feature 1130
467.14 m/z @ 5.3 min",NA,71,4.47058823529412
"2594","feat_1130_spec_2",1130,467.139,5.301,11,1701,NA,467.139,5.301,FALSE,NA,"F1130_S2","Feature 1130
467.14 m/z @ 5.3 min",NA,213,3.7843137254902
"2597","feat_1132_spec_1",1132,469.14039,0.841,13,4433,NA,469.14039,0.841,FALSE,NA,"F1132_S1","Feature 1132
469.14 m/z @ 0.84 min",NA,25,3.98039215686275
"2598","feat_1132_spec_2",1132,469.14039,0.841,10,4433,NA,469.14039,0.841,FALSE,NA,"F1132_S2","Feature 1132
469.14 m/z @ 0.84 min",NA,215,3.68627450980392
"2599","feat_1132_spec_3",1132,469.14039,0.841,9,4433,NA,469.14039,0.841,FALSE,NA,"F1132_S3","Feature 1132
469.14 m/z @ 0.84 min",NA,25,3.58823529411765
"2600","feat_1132_spec_4",1132,469.14039,0.841,17,4433,NA,469.14039,0.841,FALSE,NA,"F1132_S4","Feature 1132
469.14 m/z @ 0.84 min",NA,216,4.37254901960784
"2601","feat_1132_spec_5",1132,469.14039,0.841,18,4433,NA,469.14039,0.841,FALSE,NA,"F1132_S5","Feature 1132
469.14 m/z @ 0.84 min",NA,25,4.47058823529412
"2602","feat_1132_spec_6",1132,469.14039,0.841,8,4433,NA,469.14039,0.841,FALSE,NA,"F1132_S6","Feature 1132
469.14 m/z @ 0.84 min",NA,217,3.49019607843137
"2603","feat_1133_spec_1",1133,469.1404,0.922,13,2643,NA,469.1404,0.922,FALSE,NA,"F1133_S1","Feature 1133
469.14 m/z @ 0.92 min",NA,25,3.98039215686275
"2604","feat_1133_spec_2",1133,469.1404,0.922,10,2643,NA,469.1404,0.922,FALSE,NA,"F1133_S2","Feature 1133
469.14 m/z @ 0.92 min",NA,215,3.68627450980392
"2605","feat_1133_spec_3",1133,469.1404,0.922,9,2643,NA,469.1404,0.922,FALSE,NA,"F1133_S3","Feature 1133
469.14 m/z @ 0.92 min",NA,25,3.58823529411765
"2606","feat_1133_spec_4",1133,469.1404,0.922,17,2643,NA,469.1404,0.922,FALSE,NA,"F1133_S4","Feature 1133
469.14 m/z @ 0.92 min",NA,216,4.37254901960784
"2607","feat_1133_spec_5",1133,469.1404,0.922,18,2643,NA,469.1404,0.922,FALSE,NA,"F1133_S5","Feature 1133
469.14 m/z @ 0.92 min",NA,25,4.47058823529412
"2608","feat_1133_spec_6",1133,469.1404,0.922,8,2643,NA,469.1404,0.922,FALSE,NA,"F1133_S6","Feature 1133
469.14 m/z @ 0.92 min",NA,217,3.49019607843137
"2620","feat_1140_spec_6",1140,483.17351,2.585,12,3297,NA,483.17351,2.585,TRUE,68,"F1140_S6","Feature 1140
483.17 m/z @ 2.58 min
Rank: 68","F1140",161,6.23529411764706
"2624","feat_1140_spec_10",1140,483.17351,2.585,14,3297,NA,483.17351,2.585,TRUE,68,"F1140_S10","Feature 1140
483.17 m/z @ 2.58 min
Rank: 68","F1140",218,6.50980392156863
"2628","feat_1140_spec_14",1140,483.17351,2.585,10,3297,NA,483.17351,2.585,TRUE,68,"F1140_S14","Feature 1140
483.17 m/z @ 2.58 min
Rank: 68","F1140",218,5.96078431372549
"2629","feat_1141_spec_1",1141,483.17356,2.068,13,1917,"[Similar to: Thymidine; ΔMass: 242.0906 Da]",483.17356,2.068,TRUE,75,"F1141_S1","[Similar to: Thymidine; ΔMass: 242.0906 Da]
483.17 m/z @ 2.07 min
Rank: 75","[Similar to: Thymidine; ΔMass: 242.0906 Da]",161,6.37254901960784
"2630","feat_1141_spec_2",1141,483.17356,2.068,17,1917,"[Similar to: Thymidine; ΔMass: 242.0906 Da]",483.17356,2.068,TRUE,75,"F1141_S2","[Similar to: Thymidine; ΔMass: 242.0906 Da]
483.17 m/z @ 2.07 min
Rank: 75","[Similar to: Thymidine; ΔMass: 242.0906 Da]",161,6.92156862745098
"2631","feat_1141_spec_3",1141,483.17356,2.068,29,1917,"[Similar to: Thymidine; ΔMass: 242.0906 Da]",483.17356,2.068,TRUE,75,"F1141_S3","[Similar to: Thymidine; ΔMass: 242.0906 Da]
483.17 m/z @ 2.07 min
Rank: 75","[Similar to: Thymidine; ΔMass: 242.0906 Da]",161,8.56862745098039
"2632","feat_1141_spec_4",1141,483.17356,2.068,21,1917,"[Similar to: Thymidine; ΔMass: 242.0906 Da]",483.17356,2.068,TRUE,75,"F1141_S4","[Similar to: Thymidine; ΔMass: 242.0906 Da]
483.17 m/z @ 2.07 min
Rank: 75","[Similar to: Thymidine; ΔMass: 242.0906 Da]",161,7.47058823529412
"2633","feat_1141_spec_5",1141,483.17356,2.068,15,1917,"[Similar to: Thymidine; ΔMass: 242.0906 Da]",483.17356,2.068,TRUE,75,"F1141_S5","[Similar to: Thymidine; ΔMass: 242.0906 Da]
483.17 m/z @ 2.07 min
Rank: 75","[Similar to: Thymidine; ΔMass: 242.0906 Da]",161,6.64705882352941
"2634","feat_1141_spec_6",1141,483.17356,2.068,16,1917,"[Similar to: Thymidine; ΔMass: 242.0906 Da]",483.17356,2.068,TRUE,75,"F1141_S6","[Similar to: Thymidine; ΔMass: 242.0906 Da]
483.17 m/z @ 2.07 min
Rank: 75","[Similar to: Thymidine; ΔMass: 242.0906 Da]",161,6.7843137254902
"2635","feat_1141_spec_7",1141,483.17356,2.068,16,1917,"[Similar to: Thymidine; ΔMass: 242.0906 Da]",483.17356,2.068,TRUE,75,"F1141_S7","[Similar to: Thymidine; ΔMass: 242.0906 Da]
483.17 m/z @ 2.07 min
Rank: 75","[Similar to: Thymidine; ΔMass: 242.0906 Da]",161,6.7843137254902
"2636","feat_1141_spec_8",1141,483.17356,2.068,21,1917,"[Similar to: Thymidine; ΔMass: 242.0906 Da]",483.17356,2.068,TRUE,75,"F1141_S8","[Similar to: Thymidine; ΔMass: 242.0906 Da]
483.17 m/z @ 2.07 min
Rank: 75","[Similar to: Thymidine; ΔMass: 242.0906 Da]",161,7.47058823529412
"2643","feat_1146_spec_1",1146,495.14872,5.024,21,1450,NA,495.14872,5.024,TRUE,110,"F1146_S1","Feature 1146
495.15 m/z @ 5.02 min
Rank: 110","F1146",34,7.47058823529412
"2644","feat_1146_spec_2",1146,495.14872,5.024,12,1450,NA,495.14872,5.024,TRUE,110,"F1146_S2","Feature 1146
495.15 m/z @ 5.02 min
Rank: 110","F1146",34,6.23529411764706
"2645","feat_1146_spec_3",1146,495.14872,5.024,23,1450,NA,495.14872,5.024,TRUE,110,"F1146_S3","Feature 1146
495.15 m/z @ 5.02 min
Rank: 110","F1146",34,7.74509803921569
"2646","feat_1146_spec_4",1146,495.14872,5.024,13,1450,NA,495.14872,5.024,TRUE,110,"F1146_S4","Feature 1146
495.15 m/z @ 5.02 min
Rank: 110","F1146",34,6.37254901960784
"2648","feat_1147_spec_2",1147,497.32358,2.142,8,7730,NA,497.32358,2.142,TRUE,263,"F1147_S2","Feature 1147
497.32 m/z @ 2.14 min
Rank: 263","F1147",161,5.68627450980392
"2650","feat_1147_spec_4",1147,497.32358,2.142,19,7730,NA,497.32358,2.142,TRUE,263,"F1147_S4","Feature 1147
497.32 m/z @ 2.14 min
Rank: 263","F1147",161,7.19607843137255
"2652","feat_1147_spec_6",1147,497.32358,2.142,15,7730,NA,497.32358,2.142,TRUE,263,"F1147_S6","Feature 1147
497.32 m/z @ 2.14 min
Rank: 263","F1147",161,6.64705882352941
"2653","feat_1148_spec_1",1148,497.32372,1.865,11,6857,"[Similar to: Thymidine; ΔMass: 256.2407 Da]",497.32372,1.865,TRUE,325,"F1148_S1","[Similar to: Thymidine; ΔMass: 256.2407 Da]
497.32 m/z @ 1.86 min
Rank: 325","[Similar to: Thymidine; ΔMass: 256.2407 Da]",161,6.09803921568627
"2655","feat_1148_spec_3",1148,497.32372,1.865,9,6857,"[Similar to: Thymidine; ΔMass: 256.2407 Da]",497.32372,1.865,TRUE,325,"F1148_S3","[Similar to: Thymidine; ΔMass: 256.2407 Da]
497.32 m/z @ 1.86 min
Rank: 325","[Similar to: Thymidine; ΔMass: 256.2407 Da]",161,5.8235294117647
"2657","feat_1148_spec_5",1148,497.32372,1.865,13,6857,"[Similar to: Thymidine; ΔMass: 256.2407 Da]",497.32372,1.865,TRUE,325,"F1148_S5","[Similar to: Thymidine; ΔMass: 256.2407 Da]
497.32 m/z @ 1.86 min
Rank: 325","[Similar to: Thymidine; ΔMass: 256.2407 Da]",161,6.37254901960784
"2659","feat_1148_spec_7",1148,497.32372,1.865,16,6857,"[Similar to: Thymidine; ΔMass: 256.2407 Da]",497.32372,1.865,TRUE,325,"F1148_S7","[Similar to: Thymidine; ΔMass: 256.2407 Da]
497.32 m/z @ 1.86 min
Rank: 325","[Similar to: Thymidine; ΔMass: 256.2407 Da]",161,6.7843137254902
"2660","feat_1149_spec_1",1149,498.12402,8.576,17,3427,NA,498.12402,8.576,TRUE,286,"F1149_S1","Feature 1149
498.12 m/z @ 8.58 min
Rank: 286","F1149",2,6.92156862745098
"2662","feat_1150_spec_1",1150,503.16509,5.006,17,1204,NA,503.16509,5.006,TRUE,102,"F1150_S1","Feature 1150
503.17 m/z @ 5.01 min
Rank: 102","F1150",34,6.92156862745098
"2663","feat_1150_spec_2",1150,503.16509,5.006,14,1204,NA,503.16509,5.006,TRUE,102,"F1150_S2","Feature 1150
503.17 m/z @ 5.01 min
Rank: 102","F1150",34,6.50980392156863
"2668","feat_1153_spec_1",1153,522.19835,8.233,11,3594,NA,522.19835,8.233,FALSE,NA,"F1153_S1","Feature 1153
522.2 m/z @ 8.23 min",NA,15,3.7843137254902
"2673","feat_1154_spec_2",1154,525.3549,1.905,15,5017,NA,525.3549,1.905,FALSE,NA,"F1154_S2","Feature 1154
525.35 m/z @ 1.91 min",NA,161,4.17647058823529
"2675","feat_1154_spec_4",1154,525.3549,1.905,9,5017,NA,525.3549,1.905,FALSE,NA,"F1154_S4","Feature 1154
525.35 m/z @ 1.91 min",NA,161,3.58823529411765
"2677","feat_1154_spec_6",1154,525.3549,1.905,11,5017,NA,525.3549,1.905,FALSE,NA,"F1154_S6","Feature 1154
525.35 m/z @ 1.91 min",NA,161,3.7843137254902
"2679","feat_1154_spec_8",1154,525.3549,1.905,10,5017,NA,525.3549,1.905,FALSE,NA,"F1154_S8","Feature 1154
525.35 m/z @ 1.91 min",NA,161,3.68627450980392
"2680","feat_1155_spec_1",1155,526.84374,3.609,24,1685,NA,526.84374,3.609,FALSE,NA,"F1155_S1","Feature 1155
526.84 m/z @ 3.61 min",NA,61,5.05882352941176
"2681","feat_1155_spec_2",1155,526.84374,3.609,17,1685,NA,526.84374,3.609,FALSE,NA,"F1155_S2","Feature 1155
526.84 m/z @ 3.61 min",NA,219,4.37254901960784
"2682","feat_1156_spec_1",1156,529.12076,0.847,26,5835,NA,529.12076,0.847,FALSE,NA,"F1156_S1","Feature 1156
529.12 m/z @ 0.85 min",NA,15,5.25490196078431
"2683","feat_1156_spec_2",1156,529.12076,0.847,9,5835,NA,529.12076,0.847,FALSE,NA,"F1156_S2","Feature 1156
529.12 m/z @ 0.85 min",NA,15,3.58823529411765
"2684","feat_1157_spec_1",1157,529.12085,0.756,26,468,NA,529.12085,0.756,FALSE,NA,"F1157_S1","Feature 1157
529.12 m/z @ 0.76 min",NA,15,5.25490196078431
"2685","feat_1157_spec_2",1157,529.12085,0.756,9,468,NA,529.12085,0.756,FALSE,NA,"F1157_S2","Feature 1157
529.12 m/z @ 0.76 min",NA,15,3.58823529411765
"2688","feat_1161_spec_1",1161,536.18589,5.023,28,968,NA,536.18589,5.023,TRUE,50,"F1161_S1","Feature 1161
536.19 m/z @ 5.02 min
Rank: 50","F1161",220,8.43137254901961
"2689","feat_1161_spec_2",1161,536.18589,5.023,13,968,NA,536.18589,5.023,TRUE,50,"F1161_S2","Feature 1161
536.19 m/z @ 5.02 min
Rank: 50","F1161",220,6.37254901960784
"2690","feat_1161_spec_3",1161,536.18589,5.023,25,968,NA,536.18589,5.023,TRUE,50,"F1161_S3","Feature 1161
536.19 m/z @ 5.02 min
Rank: 50","F1161",220,8.01960784313725
"2691","feat_1161_spec_4",1161,536.18589,5.023,16,968,NA,536.18589,5.023,TRUE,50,"F1161_S4","Feature 1161
536.19 m/z @ 5.02 min
Rank: 50","F1161",220,6.7843137254902
"2692","feat_1166_spec_1",1166,540.85954,3.668,18,3177,NA,540.85954,3.668,FALSE,NA,"F1166_S1","Feature 1166
540.86 m/z @ 3.67 min",NA,61,4.47058823529412
"2693","feat_1166_spec_2",1166,540.85954,3.668,14,3177,NA,540.85954,3.668,FALSE,NA,"F1166_S2","Feature 1166
540.86 m/z @ 3.67 min",NA,219,4.07843137254902
"2694","feat_1169_spec_1",1169,545.12956,6.597,24,1090,NA,545.12956,6.597,TRUE,261,"F1169_S1","Feature 1169
545.13 m/z @ 6.6 min
Rank: 261","F1169",138,7.88235294117647
"2695","feat_1169_spec_2",1169,545.12956,6.597,11,1090,NA,545.12956,6.597,TRUE,261,"F1169_S2","Feature 1169
545.13 m/z @ 6.6 min
Rank: 261","F1169",139,6.09803921568627
"2696","feat_1169_spec_3",1169,545.12956,6.597,15,1090,NA,545.12956,6.597,TRUE,261,"F1169_S3","Feature 1169
545.13 m/z @ 6.6 min
Rank: 261","F1169",138,6.64705882352941
"2697","feat_1169_spec_4",1169,545.12956,6.597,13,1090,NA,545.12956,6.597,TRUE,261,"F1169_S4","Feature 1169
545.13 m/z @ 6.6 min
Rank: 261","F1169",139,6.37254901960784
"2698","feat_1169_spec_5",1169,545.12956,6.597,10,1090,NA,545.12956,6.597,TRUE,261,"F1169_S5","Feature 1169
545.13 m/z @ 6.6 min
Rank: 261","F1169",138,5.96078431372549
"2699","feat_1169_spec_6",1169,545.12956,6.597,17,1090,NA,545.12956,6.597,TRUE,261,"F1169_S6","Feature 1169
545.13 m/z @ 6.6 min
Rank: 261","F1169",140,6.92156862745098
"2700","feat_1170_spec_1",1170,547.06018,5.255,44,1113,NA,547.06018,5.255,FALSE,NA,"F1170_S1","Feature 1170
547.06 m/z @ 5.26 min",NA,221,7.01960784313725
"2701","feat_1170_spec_2",1170,547.06018,5.255,27,1113,NA,547.06018,5.255,FALSE,NA,"F1170_S2","Feature 1170
547.06 m/z @ 5.26 min",NA,222,5.35294117647059
"2702","feat_1170_spec_3",1170,547.06018,5.255,37,1113,NA,547.06018,5.255,FALSE,NA,"F1170_S3","Feature 1170
547.06 m/z @ 5.26 min",NA,221,6.33333333333333
"2703","feat_1170_spec_4",1170,547.06018,5.255,16,1113,NA,547.06018,5.255,FALSE,NA,"F1170_S4","Feature 1170
547.06 m/z @ 5.26 min",NA,222,4.27450980392157
"2706","feat_1172_spec_1",1172,548.10409,8.005,21,3750,NA,548.10409,8.005,TRUE,357,"F1172_S1","Feature 1172
548.1 m/z @ 8.01 min
Rank: 357","F1172",223,7.47058823529412
"2708","feat_1172_spec_3",1172,548.10409,8.005,21,3750,NA,548.10409,8.005,TRUE,357,"F1172_S3","Feature 1172
548.1 m/z @ 8.01 min
Rank: 357","F1172",223,7.47058823529412
"2710","feat_1173_spec_1",1173,551.19671,6.053,27,859,NA,551.19671,6.053,FALSE,NA,"F1173_S1","Feature 1173
551.2 m/z @ 6.05 min",NA,136,5.35294117647059
"2711","feat_1173_spec_2",1173,551.19671,6.053,13,859,NA,551.19671,6.053,FALSE,NA,"F1173_S2","Feature 1173
551.2 m/z @ 6.05 min",NA,136,3.98039215686275
"2712","feat_1173_spec_3",1173,551.19671,6.053,19,859,NA,551.19671,6.053,FALSE,NA,"F1173_S3","Feature 1173
551.2 m/z @ 6.05 min",NA,136,4.56862745098039
"2713","feat_1173_spec_4",1173,551.19671,6.053,20,859,NA,551.19671,6.053,FALSE,NA,"F1173_S4","Feature 1173
551.2 m/z @ 6.05 min",NA,136,4.66666666666667
"2714","feat_1176_spec_1",1176,551.258,8.464,17,6602,NA,551.258,8.464,FALSE,NA,"F1176_S1","Feature 1176
551.26 m/z @ 8.46 min",NA,224,4.37254901960784
"2715","feat_1176_spec_2",1176,551.258,8.464,12,6602,NA,551.258,8.464,FALSE,NA,"F1176_S2","Feature 1176
551.26 m/z @ 8.46 min",NA,225,3.88235294117647
"2716","feat_1177_spec_1",1177,552.18077,5.768,17,1455,NA,552.18077,5.768,FALSE,NA,"F1177_S1","Feature 1177
552.18 m/z @ 5.77 min",NA,34,4.37254901960784
"2717","feat_1177_spec_2",1177,552.18077,5.768,16,1455,NA,552.18077,5.768,FALSE,NA,"F1177_S2","Feature 1177
552.18 m/z @ 5.77 min",NA,7,4.27450980392157
"2718","feat_1177_spec_3",1177,552.18077,5.768,23,1455,NA,552.18077,5.768,FALSE,NA,"F1177_S3","Feature 1177
552.18 m/z @ 5.77 min",NA,34,4.96078431372549
"2719","feat_1177_spec_4",1177,552.18077,5.768,16,1455,NA,552.18077,5.768,FALSE,NA,"F1177_S4","Feature 1177
552.18 m/z @ 5.77 min",NA,7,4.27450980392157
"2720","feat_1178_spec_1",1178,557.15208,0.756,16,520,NA,557.15208,0.756,FALSE,NA,"F1178_S1","Feature 1178
557.15 m/z @ 0.76 min",NA,15,4.27450980392157
"2721","feat_1178_spec_2",1178,557.15208,0.756,18,520,NA,557.15208,0.756,FALSE,NA,"F1178_S2","Feature 1178
557.15 m/z @ 0.76 min",NA,15,4.47058823529412
"2724","feat_1180_spec_3",1180,569.20645,8.234,17,2510,NA,569.20645,8.234,FALSE,NA,"F1180_S3","Feature 1180
569.21 m/z @ 8.23 min",NA,151,4.37254901960784
"2726","feat_1180_spec_5",1180,569.20645,8.234,17,2510,NA,569.20645,8.234,FALSE,NA,"F1180_S5","Feature 1180
569.21 m/z @ 8.23 min",NA,151,4.37254901960784
"2743","feat_1191_spec_1",1191,629.22755,8.479,17,4239,NA,629.22755,8.479,FALSE,NA,"F1191_S1","Feature 1191
629.23 m/z @ 8.48 min",NA,151,4.37254901960784
"2745","feat_1192_spec_1",1192,653.30233,4.375,32,484,NA,653.30233,4.375,FALSE,NA,"F1192_S1","Feature 1192
653.3 m/z @ 4.38 min",NA,2,5.84313725490196
"2746","feat_1192_spec_2",1192,653.30233,4.375,13,484,NA,653.30233,4.375,FALSE,NA,"F1192_S2","Feature 1192
653.3 m/z @ 4.38 min",NA,226,3.98039215686275
"2747","feat_1192_spec_3",1192,653.30233,4.375,28,484,NA,653.30233,4.375,FALSE,NA,"F1192_S3","Feature 1192
653.3 m/z @ 4.38 min",NA,2,5.45098039215686
"2748","feat_1192_spec_4",1192,653.30233,4.375,13,484,NA,653.30233,4.375,FALSE,NA,"F1192_S4","Feature 1192
653.3 m/z @ 4.38 min",NA,226,3.98039215686275
"2749","feat_1192_spec_5",1192,653.30233,4.375,21,484,NA,653.30233,4.375,FALSE,NA,"F1192_S5","Feature 1192
653.3 m/z @ 4.38 min",NA,2,4.76470588235294
"2750","feat_1192_spec_6",1192,653.30233,4.375,10,484,NA,653.30233,4.375,FALSE,NA,"F1192_S6","Feature 1192
653.3 m/z @ 4.38 min",NA,227,3.68627450980392
"2751","feat_1192_spec_7",1192,653.30233,4.375,23,484,NA,653.30233,4.375,FALSE,NA,"F1192_S7","Feature 1192
653.3 m/z @ 4.38 min",NA,2,4.96078431372549
"2752","feat_1192_spec_8",1192,653.30233,4.375,18,484,NA,653.30233,4.375,FALSE,NA,"F1192_S8","Feature 1192
653.3 m/z @ 4.38 min",NA,227,4.47058823529412
"2753","feat_1192_spec_9",1192,653.30233,4.375,8,484,NA,653.30233,4.375,FALSE,NA,"F1192_S9","Feature 1192
653.3 m/z @ 4.38 min",NA,2,3.49019607843137
"2755","feat_1193_spec_1",1193,653.30251,4.165,24,1353,NA,653.30251,4.165,FALSE,NA,"F1193_S1","Feature 1193
653.3 m/z @ 4.16 min",NA,2,5.05882352941176
"2756","feat_1193_spec_2",1193,653.30251,4.165,13,1353,NA,653.30251,4.165,FALSE,NA,"F1193_S2","Feature 1193
653.3 m/z @ 4.16 min",NA,226,3.98039215686275
"2757","feat_1193_spec_3",1193,653.30251,4.165,31,1353,NA,653.30251,4.165,FALSE,NA,"F1193_S3","Feature 1193
653.3 m/z @ 4.16 min",NA,2,5.74509803921569
"2758","feat_1193_spec_4",1193,653.30251,4.165,15,1353,NA,653.30251,4.165,FALSE,NA,"F1193_S4","Feature 1193
653.3 m/z @ 4.16 min",NA,226,4.17647058823529
"2759","feat_1193_spec_5",1193,653.30251,4.165,22,1353,NA,653.30251,4.165,FALSE,NA,"F1193_S5","Feature 1193
653.3 m/z @ 4.16 min",NA,2,4.86274509803922
"2760","feat_1193_spec_6",1193,653.30251,4.165,13,1353,NA,653.30251,4.165,FALSE,NA,"F1193_S6","Feature 1193
653.3 m/z @ 4.16 min",NA,227,3.98039215686275
"2761","feat_1194_spec_1",1194,691.2047,5.281,17,2287,NA,691.2047,5.281,FALSE,NA,"F1194_S1","Feature 1194
691.2 m/z @ 5.28 min",NA,214,4.37254901960784
"2762","feat_1194_spec_2",1194,691.2047,5.281,9,2287,NA,691.2047,5.281,FALSE,NA,"F1194_S2","Feature 1194
691.2 m/z @ 5.28 min",NA,214,3.58823529411765
"2763","feat_1195_spec_1",1195,693.22029,5.134,22,2088,"[Similar to: N-(4-{(R)-Hydroxy[(3R)-5-oxo-4-(3-phenylpropyl)-3-morpholinyl]methyl}phenyl)-2-thiophenecarboxamide; ΔMass: 244.0662 Da]",693.22029,5.134,FALSE,NA,"F1195_S1","[Similar to: N-(4-{(R)-Hydroxy[(3R)-5-oxo-4-(3-phenylpropyl)-3-morpholinyl]methyl}phenyl)-2-thiophenecarboxamide; ΔMass: 244.0662 Da]
693.22 m/z @ 5.13 min",NA,228,4.86274509803922
"2764","feat_1195_spec_2",1195,693.22029,5.134,12,2088,"[Similar to: N-(4-{(R)-Hydroxy[(3R)-5-oxo-4-(3-phenylpropyl)-3-morpholinyl]methyl}phenyl)-2-thiophenecarboxamide; ΔMass: 244.0662 Da]",693.22029,5.134,FALSE,NA,"F1195_S2","[Similar to: N-(4-{(R)-Hydroxy[(3R)-5-oxo-4-(3-phenylpropyl)-3-morpholinyl]methyl}phenyl)-2-thiophenecarboxamide; ΔMass: 244.0662 Da]
693.22 m/z @ 5.13 min",NA,229,3.88235294117647
"2765","feat_1195_spec_3",1195,693.22029,5.134,17,2088,"[Similar to: N-(4-{(R)-Hydroxy[(3R)-5-oxo-4-(3-phenylpropyl)-3-morpholinyl]methyl}phenyl)-2-thiophenecarboxamide; ΔMass: 244.0662 Da]",693.22029,5.134,FALSE,NA,"F1195_S3","[Similar to: N-(4-{(R)-Hydroxy[(3R)-5-oxo-4-(3-phenylpropyl)-3-morpholinyl]methyl}phenyl)-2-thiophenecarboxamide; ΔMass: 244.0662 Da]
693.22 m/z @ 5.13 min",NA,228,4.37254901960784
"2766","feat_1195_spec_4",1195,693.22029,5.134,13,2088,"[Similar to: N-(4-{(R)-Hydroxy[(3R)-5-oxo-4-(3-phenylpropyl)-3-morpholinyl]methyl}phenyl)-2-thiophenecarboxamide; ΔMass: 244.0662 Da]",693.22029,5.134,FALSE,NA,"F1195_S4","[Similar to: N-(4-{(R)-Hydroxy[(3R)-5-oxo-4-(3-phenylpropyl)-3-morpholinyl]methyl}phenyl)-2-thiophenecarboxamide; ΔMass: 244.0662 Da]
693.22 m/z @ 5.13 min",NA,229,3.98039215686275
"2769","feat_1196_spec_1",1196,693.22034,5.377,20,2599,NA,693.22034,5.377,TRUE,377,"F1196_S1","Feature 1196
693.22 m/z @ 5.38 min
Rank: 377","F1196",228,7.33333333333333
"2770","feat_1196_spec_2",1196,693.22034,5.377,8,2599,NA,693.22034,5.377,TRUE,377,"F1196_S2","Feature 1196
693.22 m/z @ 5.38 min
Rank: 377","F1196",229,5.68627450980392
"2771","feat_1197_spec_1",1197,693.47201,4.9,17,594,"(15R,21S)-18,21,22-Trihydroxy-3-methyl-18-oxido-12-oxo-13,17,19-trioxa-18λ~5~-phosphadocosan-15-yl 14-methylhexadecanoate",693.47201,4.9,FALSE,NA,"F1197_S1","(15R,21S)-18,21,22-Trihydroxy-3-methyl-18-oxido-12-oxo-13,17,19-trioxa-18λ~5~-phosphadocosan-15-yl 14-methylhexadecanoate
693.47 m/z @ 4.9 min",NA,230,4.37254901960784
"2772","feat_1197_spec_2",1197,693.47201,4.9,8,594,"(15R,21S)-18,21,22-Trihydroxy-3-methyl-18-oxido-12-oxo-13,17,19-trioxa-18λ~5~-phosphadocosan-15-yl 14-methylhexadecanoate",693.47201,4.9,FALSE,NA,"F1197_S2","(15R,21S)-18,21,22-Trihydroxy-3-methyl-18-oxido-12-oxo-13,17,19-trioxa-18λ~5~-phosphadocosan-15-yl 14-methylhexadecanoate
693.47 m/z @ 4.9 min",NA,231,3.49019607843137
"2773","feat_1198_spec_1",1198,693.47247,4.991,17,4087,NA,693.47247,4.991,FALSE,NA,"F1198_S1","Feature 1198
693.47 m/z @ 4.99 min",NA,230,4.37254901960784
"2774","feat_1198_spec_2",1198,693.47247,4.991,8,4087,NA,693.47247,4.991,FALSE,NA,"F1198_S2","Feature 1198
693.47 m/z @ 4.99 min",NA,231,3.49019607843137
"2775","feat_1200_spec_1",1200,695.31304,0.638,19,3305,NA,695.31304,0.638,FALSE,NA,"F1200_S1","Feature 1200
695.31 m/z @ 0.64 min",NA,232,4.56862745098039
"2776","feat_1200_spec_2",1200,695.31304,0.638,13,3305,NA,695.31304,0.638,FALSE,NA,"F1200_S2","Feature 1200
695.31 m/z @ 0.64 min",NA,233,3.98039215686275
"2777","feat_1200_spec_3",1200,695.31304,0.638,11,3305,NA,695.31304,0.638,FALSE,NA,"F1200_S3","Feature 1200
695.31 m/z @ 0.64 min",NA,232,3.7843137254902
"2778","feat_1200_spec_4",1200,695.31304,0.638,11,3305,NA,695.31304,0.638,FALSE,NA,"F1200_S4","Feature 1200
695.31 m/z @ 0.64 min",NA,233,3.7843137254902
"2781","feat_1203_spec_1",1203,707.48771,4.898,20,701,NA,707.48771,4.898,FALSE,NA,"F1203_S1","Feature 1203
707.49 m/z @ 4.9 min",NA,230,4.66666666666667
"2782","feat_1203_spec_2",1203,707.48771,4.898,16,701,NA,707.48771,4.898,FALSE,NA,"F1203_S2","Feature 1203
707.49 m/z @ 4.9 min",NA,230,4.27450980392157
"2783","feat_1203_spec_3",1203,707.48771,4.898,24,701,NA,707.48771,4.898,FALSE,NA,"F1203_S3","Feature 1203
707.49 m/z @ 4.9 min",NA,234,5.05882352941176
"2784","feat_1203_spec_4",1203,707.48771,4.898,9,701,NA,707.48771,4.898,FALSE,NA,"F1203_S4","Feature 1203
707.49 m/z @ 4.9 min",NA,235,3.58823529411765
"2785","feat_1204_spec_1",1204,707.48801,4.981,20,2520,NA,707.48801,4.981,FALSE,NA,"F1204_S1","Feature 1204
707.49 m/z @ 4.98 min",NA,230,4.66666666666667
"2786","feat_1204_spec_2",1204,707.48801,4.981,16,2520,NA,707.48801,4.981,FALSE,NA,"F1204_S2","Feature 1204
707.49 m/z @ 4.98 min",NA,230,4.27450980392157
"2787","feat_1204_spec_3",1204,707.48801,4.981,24,2520,NA,707.48801,4.981,FALSE,NA,"F1204_S3","Feature 1204
707.49 m/z @ 4.98 min",NA,234,5.05882352941176
"2788","feat_1204_spec_4",1204,707.48801,4.981,9,2520,NA,707.48801,4.981,FALSE,NA,"F1204_S4","Feature 1204
707.49 m/z @ 4.98 min",NA,235,3.58823529411765
"2789","feat_1206_spec_1",1206,721.50338,4.887,26,601,NA,721.50338,4.887,FALSE,NA,"F1206_S1","Feature 1206
721.5 m/z @ 4.89 min",NA,236,5.25490196078431
"2790","feat_1206_spec_2",1206,721.50338,4.887,13,601,NA,721.50338,4.887,FALSE,NA,"F1206_S2","Feature 1206
721.5 m/z @ 4.89 min",NA,237,3.98039215686275
"2791","feat_1207_spec_1",1207,721.50383,4.969,26,2869,NA,721.50383,4.969,FALSE,NA,"F1207_S1","Feature 1207
721.5 m/z @ 4.97 min",NA,236,5.25490196078431
"2792","feat_1207_spec_2",1207,721.50383,4.969,13,2869,NA,721.50383,4.969,FALSE,NA,"F1207_S2","Feature 1207
721.5 m/z @ 4.97 min",NA,237,3.98039215686275
"2793","feat_1208_spec_1",1208,732.24191,5.256,15,2717,NA,732.24191,5.256,FALSE,NA,"F1208_S1","Feature 1208
732.24 m/z @ 5.26 min",NA,214,4.17647058823529
"2794","feat_1208_spec_2",1208,732.24191,5.256,7,2717,NA,732.24191,5.256,FALSE,NA,"F1208_S2","Feature 1208
732.24 m/z @ 5.26 min",NA,214,3.3921568627451
"2801","feat_1211_spec_1",1211,753.22771,0.64,24,2619,NA,753.22771,0.64,FALSE,NA,"F1211_S1","Feature 1211
753.23 m/z @ 0.64 min",NA,15,5.05882352941176
"2803","feat_1211_spec_3",1211,753.22771,0.64,18,2619,NA,753.22771,0.64,FALSE,NA,"F1211_S3","Feature 1211
753.23 m/z @ 0.64 min",NA,15,4.47058823529412
"2805","feat_1211_spec_5",1211,753.22771,0.64,16,2619,NA,753.22771,0.64,FALSE,NA,"F1211_S5","Feature 1211
753.23 m/z @ 0.64 min",NA,15,4.27450980392157
"2807","feat_1211_spec_7",1211,753.22771,0.64,22,2619,NA,753.22771,0.64,FALSE,NA,"F1211_S7","Feature 1211
753.23 m/z @ 0.64 min",NA,15,4.86274509803922
"2809","feat_1213_spec_1",1213,784.42179,8.282,45,949,NA,784.42179,8.282,FALSE,NA,"F1213_S1","Feature 1213
784.42 m/z @ 8.28 min",NA,238,7.11764705882353
"2810","feat_1213_spec_2",1213,784.42179,8.282,15,949,NA,784.42179,8.282,FALSE,NA,"F1213_S2","Feature 1213
784.42 m/z @ 8.28 min",NA,239,4.17647058823529
"2811","feat_1213_spec_3",1213,784.42179,8.282,27,949,NA,784.42179,8.282,FALSE,NA,"F1213_S3","Feature 1213
784.42 m/z @ 8.28 min",NA,238,5.35294117647059
"2812","feat_1213_spec_4",1213,784.42179,8.282,4,949,NA,784.42179,8.282,FALSE,NA,"F1213_S4","Feature 1213
784.42 m/z @ 8.28 min",NA,239,3.09803921568627
"2814","feat_1213_spec_6",1213,784.42179,8.282,13,949,NA,784.42179,8.282,FALSE,NA,"F1213_S6","Feature 1213
784.42 m/z @ 8.28 min",NA,240,3.98039215686275
"2816","feat_1213_spec_8",1213,784.42179,8.282,6,949,NA,784.42179,8.282,FALSE,NA,"F1213_S8","Feature 1213
784.42 m/z @ 8.28 min",NA,240,3.29411764705882
"2821","feat_1221_spec_1",1221,551.25814,8.467,17,2653,NA,551.25814,8.467,FALSE,NA,"F1221_S1","Feature 1221
551.26 m/z @ 8.47 min",NA,224,4.37254901960784
"2822","feat_1221_spec_2",1221,551.25814,8.467,12,2653,NA,551.25814,8.467,FALSE,NA,"F1221_S2","Feature 1221
551.26 m/z @ 8.47 min",NA,225,3.88235294117647
"2829","feat_1224_spec_1",1224,651.31623,8.414,43,740,NA,651.31623,8.414,FALSE,NA,"F1224_S1","Feature 1224
651.32 m/z @ 8.41 min",NA,241,6.92156862745098
"2831","feat_1224_spec_3",1224,651.31623,8.414,30,740,NA,651.31623,8.414,FALSE,NA,"F1224_S3","Feature 1224
651.32 m/z @ 8.41 min",NA,241,5.64705882352941
