"from","to","entropy_similarity"
"8","10",0.62889245621926
"15","32",0.673474161060461
"15","34",0.67506934013084
"32","34",0.884719849153447
"15","36",0.657426933917675
"32","36",0.854598360086226
"34","36",0.856415786508972
"15","40",0.700251583320537
"29","40",0.604697605977098
"32","40",0.883987331623259
"34","40",0.890571511530715
"36","40",0.865527625148741
"32","41",0.613489662945282
"34","41",0.6148847880452
"40","41",0.636886740216346
"15","42",0.673036973338221
"32","42",0.828535422043765
"34","42",0.830686031945722
"36","42",0.80693844785986
"40","42",0.864724828576125
"41","42",0.613107273922642
"32","44",0.705352569373556
"34","44",0.70705757276086
"36","44",0.68820673676655
"40","44",0.733987980016527
"42","44",0.704885301617513
"15","46",0.6120618988482
"32","46",0.746774274244041
"34","46",0.748625451711953
"36","46",0.728167217446146
"40","46",0.777885015331214
"42","46",0.746266973671654
"44","46",0.639799307097755
"32","48",0.7710955768688
"34","48",0.765528164857465
"36","48",0.738873043831861
"40","48",0.754929014946998
"42","48",0.724634504181796
"44","48",0.622449696449479
"46","48",0.656959795551203
"32","50",0.718338846037568
"34","50",0.714042648748416
"36","50",0.690423896729718
"40","50",0.706098881682263
"42","50",0.678559901698575
"46","50",0.616877686081835
"48","50",0.642191486495281
"15","54",0.692788888610975
"32","54",0.906327706257152
"34","54",0.906642812100418
"36","54",0.876874799400624
"40","54",0.913646284272148
"41","54",0.630370803525217
"42","54",0.854620362490691
"44","54",0.72600442392533
"46","54",0.769207028842705
"48","54",0.784419158358348
"50","54",0.731298164265305
"15","55",0.623466259562565
"32","55",0.76198714683998
"34","55",0.763892964414507
"36","55",0.742834164971631
"40","55",0.794023847759821
"42","55",0.761464882826155
"44","55",0.651959444654544
"46","55",0.688884559000913
"48","55",0.669595182272821
"50","55",0.628412147591737
"54","55",0.785085948260437
"15","56",0.676766259159813
"32","56",0.895984469305496
"34","56",0.895099951501308
"36","56",0.864575508175292
"40","56",0.894201486144447
"41","56",0.616368707368981
"42","56",0.832974546152673
"44","56",0.708871441808599
"46","56",0.750594998744025
"48","56",0.787656498628068
"50","56",0.722957664222754
"54","56",0.938781945848691
"55","56",0.765920709724489
"32","60",0.664753932272765
"34","60",0.666319485807546
"36","60",0.649003172052189
"40","60",0.691030425679793
"42","60",0.664324859113502
"46","60",0.60446027568701
"54","60",0.683708102087513
"55","60",0.615660245200108
"56","60",0.667984859360451
"15","62",0.679976221371244
"32","62",0.889259879723819
"34","62",0.891006913824292
"36","62",0.862500420773356
"40","62",0.899706847303209
"41","62",0.619175227358727
"42","62",0.837305672132403
"44","62",0.71230297180156
"46","62",0.75432152421246
"48","62",0.767264168986402
"50","62",0.715971218783828
"54","62",0.912440098323228
"55","62",0.76975753135635
"56","62",0.90012533556693
"60","62",0.671135063379378
"15","64",0.681633912995502
"32","64",0.89734026973399
"34","64",0.897338692436115
"36","64",0.886075565414115
"40","64",0.900456238136633
"41","64",0.620624306140249
"42","64",0.839543417441371
"44","64",0.714075259329345
"46","64",0.756246413233665
"48","64",0.77660200369894
"50","64",0.723732396008211
"54","64",0.939237155607028
"55","64",0.771739484781334
"56","64",0.926286241439835
"60","64",0.672761851017291
"62","64",0.922828177486968
"32","65",0.615127811038194
"34","65",0.616528281509166
"36","65",0.601029976811797
"40","65",0.638615138407258
"42","65",0.614743957719064
"54","65",0.632073939847553
"56","65",0.61801789151443
"62","65",0.620835188535773
"64","65",0.622289839074215
"52","66",1
"53","67",1
"68","70",0.631877351069126
"74","76",0.995113515960409
"75","77",0.992405090587421
"74","78",0.915410874011559
"76","78",0.911927345215028
"74","79",0.88600924284674
"76","79",0.885256849763169
"78","79",0.866222956193006
"81","83",0.765692230031714
"98","99",0.713324307307194
"99","101",0.603253405209709
"100","101",0.659595172294741
"104","106",0.861424083401064
"105","107",0.753627246684402
"104","108",0.806358072474267
"106","108",0.824052691337732
"104","110",0.780019691881055
"106","110",0.796845842714675
"108","110",0.908890290387038
"112","114",0.639702108303335
"112","116",0.640636922641607
"114","116",0.914834806544891
"115","117",0.788606147164834
"112","118",0.634456678159087
"114","118",0.897414316586837
"116","118",0.90609895826833
"115","119",0.79798094317553
"117","119",0.806985982974951
"112","120",0.632415568330456
"114","120",0.917918096575865
"116","120",0.929037011837567
"118","120",0.910005475223607
"115","121",0.786003421524259
"117","121",0.794647535344
"119","121",0.805788093234064
"112","122",0.646378983428671
"114","122",0.909475238408542
"116","122",0.919671888468458
"118","122",0.900189482542673
"120","122",0.925810531710491
"115","123",0.764613562807018
"117","123",0.772470122109653
"119","123",0.78276678530348
"121","123",0.770913378937823
"112","124",0.618725273070893
"114","124",0.920091249480182
"116","124",0.929852032634636
"118","124",0.911492136705804
"120","124",0.93556583049705
"122","124",0.933306989228353
"115","125",0.78817220447129
"117","125",0.79585521619166
"119","125",0.806165688951741
"121","125",0.793874385008717
"123","125",0.771806335309924
"114","126",0.883729123048992
"115","126",0.65220001529366
"116","126",0.896001391907597
"117","126",0.662526330437756
"118","126",0.880701081579135
"119","126",0.674327369779642
"120","126",0.905362506299449
"121","126",0.66407138346638
"122","126",0.897753780586458
"123","126",0.64504375532894
"124","126",0.921868387840957
"125","126",0.661292705119494
"115","127",0.792390083281504
"117","127",0.800572454359984
"119","127",0.811351670258782
"121","127",0.798881061931896
"123","127",0.776437388826648
"125","127",0.79988796022143
"126","127",0.666588747328607
"114","128",0.891257119572063
"115","128",0.631173902213332
"116","128",0.902524952827015
"117","128",0.641030061582926
"118","128",0.886890322671649
"119","128",0.652285537939465
"120","128",0.91149513347737
"121","128",0.642506006875909
"122","128",0.904614780293456
"123","128",0.624353434945052
"124","128",0.925178482841715
"125","128",0.639852664417195
"126","128",0.9250715544065
"127","128",0.64490513675847
"115","129",0.79525601550694
"117","129",0.804142078390423
"119","129",0.81556146139962
"121","129",0.802897911543019
"123","129",0.780025710295133
"125","129",0.803338911399997
"126","129",0.671829588894585
"127","129",0.808469554800653
"128","129",0.64990402856338
"112","130",0.63801388601563
"114","130",0.887440963654066
"116","130",0.895678836031398
"118","130",0.8801085607032
"120","130",0.899889470427948
"122","130",0.892411391169174
"124","130",0.900043487701346
"126","130",0.863073733365131
"128","130",0.872129073353775
"115","131",0.711734067650761
"117","131",0.717579607355721
"119","131",0.72574710501759
"121","131",0.71530069458386
"123","131",0.696621304223957
"125","131",0.71719916212265
"127","131",0.720881854412808
"129","131",0.72337240377945
"115","132",0.818721911227431
"117","132",0.827721465459943
"119","132",0.83940924449225
"120","132",0.600144925182788
"121","132",0.826247677926656
"123","132",0.802518522918155
"124","132",0.60246299914033
"125","132",0.826929369871468
"126","132",0.689208987360043
"127","132",0.832178408354468
"128","132",0.666469849593567
"129","132",0.836353078557251
"131","132",0.743831006188206
"114","133",0.906539656548481
"115","133",0.64696270478134
"116","133",0.917839627540068
"117","133",0.657286632384933
"118","133",0.90171690469643
"119","133",0.6690565959303
"120","133",0.926243744224358
"121","133",0.658892563941868
"122","133",0.910965474808159
"123","133",0.640020204529473
"124","133",0.93123391367623
"125","133",0.656047164314922
"126","133",0.931318292644792
"127","133",0.661328887846865
"128","133",0.930801582870219
"129","133",0.66657796251501
"130","133",0.884805274389385
"132","133",0.683747261147329
"115","134",0.821514314881405
"117","134",0.829394956125213
"119","134",0.840121310861008
"121","134",0.8271147905873
"123","134",0.80380985512384
"124","134",0.600350527267345
"125","134",0.828801110459812
"126","134",0.686230410922992
"127","134",0.83362012407466
"128","134",0.663628038982017
"129","134",0.837137279632407
"131","134",0.74625915109997
"132","134",0.862239817203736
"133","134",0.680691806981421
"114","135",0.916147770143166
"115","135",0.63757330677742
"116","135",0.927204299454523
"117","135",0.647777678401859
"118","135",0.910271005891245
"119","135",0.659386877061054
"120","135",0.934769752242255
"121","135",0.64941402781675
"122","135",0.926038229345212
"123","135",0.630882127808539
"124","135",0.944705055860091
"125","135",0.646547705863193
"126","135",0.938514244435533
"127","135",0.651757284834801
"128","135",0.938386805452028
"129","135",0.65695231671253
"130","135",0.89416635401221
"132","135",0.673753574811358
"133","135",0.949752430774028
"134","135",0.680626982077682
"115","136",0.799718561313636
"117","136",0.806364500312133
"119","136",0.815851840892576
"121","136",0.803518291765959
"123","136",0.781529129986159
"125","136",0.805956986665792
"126","136",0.664994997264699
"127","136",0.810223577152606
"128","136",0.643377361552316
"129","136",0.813052756812664
"131","136",0.727234693931666
"132","136",0.837338671739341
"133","136",0.659597748334451
"134","136",0.855411722111197
"135","136",0.660353723032617
"114","137",0.900790552082176
"115","137",0.639419239679744
"116","137",0.913016472314741
"117","137",0.648687448220267
"118","137",0.895667520576432
"119","137",0.659452508082974
"120","137",0.921261697627046
"121","137",0.649664619954546
"122","137",0.911913632390005
"123","137",0.631587997108062
"124","137",0.933708276226412
"125","137",0.647621653342801
"126","137",0.931192310233158
"127","137",0.652458008775998
"128","137",0.928423368405564
"129","137",0.657091133625077
"130","137",0.877999681595906
"132","137",0.674028668628244
"133","137",0.938448612219935
"134","137",0.6718817496986
"135","137",0.945753707692098
"136","137",0.651942958516519
"115","138",0.795623947735171
"117","138",0.804940513248136
"119","138",0.816742778912012
"121","138",0.803987673927437
"123","138",0.780897902785356
"125","138",0.80406297036843
"126","138",0.674041053178841
"127","138",0.809364421314394
"128","138",0.652012877210976
"129","138",0.813760611663662
"131","138",0.723678436820814
"132","138",0.837457718735724
"133","138",0.668807602187898
"134","138",0.837816850087375
"135","138",0.659170574776626
"136","138",0.813351700479762
"137","138",0.658946241033706
"112","139",0.622641919050488
"114","139",0.92254256011714
"116","139",0.931925468876327
"118","139",0.920587920149229
"120","139",0.937458343271162
"122","139",0.933039293716203
"124","139",0.947950749333151
"126","139",0.922132904314769
"128","139",0.926196737745049
"130","139",0.902461485091738
"132","139",0.605524151799701
"133","139",0.934756115247832
"134","139",0.603062534379242
"135","139",0.946688500557978
"137","139",0.941802425143856
"115","140",0.822794759272886
"117","140",0.831962273450895
"119","140",0.843827527392949
"120","140",0.603086727943773
"121","140",0.830550214009595
"123","140",0.806601300540907
"124","140",0.605454208667409
"125","140",0.831146356626277
"126","140",0.692883378015919
"127","140",0.836474377094285
"128","140",0.66997142294693
"129","140",0.840741095668059
"131","140",0.747375586549715
"132","140",0.865714562612996
"133","140",0.687392108647442
"134","140",0.866696649575806
"135","140",0.677332064575314
"136","140",0.841525881594816
"137","140",0.677507507225396
"138","140",0.841893520592465
"139","140",0.608573631772804
"112","141",0.643241436339296
"114","141",0.917706181297538
"116","141",0.927381470181247
"118","141",0.915974524534389
"120","141",0.932494745690447
"122","141",0.928230817020574
"124","141",0.939628783924407
"126","141",0.908639977186285
"128","141",0.91445504539117
"130","141",0.909706436335031
"133","141",0.923196139832878
"135","141",0.936192706442128
"137","141",0.929782674779833
"139","141",0.950878057452053
"115","142",0.790627442585065
"117","142",0.799836896307659
"119","142",0.811509318014678
"121","142",0.798875591400369
"123","142",0.804332403388716
"125","142",0.798971448583847
"126","142",0.682196161635668
"127","142",0.804215198782036
"128","142",0.657994614456242
"129","142",0.808556420444339
"131","142",0.719320144260015
"132","142",0.832039279183261
"133","142",0.664770701146455
"134","142",0.832419399962748
"135","142",0.661762567849214
"136","142",0.808198071656445
"137","142",0.663447164835666
"138","142",0.809840571808841
"140","142",0.836431295906013
"112","143",0.64941183887475
"114","143",0.921806057621818
"116","143",0.930682089536625
"118","143",0.913053940578155
"120","143",0.935070619184395
"122","143",0.92572229655429
"124","143",0.936750746848004
"126","143",0.90138178372104
"128","143",0.908772541481092
"130","143",0.913193756991582
"133","143",0.923542759127174
"135","143",0.932123459644725
"137","143",0.918248094259644
"139","143",0.939027107909674
"141","143",0.942958937932919
"115","144",0.725176960156958
"117","144",0.7305204110767
"119","144",0.738340635212321
"121","144",0.727724464760999
"123","144",0.708830724030646
"125","144",0.730244485956577
"126","144",0.604841613228558
"127","144",0.733771187817614
"129","144",0.73594813479987
"131","144",0.662033322893066
"132","144",0.757084078024781
"133","144",0.600043899071205
"134","144",0.760246792519921
"136","144",0.74124970592867
"138","144",0.736020643546485
"140","144",0.76066224038378
"142","144",0.731566507573648
"112","145",0.645036792417265
"114","145",0.917516919160897
"116","145",0.928865737974966
"118","145",0.910848841880855
"120","145",0.934842635525639
"122","145",0.925272193177322
"124","145",0.933734832559897
"126","145",0.901542121026397
"128","145",0.90808987105872
"130","145",0.90159801728072
"133","145",0.922612377242395
"135","145",0.932174977457468
"137","145",0.917234118409883
"139","145",0.935741723285481
"141","145",0.933249043151423
"143","145",0.93485159906855
"115","146",0.765070126430226
"117","146",0.772106748418842
"119","146",0.781686189674888
"121","146",0.769977728704304
"123","146",0.748988933685267
"125","146",0.771586356239351
"126","146",0.641642393599741
"127","146",0.775897027775764
"128","146",0.621103444295039
"129","146",0.779004634641005
"131","146",0.697013758136068
"132","146",0.801643770863614
"133","146",0.63657390771328
"134","146",0.803769546845558
"135","146",0.627438489125045
"136","146",0.782169750587203
"137","146",0.62883484149673
"138","146",0.779569516664676
"140","146",0.80564525240252
"142","146",0.774706865817473
"144","146",0.709712446823969
"112","147",0.640450769375411
"114","147",0.899665327841729
"116","147",0.90906566145467
"118","147",0.892812850375274
"120","147",0.91396624265298
"122","147",0.905216362254051
"124","147",0.91407227433445
"126","147",0.880424039321528
"128","147",0.888113338400223
"130","147",0.885075886362592
"133","147",0.901619416732986
"135","147",0.91054563618191
"137","147",0.895299790258739
"139","147",0.916417949365013
"141","147",0.914169435639828
"143","147",0.916501277150029
"145","147",0.915374931604126
"115","148",0.754804843984863
"117","148",0.761289491957273
"119","148",0.770313247597381
"121","148",0.758910006524447
"123","148",0.738517805282553
"125","148",0.760852118596563
"126","148",0.631676228789934
"127","148",0.76491506891067
"128","148",0.611588016545664
"129","148",0.767715277443539
"131","148",0.688023482627236
"132","148",0.789980036765736
"133","148",0.626672628342349
"134","148",0.792488225939142
"135","148",0.617700782268459
"136","148",0.771660360591961
"137","148",0.61946016557161
"138","148",0.768110522309825
"140","148",0.793859814477998
"142","148",0.763358697636386
"144","148",0.700726189643464
"146","148",0.738847886740564
"149","151",0.715960146462944
"149","153",0.75940547969203
"151","153",0.721902308374997
"149","155",0.759224684851983
"151","155",0.720373949561538
"153","155",0.769041416826455
"149","161",0.75940547969203
"151","161",0.721902308374997
"153","161",1
"155","161",0.769041416826455
"154","162",1
"149","163",0.759224684851983
"151","163",0.720373949561538
"153","163",0.769041416826455
"155","163",1
"161","163",0.769041416826455
"156","164",1
"149","165",1
"151","165",0.715960146462944
"153","165",0.75940547969203
"155","165",0.759224684851983
"161","165",0.75940547969203
"163","165",0.759224684851983
"150","166",1
"157","167",1
"158","168",1
"159","169",1
"160","170",1
"149","171",0.75940547969203
"151","171",0.721902308374997
"153","171",1
"155","171",0.769041416826455
"161","171",1
"163","171",0.769041416826455
"165","171",0.75940547969203
"154","172",1
"162","172",1
"149","173",0.759224684851983
"151","173",0.720373949561538
"153","173",0.769041416826455
"155","173",1
"161","173",0.769041416826455
"163","173",1
"165","173",0.759224684851983
"171","173",0.769041416826455
"156","174",1
"164","174",1
"149","175",1
"151","175",0.715960146462944
"153","175",0.75940547969203
"155","175",0.759224684851983
"161","175",0.75940547969203
"163","175",0.759224684851983
"165","175",1
"171","175",0.75940547969203
"173","175",0.759224684851983
"150","176",1
"166","176",1
"149","177",0.715960146462944
"151","177",1
"153","177",0.721902308374997
"155","177",0.720373949561538
"161","177",0.721902308374997
"163","177",0.720373949561538
"165","177",0.715960146462944
"171","177",0.721902308374997
"173","177",0.720373949561538
"175","177",0.715960146462944
"152","178",1
"157","179",1
"167","179",1
"158","180",1
"168","180",1
"159","181",1
"169","181",1
"160","182",1
"170","182",1
"187","189",0.795694867998646
"40","193",0.607827738944346
"54","193",0.601731657593699
"15","202",0.61913450753111
"32","202",0.772343759151545
"34","202",0.777685839694105
"36","202",0.757041179071925
"40","202",0.809507866624225
"42","202",0.755687845606038
"44","202",0.647339892196791
"46","202",0.683883558748559
"48","202",0.664794617496675
"50","202",0.624030858327721
"54","202",0.79670523033494
"55","202",0.69727602956721
"56","202",0.780640217069019
"60","202",0.611406312760019
"62","202",0.78514204909931
"64","202",0.785806314700204
"15","204",0.648583162378169
"32","204",0.810817811571644
"34","204",0.816003330840718
"36","204",0.793766367943882
"40","204",0.849927314532797
"42","204",0.795065898645016
"44","204",0.678762414760432
"46","204",0.717924899781189
"48","204",0.697459502192944
"50","204",0.653819135410554
"54","204",0.836799351882415
"55","204",0.732293930194292
"56","204",0.819024084528355
"60","204",0.640321552594438
"62","204",0.823750038484505
"64","204",0.824683295639238
"202","204",0.78963837913523
"15","206",0.641546312473559
"32","206",0.786180751965383
"34","206",0.788174492435884
"36","206",0.76614961998055
"40","206",0.819708191857255
"42","206",0.785634410852365
"44","206",0.671250249708429
"46","206",0.709781546405151
"48","206",0.68964798160404
"50","206",0.64670052997907
"54","206",0.810351688584514
"55","206",0.723915046519854
"56","206",0.790295892392625
"60","206",0.633413086075582
"62","206",0.794310223839606
"64","206",0.796384025236167
"202","206",0.77075736307822
"204","206",0.801010568497919
"15","208",0.606231982934762
"32","208",0.739011923822645
"34","208",0.74083541656444
"36","208",0.720681531093969
"40","208",0.76965364407323
"42","208",0.738512205020743
"44","208",0.633585453585997
"46","208",0.669000800734434
"48","208",0.650504634894126
"50","208",0.61098166124494
"54","208",0.761107280244275
"55","208",0.681973069006326
"56","208",0.742775477185072
"62","208",0.746446123856635
"64","208",0.748342104278798
"202","208",0.746085633578056
"204","208",0.755632709121601
"206","208",0.75433545614293
"15","210",0.650722762254651
"32","210",0.798495027840495
"34","210",0.800533995239775
"36","210",0.778012328735017
"40","210",0.83278964784821
"42","210",0.797936302098317
"44","210",0.68104698408728
"46","210",0.720402049574181
"48","210",0.699835397429845
"50","210",0.65598366711313
"54","210",0.823217642916935
"55","210",0.734842961944708
"56","210",0.802703573417702
"60","210",0.642422004035935
"62","210",0.806809228451435
"64","210",0.808930287148377
"198","210",0.617972249382763
"202","210",0.789906638616442
"204","210",0.819506700700682
"206","210",0.819065982784802
"208","210",0.773033007782924
"210","211",0.607494295422028
"15","212",0.607571965771015
"32","212",0.758187828706946
"34","212",0.763887580600311
"36","212",0.743872307840842
"40","212",0.795089113710611
"42","212",0.74029373881569
"44","212",0.635013537011384
"46","212",0.67054551332176
"48","212",0.651988082791378
"50","212",0.612336814860493
"54","212",0.782053418180704
"55","212",0.683561200323728
"56","212",0.766903093333577
"60","212",0.600050377994614
"62","212",0.771384643168167
"64","212",0.771825574668197
"202","212",0.756046439974937
"204","212",0.781196553063457
"206","212",0.762232863307798
"208","212",0.720732904156882
"210","212",0.782490600260662
"15","214",0.652655442581179
"32","214",0.819132059072665
"34","214",0.825269995475633
"36","214",0.802863954783058
"40","214",0.860099441429837
"42","214",0.8005301867509
"44","214",0.683110791927625
"46","214",0.722640078063192
"48","214",0.701981820631108
"50","214",0.6579388974032
"54","214",0.866487306696371
"55","214",0.737146027403973
"56","214",0.847141032179671
"60","214",0.644319277104829
"62","214",0.833554594957957
"64","214",0.85097687045531
"198","214",0.638014322411663
"200","214",0.619219474546965
"202","214",0.854311805216672
"204","214",0.852769705607251
"206","214",0.835591454959164
"208","214",0.81174515962216
"210","214",0.861752127063163
"211","214",0.644527959477191
"212","214",0.823851042805273
"32","215",0.630908907786317
"34","215",0.634637719885338
"36","215",0.619138587315228
"40","215",0.658227604791958
"42","215",0.618156679243746
"54","215",0.6490162120954
"56","215",0.636763383390348
"62","215",0.640065395602644
"64","215",0.640682652160245
"202","215",0.698713561032833
"204","215",0.705603879800764
"206","215",0.706384755795349
"208","215",0.67191296596726
"210","215",0.741642005429342
"211","215",0.670730089814457
"212","215",0.70759134678142
"214","215",0.809943056325773
"15","216",0.660071266899113
"32","216",0.831356508468451
"34","216",0.838324015736314
"36","216",0.837904063834762
"40","216",0.898796221875044
"41","216",0.601760866076288
"42","216",0.810492529455804
"44","216",0.69103131891342
"46","216",0.731231418301761
"48","216",0.710220412473282
"50","216",0.665441503617348
"54","216",0.883317364204039
"55","216",0.745987853736723
"56","216",0.863704985794669
"60","216",0.651598849110024
"62","216",0.871240398972621
"64","216",0.867070720723755
"65","216",0.603354261416457
"198","216",0.629764118249219
"200","216",0.607247017192652
"202","216",0.8551925293499
"204","216",0.856229987019224
"206","216",0.83421933304922
"208","216",0.80838736848213
"210","216",0.857662224621305
"211","216",0.622328945161338
"212","216",0.828063158020186
"214","216",0.963732523008595
"215","216",0.779229425852659
"40","217",0.607476945444094
"54","217",0.601385875851712
"202","217",0.661076721718251
"204","217",0.665597932837815
"206","217",0.681390848872443
"208","217",0.649009343103204
"210","217",0.717990874698102
"211","217",0.67199552836312
"212","217",0.670960884055411
"214","217",0.774778482950379
"215","217",0.870093408714942
"216","217",0.738538133106137
"15","218",0.60362458639377
"32","218",0.735543453708712
"34","218",0.737354619082946
"36","218",0.717336265765899
"40","218",0.765976360212553
"42","218",0.735047110933559
"44","218",0.630806877905723
"46","218",0.665995652156245
"48","218",0.647618498713076
"50","218",0.608344786160212
"54","218",0.757488589937016
"55","218",0.67888358223171
"56","218",0.739281550338186
"58","218",0.63342356131772
"60","218",0.775397364928793
"62","218",0.742927316658016
"64","218",0.744810425724195
"202","218",0.6739868177062
"204","218",0.707312235959697
"206","218",0.699341497088602
"208","218",0.659412300050715
"210","218",0.709736711953867
"212","218",0.660925157411952
"214","218",0.711927085234273
"216","218",0.720334908082792
"32","220",0.708170149485894
"34","220",0.709884973022042
"36","220",0.690926114833845
"40","220",0.736971771521734
"42","220",0.707700192166739
"44","220",0.60883360490529
"46","220",0.642247045886692
"48","220",0.624802185896745
"54","220",0.728941604277375
"55","220",0.654474618349002
"56","220",0.711709300005195
"58","220",0.631002344279647
"60","220",0.766906481986995
"62","220",0.715160644860951
"64","220",0.716943181634887
"202","220",0.649829383084425
"204","220",0.681428135752246
"206","220",0.673873515672681
"208","220",0.635998946771128
"210","220",0.683725655957845
"212","220",0.637434887698021
"214","220",0.685801179001955
"216","220",0.693766805069878
"218","220",0.80271283949234
"32","222",0.710221203825723
"34","222",0.711943187354693
"36","222",0.692905572087731
"40","222",0.739144020407508
"42","222",0.70974928552281
"44","222",0.610482822497161
"46","222",0.644028488517791
"48","222",0.62651420706568
"54","222",0.731079864574115
"55","222",0.65630521392356
"56","222",0.713775139412956
"58","222",0.624347249839936
"60","222",0.755911740102824
"62","222",0.717240931834252
"64","222",0.719030941710034
"202","222",0.651641258237838
"204","222",0.683368475275037
"206","222",0.675782905412228
"208","222",0.637755429142218
"210","222",0.685675436920734
"212","222",0.639197097018949
"214","222",0.687759500665549
"216","222",0.695758005990714
"218","222",0.79404108311065
"220","222",0.785800841035867
"32","224",0.654316511221696
"34","224",0.655846844750522
"36","224",0.638918266748762
"40","224",0.679997632931158
"42","224",0.653897085176332
"54","224",0.672842113125021
"55","224",0.606310264079129
"56","224",0.657474717060932
"60","224",0.714322810249958
"62","224",0.660553884137266
"64","224",0.662143936796242
"202","224",0.60214895086541
"204","224",0.63042950541868
"206","224",0.62367375943096
"210","224",0.632483391751439
"214","224",0.634338551471187
"216","224",0.641456081109422
"218","224",0.745633550551116
"220","224",0.739322834286576
"222","224",0.730198271139564
"266","267",0.919764127547636
"276","277",0.670371674317958
"278","280",0.687523123681324
"279","281",0.671388310862201
"292","293",0.652904920777509
"292","294",0.938539366783363
"293","294",0.662455357129203
"292","295",0.666875171496735
"293","295",0.897946549695177
"294","295",0.676807198889121
"292","296",0.902650048816194
"293","296",0.634997907277698
"294","296",0.912203223803391
"295","296",0.638738989368473
"292","297",0.678511854784497
"293","297",0.906741264055477
"294","297",0.687682195453884
"295","297",0.916172232758274
"296","297",0.668329370759903
"306","308",0.813890367458246
"306","310",0.782269407371353
"308","310",0.92943981349368
"306","312",0.79312308439545
"308","312",0.938091168091552
"310","312",0.925454661183155
"311","313",0.648622381277412
"308","314",0.695488176726267
"312","314",0.640682737415102
"308","316",0.695488176726267
"312","316",0.640682737415102
"314","316",1
"315","317",1
"318","320",0.79153879441874
"311","321",0.628509226333726
"318","322",0.79190298409704
"320","322",0.939149631163885
"311","323",0.621408514197114
"321","323",0.675839347632841
"320","324",0.678334182570894
"322","324",0.66524188794436
"320","326",0.701698671319834
"322","326",0.688478815380056
"324","326",0.88258504863499
"318","328",0.610495533851992
"320","328",0.642470672951861
"322","328",0.625837922896656
"324","328",0.775816497390885
"326","328",0.799603150157246
"324","330",0.731255147259445
"326","330",0.73553699706454
"328","330",0.754969221361824
"15","332",0.623881226221675
"32","332",0.779610186796191
"34","332",0.785279735405777
"36","332",0.764401265907013
"40","332",0.817656531504583
"42","332",0.762018582322631
"44","332",0.652402028308724
"46","332",0.689363753040048
"48","332",0.670055138039414
"50","332",0.628831867448885
"54","332",0.825048791748116
"55","332",0.702911999862751
"56","332",0.80685327198732
"60","332",0.616067745199371
"62","332",0.792961762227695
"64","332",0.810324404255417
"202","332",0.717451928166833
"204","332",0.751254038680485
"206","332",0.724429792500453
"208","332",0.682445341740546
"210","332",0.735368956025679
"212","332",0.70540089996535
"214","332",0.77702138417121
"216","332",0.791805001507446
"218","332",0.679352771208934
"220","332",0.654919666722936
"222","332",0.656752058876277
"224","332",0.606708877881455
"32","334",0.697587755453288
"34","334",0.699265790471769
"36","334",0.680711634699407
"40","334",0.725766775214542
"42","334",0.697127873934727
"44","334",0.600317199012553
"46","334",0.633050524534956
"48","334",0.615962703914413
"54","334",0.717911192701196
"55","334",0.645025349923465
"56","334",0.701050940169291
"60","334",0.67721487472762
"62","334",0.704428056507403
"64","334",0.706172199307204
"202","334",0.640476371259899
"204","334",0.671414702620799
"206","334",0.664019167364409
"208","334",0.626930788156097
"210","334",0.673663695980732
"212","334",0.628337276241782
"214","334",0.675695322994741
"216","334",0.683491972637786
"218","334",0.730886775579678
"220","334",0.721549925798074
"222","334",0.716286030193403
"224","334",0.67018978251911
"332","334",0.694920846804503
"336","338",0.77316886961765
"344","346",1
"345","347",1
"380","382",0.731493610814437
"381","383",0.94383892131513
"380","384",0.824212846208437
"381","384",0.629394346320864
"382","384",0.779965367239631
"383","384",0.634970401441046
"381","385",0.958849198976558
"383","385",0.915793817742494
"384","385",0.612553769217893
"380","386",0.850312570247851
"381","386",0.660638179919107
"382","386",0.793316951527517
"383","386",0.649932548478836
"384","386",0.894633178924582
"385","386",0.656754840161214
"381","387",0.953147752524687
"383","387",0.920742410051543
"385","387",0.953302127211653
"386","387",0.644796095670513
"380","392",0.82791996048166
"381","392",0.643008150424437
"382","392",0.772203479695196
"383","392",0.633468654394958
"384","392",0.871422696038364
"385","392",0.638295146439355
"386","392",0.89944566820913
"387","392",0.625901287601617
"381","393",0.949429873021038
"383","393",0.915868621928675
"384","393",0.612984068651175
"385","393",0.93963179925476
"386","393",0.650243978070604
"387","393",0.938325527903085
"392","393",0.632538795736033
"380","394",0.793924194209929
"381","394",0.605288316236509
"382","394",0.745543750035976
"384","394",0.830530215162953
"385","394",0.605705830824795
"386","394",0.863656966019507
"392","394",0.838617742627348
"381","395",0.960296385278263
"383","395",0.928069057515214
"384","395",0.6253103101864
"385","395",0.947258156226867
"386","395",0.659897918105149
"387","395",0.944316475235658
"392","395",0.642235599413026
"393","395",0.940126267134649
"394","395",0.6060445668843
"380","396",0.778723954698285
"381","396",0.641321977055455
"382","396",0.73715024594409
"383","396",0.646235110559416
"384","396",0.836978297892793
"385","396",0.624180846203735
"386","396",0.842993443185843
"387","396",0.610158594967565
"392","396",0.824818705260314
"393","396",0.624589637101678
"394","396",0.785301299565919
"395","396",0.636755904414643
"381","397",0.931380133274152
"383","397",0.923965022788014
"384","397",0.620668322416825
"385","397",0.903857597253281
"386","397",0.635632101165691
"387","397",0.909123419667063
"392","397",0.619405614963655
"393","397",0.903922304796303
"395","397",0.915783729747168
"396","397",0.632197283678445
"380","398",0.746789308501719
"382","398",0.706940146272896
"384","398",0.800482963743163
"386","398",0.806402965558265
"392","398",0.788239922332582
"394","398",0.753474157254263
"396","398",0.771132511250368
"466","468",0.837098013863539
"292","473",0.666044424807296
"294","473",0.670761097624159
"296","473",0.66283455324473
"32","486",0.615471929067135
"34","486",0.619950320915615
"36","486",0.605146465504488
"40","486",0.643094559099212
"42","486",0.60000537797739
"54","486",0.649824307835382
"56","486",0.637264928775327
"62","486",0.625598036444572
"64","486",0.639587176463528
"214","486",0.622738754150896
"216","486",0.633790196164517
"292","487",0.680786789092943
"294","487",0.685654649412467
"296","487",0.677474283323127
"32","488",0.6007650009968
"34","488",0.604917566570554
"40","488",0.627186238987795
"54","488",0.634741031908671
"56","488",0.622349334208592
"62","488",0.610287815264269
"64","488",0.624556942647425
"214","488",0.601764052637756
"216","488",0.612288623657589
"486","488",0.974050420150809
"292","489",0.710512976471337
"294","489",0.715690346791624
"296","489",0.706990398952463
"487","489",0.85107048735756
"32","490",0.633078580970242
"34","490",0.637786212156291
"36","490",0.622381415053955
"40","490",0.661918062667645
"42","490",0.617044730406048
"54","490",0.668448135285384
"56","490",0.655442473269178
"62","490",0.643692354842457
"64","490",0.657875199523877
"204","490",0.612291569589775
"214","490",0.633405381611372
"216","490",0.64478452552695
"332","490",0.606765497790297
"486","490",0.98112979118354
"488","490",0.971230524441411
"487","491",0.773061104620828
"489","491",0.799306552600092
"60","494",0.60466125644195
"218","494",0.631499045583587
"220","494",0.623981629554622
"222","494",0.617967671201064
"480","494",0.613110911917135
"492","494",0.721882946602518
"60","496",0.60929141534899
"218","496",0.629373910561042
"220","496",0.620233514350387
"222","496",0.614147126824162
"480","496",0.632845662671488
"492","496",0.724889994206234
"494","496",0.849500049332905
"486","504",0.827645043174477
"488","504",0.818096243706939
"490","504",0.818122722624366
"487","505",0.656990365873715
"489","505",0.679149036427162
"491","505",0.609876172705001
"486","506",0.780264514665654
"488","506",0.768822910346591
"490","506",0.77214539607126
"504","506",0.73833105817938
"486","508",0.895068010608514
"488","508",0.88488563044756
"490","508",0.887125612889251
"504","508",0.808345072491494
"506","508",0.766213290934536
"472","510",0.684814262564631
"472","512",0.619210588042912
"510","512",0.630657809268472
"486","514",0.774851154406942
"488","514",0.763232872034038
"490","514",0.76394999527209
"504","514",0.743280746666035
"506","514",0.714419594140012
"508","514",0.77040756137192
"292","515",0.627972776762157
"294","515",0.632306308403157
"296","515",0.625023061727335
"487","515",0.680330153157803
"489","515",0.70429386315775
"491","515",0.62245959856538
"17","516",0.601500195307336
"292","516",0.905546387111949
"294","516",0.88700240576223
"296","516",0.883827890370689
"473","516",0.709158202157011
"475","516",0.619786485024107
"487","516",0.725298642434073
"489","516",0.757889582009881
"491","516",0.614970272059713
"505","516",0.610735608729656
"515","516",0.667547402617929
"292","517",0.891360347975085
"294","517",0.874329734404028
"296","517",0.864636267055415
"473","517",0.699474424452064
"475","517",0.611796805362785
"487","517",0.71529774566175
"489","517",0.74723838046826
"491","517",0.607068810023986
"505","517",0.60291144438118
"515","517",0.65866564822902
"516","517",0.963538502861637
"292","518",0.896503770004094
"294","518",0.878461549340241
"296","518",0.876591450875691
"473","518",0.703480982265559
"475","518",0.615103385997941
"487","518",0.719435295274748
"489","518",0.751644515101614
"491","518",0.610338930879865
"505","518",0.606149617800373
"515","518",0.66234086402754
"516","518",0.979482453198916
"517","518",0.953720245262039
"292","519",0.89520953247097
"294","519",0.878455730222337
"296","519",0.868812463657496
"473","519",0.701995237001184
"475","519",0.613877367257515
"487","519",0.717900939350542
"489","519",0.750010482283906
"491","519",0.609126438968719
"505","519",0.604948978476469
"515","519",0.660978070247535
"516","519",0.967851431464185
"517","519",0.971363082269891
"518","519",0.957918909247162
"480","520",0.603141140659197
"492","520",0.704559021694306
"494","520",0.799897072499303
"496","520",0.814151997763488
"40","522",0.604080424930939
"60","522",0.627299319164587
"218","522",0.654876157391585
"220","522",0.647428259528477
"222","522",0.640847441480211
"224","522",0.60538798299301
"480","522",0.629783797971914
"492","522",0.741424616007078
"494","522",0.849503062272654
"496","522",0.865732434750757
"520","522",0.818490399870478
"292","534",0.762431828545953
"294","534",0.766572047281675
"296","534",0.758661923320809
"473","534",0.619559992688793
"474","534",0.690987286088217
"476","534",0.614001369920704
"487","534",0.632836774591627
"489","534",0.659566392134718
"510","534",0.616777189474351
"516","534",0.812987598651274
"517","534",0.80188455463838
"518","534",0.805347508231816
"519","534",0.805619186354794
"292","535",0.816155622854959
"294","535",0.800080316305715
"296","535",0.791462666283657
"473","535",0.645294537651899
"487","535",0.65937712924749
"489","535",0.687753470731733
"515","535",0.608896134227816
"516","535",0.871938228708085
"517","535",0.858464673457457
"518","535",0.863484698738863
"519","535",0.862027902728527
"534","535",0.844391710908299
"292","536",0.795094950646183
"294","536",0.799630288405025
"296","536",0.791081779139982
"473","536",0.644675890942691
"474","536",0.687614627206266
"476","536",0.612910513898192
"487","536",0.65873894743589
"489","536",0.687075342617553
"510","536",0.608984708701064
"515","536",0.60832706167207
"516","536",0.855491610273966
"517","536",0.843157218272097
"518","536",0.847335480319017
"519","536",0.847175056256625
"534","536",0.945156495731314
"535","536",0.852916023806734
"292","537",0.83513200111765
"294","537",0.840067041530496
"296","537",0.830820380389833
"473","537",0.674784294869017
"487","537",0.689807154876828
"489","537",0.720107626824345
"515","537",0.636001893646469
"516","537",0.900454368924255
"517","537",0.887110241621564
"518","537",0.891705728251703
"519","537",0.891412352715648
"534","537",0.864453243755408
"535","537",0.923909840557106
"536","537",0.880908335713402
"292","538",0.792559916795013
"294","538",0.798622453525757
"296","538",0.788436840121016
"473","538",0.654498757438052
"474","538",0.624653630137964
"487","538",0.668872926176869
"489","538",0.697845643407513
"515","538",0.61736063564859
"516","538",0.848148006351101
"517","538",0.835629179875557
"518","538",0.840806418714174
"519","538",0.838886173382781
"534","538",0.812086850959465
"535","538",0.765945878607998
"536","538",0.837881515683981
"537","538",0.803797354686493
"292","539",0.795256058980616
"294","539",0.801348421090124
"296","539",0.791112755698827
"473","539",0.656544359232742
"475","539",0.614466376293485
"487","539",0.670983565967225
"489","539",0.70008934512416
"515","539",0.619241293651777
"516","539",0.851121292176952
"517","539",0.83853934272215
"518","539",0.843742637511476
"519","539",0.841812719905064
"534","539",0.73547876148661
"535","539",0.768512288467659
"536","539",0.767716409614386
"537","539",0.80654885974467
"538","539",0.780363489661755
"348","540",1
"349","541",1
"15","542",0.604623955556686
"32","542",0.73472052643466
"34","542",0.739578751628303
"36","542",0.720341393768359
"40","542",0.769112413213472
"42","542",0.719216835506445
"44","542",0.618096935971089
"46","542",0.652255226085148
"48","542",0.634419270280478
"54","542",0.775751587778046
"55","542",0.664759749605825
"56","542",0.758859451182661
"62","542",0.746455748392438
"64","542",0.762229232851419
"202","542",0.677197875520635
"204","542",0.708488848606131
"206","542",0.684602679532968
"208","542",0.645866501886457
"210","542",0.694682470558793
"212","542",0.665897983284824
"214","542",0.731452272231692
"216","542",0.744528542933572
"218","542",0.643009977150688
"220","542",0.620425709811264
"222","542",0.622120447092868
"332","542",0.698753944408851
"334","542",0.611675133135302
"486","542",0.645909737305159
"488","542",0.625823205784429
"490","542",0.648967496560417
"508","542",0.624497436052596
"32","544",0.744050205958465
"34","544",0.749292215106701
"36","544",0.729756456299915
"40","544",0.779506840135972
"42","544",0.727419459893778
"44","544",0.624686025400479
"46","544",0.659377321125692
"48","544",0.641261455163783
"50","544",0.602535160940622
"54","544",0.784501260686579
"55","544",0.672080121132434
"56","544",0.767771185078338
"62","544",0.756437815761019
"64","544",0.771281035180212
"202","544",0.685806275870394
"204","544",0.717497345330897
"206","544",0.692241047635849
"208","544",0.652887938871473
"210","544",0.702483919734185
"212","544",0.674468984421353
"214","544",0.748102780384389
"216","544",0.761596420677426
"218","544",0.649986550346563
"220","544",0.62705072773697
"222","544",0.628771649788817
"332","544",0.706728161638839
"334","544",0.618165463214999
"486","544",0.666278201163536
"488","544",0.638967544145786
"490","544",0.662070561378297
"504","544",0.601437115930178
"506","544",0.60439991866162
"508","544",0.643499100747962
"514","544",0.604731179463306
"542","544",0.917624728165711
"534","545",0.60864986591084
"544","545",0.600011225912847
"546","547",0.785319897742708
"546","548",0.862922237959575
"547","548",0.784582215803571
"546","549",0.795930122426726
"547","549",0.90159769343369
"548","549",0.793376411267593
"546","550",0.755268290647384
"547","550",0.645756689023524
"548","550",0.770291114598405
"549","550",0.654380521086564
"546","551",0.81378741061134
"547","551",0.875701049536945
"548","551",0.829487201865199
"549","551",0.891070267369244
"550","551",0.789629990054861
"546","552",0.746560237968518
"547","552",0.602058791511919
"548","552",0.76499981904786
"549","552",0.609501731036775
"550","552",0.864774622250634
"551","552",0.753815444119799
"546","553",0.8113740835825
"547","553",0.841974222757929
"548","553",0.827450308362947
"549","553",0.859064627758711
"550","553",0.79251437121826
"551","553",0.924398522220796
"552","553",0.764102162870158
"576","579",1
"577","580",1
"578","581",1
"583","585",0.674905653205163
"421","588",0.647839358798636
"587","589",0.776143319076687
"421","590",0.641294882209545
"588","590",0.790942099873359
"587","591",0.685539696846374
"589","591",0.684771679123889
"587","593",0.717532464251568
"589","593",0.714859767742276
"591","593",0.638318655067894
"595","597",0.777782927890506
"596","598",0.635714435938218
"639","641",0.694597232614473
"458","649",1
"459","650",1
"460","651",1
"461","652",1
"32","653",0.613770623937914
"34","653",0.615166665349359
"40","653",0.637183171731769
"42","653",0.613387983902994
"54","653",0.630662904753032
"56","653",0.616651560175931
"62","653",0.619459927569452
"64","653",0.620909961460734
"216","653",0.602034155399311
"542","653",0.631581030133363
"544","653",0.640544155505899
"40","655",0.607799335618012
"54","655",0.601703660114107
"653","655",0.64698698927015
"32","657",0.63221574170742
"34","657",0.633672371640078
"36","657",0.61755542292004
"40","657",0.656651494011596
"42","657",0.631816504536185
"54","657",0.649844771271017
"56","657",0.635221771006341
"62","657",0.638152302956852
"64","657",0.639665499166346
"204","657",0.609470553460448
"206","657",0.603034733490185
"210","657",0.611426909312148
"214","657",0.613193869241847
"216","657",0.619972083692041
"40","659",0.608990083278011
"54","659",0.602877385869148
"657","659",0.652376994086728
"32","661",0.632103147188944
"34","661",0.633559404702132
"36","661",0.61744655788893
"40","661",0.656532608608316
"42","661",0.631704012033271
"54","661",0.649727647389204
"56","661",0.635108407565401
"62","661",0.63803818854614
"64","661",0.639550996465736
"204","661",0.609363730329614
"206","661",0.602929528085627
"210","661",0.611319593068843
"214","661",0.613086107084496
"216","661",0.619862606248448
"657","663",0.612211752220788
"32","665",0.632103147188944
"34","665",0.633559404702132
"36","665",0.61744655788893
"40","665",0.656532608608316
"42","665",0.631704012033271
"54","665",0.649727647389204
"56","665",0.635108407565401
"62","665",0.63803818854614
"64","665",0.639550996465736
"204","665",0.609363730329614
"206","665",0.602929528085627
"210","665",0.611319593068843
"214","665",0.613086107084496
"216","665",0.619862606248448
"661","665",1
"662","666",1
"657","667",0.612211752220788
"663","667",1
"664","668",1
"310","679",0.706462711469763
"312","679",0.604517180496099
"320","679",0.620822648275998
"322","679",0.636456954269354
"679","680",0.632540500078716
"310","681",0.711048946912707
"312","681",0.605390463308406
"320","681",0.616677082423559
"322","681",0.631748359525882
"679","681",0.950060552319669
"680","681",0.6364504209362
"679","682",0.637522554120896
"680","682",0.983381035985372
"681","682",0.641595022062589
"679","683",0.670843779913995
"681","683",0.673050060993836
"680","684",0.658681450793924
"682","684",0.652911192821189
"679","685",0.610711780210348
"681","685",0.614494854343614
"687","689",0.645033179410388
"102","699",0.68443407105302
"266","705",0.694378262161946
"267","705",0.716230665820605
"266","707",0.718821391682727
"267","707",0.722138928628721
"705","707",0.601535937832314
"706","708",0.720179580688261
"84","719",1
"85","720",1
"86","721",1
"87","722",1
"723","724",0.646979253856136
"723","725",0.824019128162922
"724","725",0.71323298843416
"723","726",0.636234367119479
"724","726",0.836426337838262
"725","726",0.702100269512075
"723","727",0.759869500421235
"724","727",0.676339550340547
"725","727",0.756529685587212
"726","727",0.667901240686695
"729","731",0.654402987484154
"98","732",1
"99","732",0.713324307307194
"98","733",0.713324307307194
"99","733",1
"101","733",0.603253405209709
"732","733",0.713324307307194
"100","734",1
"101","734",0.659595172294741
"99","735",0.603253405209709
"100","735",0.659595172294741
"101","735",1
"733","735",0.603253405209709
"734","735",0.659595172294741
"736","738",0.67962275196356
"737","739",0.663496939781934
"744","746",0.65977284552943
"746","747",0.646704463287416
"98","750",0.648983344507767
"99","750",0.68011774266629
"292","750",0.661925522199256
"294","750",0.674781658574326
"296","750",0.631732282757013
"516","750",0.674922580381026
"517","750",0.665900330583096
"518","750",0.669633595061182
"519","750",0.668249261985097
"535","750",0.615357389994039
"536","750",0.614779615470253
"537","750",0.642881399445055
"538","750",0.62395171461422
"539","750",0.62586131505678
"732","750",0.648983344507767
"733","750",0.68011774266629
"757","758",1
"763","765",1
"764","766",1
"217","783",0.622933690470599
"217","785",0.623030927759905
"783","785",0.974861910216912
"15","786",0.624590944584976
"32","786",0.779827557373006
"34","786",0.78526029644881
"36","786",0.764330721258718
"40","786",0.817541190749855
"42","786",0.762965688788115
"44","786",0.653158998954655
"46","786",0.690183366403295
"48","786",0.670841833084276
"50","786",0.629549718329349
"54","786",0.804536621171395
"55","786",0.703754958952373
"56","786",0.788261263186292
"60","786",0.616764688545721
"62","786",0.792830215270038
"64","786",0.793496169138198
"202","786",0.717390202333336
"204","786",0.751333618916244
"206","786",0.725310240508723
"208","786",0.683253112062611
"210","786",0.736268651792491
"212","786",0.705204670202401
"214","786",0.75975156921989
"216","786",0.771469966525923
"218","786",0.68015526495228
"220","786",0.655680854561082
"222","786",0.657516320711426
"224","786",0.607390617653594
"332","786",0.724202366560212
"334","786",0.646206543587272
"542","786",0.68339998719771
"544","786",0.692128981325363
"653","786",0.609547396365059
"657","786",0.691545770223543
"15","788",0.623487050163058
"32","788",0.780099489016538
"34","788",0.786109866719685
"36","788",0.765271626270227
"40","788",0.818672797714895
"42","788",0.76149262303846
"44","788",0.651981618723867
"46","788",0.688908567031956
"48","788",0.669618226585368
"50","788",0.628433176304306
"54","788",0.804992199449076
"55","788",0.702443853796091
"56","788",0.789275007585073
"60","788",0.615680661756105
"62","788",0.793962351695683
"64","788",0.794387722628754
"202","788",0.718239683355704
"204","788",0.751893444937473
"206","788",0.723940835460203
"208","788",0.681996730323822
"210","788",0.734869314331957
"212","788",0.706360679598718
"214","788",0.760906910699339
"216","788",0.77312728690233
"218","788",0.678907089072137
"220","788",0.654496915887111
"222","788",0.670360127303775
"224","788",0.606330235476583
"332","788",0.725235608591696
"334","788",0.645047184721595
"542","788",0.684106320754386
"544","788",0.693046085916631
"653","788",0.610715865172972
"657","788",0.718332860021527
"786","788",0.875966886062129
"787","789",0.717953397321576
"15","790",0.627096175250675
"32","790",0.782561083820904
"34","790",0.787808268578251
"36","790",0.783860525638077
"40","790",0.838772882193787
"42","790",0.766310013097267
"44","790",0.65583121526679
"46","790",0.693076985879984
"48","790",0.673619102680248
"50","790",0.632083687258438
"54","790",0.82594901824769
"55","790",0.706731099251572
"56","790",0.807514404699589
"60","790",0.619224776700805
"62","790",0.813632333558272
"64","790",0.811336824980336
"202","790",0.719584760099238
"204","790",0.753810224438284
"206","790",0.728418902944766
"208","790",0.686104871264512
"210","790",0.739445358641012
"212","790",0.707224934155998
"214","790",0.785815971975654
"216","790",0.800069445996024
"218","790",0.682988373986686
"220","790",0.658367975009468
"222","790",0.66021430518174
"224","790",0.609796983503545
"332","790",0.741859104980822
"334","790",0.648837807014941
"490","790",0.606841077843623
"542","790",0.699460367904388
"544","790",0.715472806409621
"653","790",0.612955026551636
"657","790",0.708757357468713
"786","790",0.874354268149866
"788","790",0.88683947463925
"787","791",0.739960603914416
"789","791",0.794780235492998
"15","792",0.63146295679654
"32","792",0.789496127404026
"34","792",0.795119848183638
"36","792",0.77383352999281
"40","792",0.828030158593493
"42","792",0.772143619098789
"44","792",0.660489769043356
"46","792",0.698122503072968
"48","792",0.678461251156938
"50","792",0.63650067773438
"54","792",0.832627443576589
"55","792",0.711920874860722
"56","792",0.814377752392185
"60","792",0.623512693655303
"62","792",0.802872810486451
"64","792",0.818272252752956
"202","792",0.726059661099099
"204","792",0.76054437062199
"206","792",0.733840379959961
"208","792",0.69107721682516
"210","792",0.744985820012199
"212","792",0.713717891677007
"214","792",0.784229779005807
"216","792",0.798602259513527
"218","792",0.687928120475505
"220","792",0.663052574083178
"222","792",0.664917889718366
"224","792",0.613991053883684
"332","792",0.748001836200468
"334","792",0.653424797640497
"490","792",0.611589172285399
"542","792",0.705009018892748
"544","792",0.713219259311197
"653","792",0.616397918544448
"657","792",0.71662637517557
"786","792",0.870677056390776
"788","792",0.896474315291861
"790","792",0.905892179506463
"787","793",0.755301921308645
"789","793",0.810209493085721
"791","793",0.837527096923283
"15","794",0.624362103091862
"32","794",0.779780271804483
"34","794",0.78529625108444
"36","794",0.764383536777909
"40","794",0.817612258848269
"42","794",0.76266028833002
"44","794",0.652914918840746
"46","794",0.689919083935637
"48","794",0.670588166870092
"50","794",0.629318254159633
"54","794",0.826548846150987
"55","794",0.703483147347757
"56","794",0.807991198406454
"60","794",0.616539966884974
"62","794",0.792905742793765
"64","794",0.811343818522114
"202","794",0.717437674160946
"204","794",0.751333228636139
"206","794",0.725026338380406
"208","794",0.690657492914487
"210","794",0.73597854202637
"212","794",0.705298645211103
"214","794",0.777981686867328
"216","794",0.792899653906999
"218","794",0.679896503626905
"220","794",0.655435414411447
"222","794",0.657269889202856
"224","794",0.607170798988077
"332","794",0.742370618411105
"334","794",0.645966200575776
"490","794",0.607426819021964
"542","794",0.699647734296476
"544","794",0.707499345937392
"653","794",0.610736653628573
"657","794",0.708250042983792
"786","794",0.87794811458115
"788","794",0.890899776479751
"790","794",0.911244771822327
"792","794",0.908046712015936
"787","795",0.743483214548791
"789","795",0.796848294757284
"791","795",0.82336452953364
"793","795",0.840873747998043
"15","796",0.629341888808888
"32","796",0.786072514913564
"34","796",0.79149414000809
"36","796",0.770310168064706
"40","796",0.824120275631535
"42","796",0.769309403500165
"44","796",0.658226867462924
"46","796",0.69567147732993
"48","796",0.676109096495819
"50","796",0.634355203462945
"54","796",0.832335747380476
"55","796",0.709399712363702
"56","796",0.813544383495772
"60","796",0.621429960617102
"62","796",0.799117574016207
"64","796",0.817076661094572
"202","796",0.722846771539635
"204","796",0.757211784192243
"206","796",0.731206561654923
"208","796",0.688661765287203
"210","796",0.742294147704076
"212","796",0.71048734253638
"214","796",0.783230678458135
"216","796",0.79800832773917
"218","796",0.685528517569252
"220","796",0.660777011057973
"222","796",0.662633097201881
"224","796",0.611953937208002
"332","796",0.747243634924502
"334","796",0.651196684718822
"490","796",0.610984525828267
"542","796",0.704230481195284
"544","796",0.712160646969133
"653","796",0.616169392149334
"657","796",0.716365298820946
"786","796",0.884999115137585
"788","796",0.899103921399943
"790","796",0.921324981338922
"792","796",0.917385473719453
"794","796",0.923301362053349
"787","797",0.744396097067082
"789","797",0.798694689394545
"791","797",0.825277371945144
"793","797",0.841954631188752
"795","797",0.827711556438008
"218","798",0.613392510596932
"220","798",0.606859109501042
"222","798",0.602451603572534
"32","800",0.65256166328372
"34","800",0.65408610105835
"36","800",0.63722243606333
"40","800",0.678143137314408
"42","800",0.65214385216625
"54","800",0.671015532098718
"55","800",0.604737513983975
"56","800",0.655707695875636
"62","800",0.658774972155452
"64","800",0.66035887598088
"202","800",0.600591716196857
"204","800",0.628765967906293
"206","800",0.622035796997678
"210","800",0.630812056780364
"214","800",0.632660164695498
"216","800",0.639750562339638
"218","800",0.649945516750805
"220","800",0.636061809714099
"222","800",0.634274935214465
"332","800",0.605134639234256
"334","800",0.617800915873147
"786","800",0.658328589030725
"788","800",0.660593016550004
"790","800",0.662596401686724
"792","800",0.666165453070279
"794","800",0.660265513138409
"796","800",0.666679400221593
"15","802",0.6188492617768
"32","802",0.771867258318474
"34","802",0.777177044391118
"36","802",0.756545693821833
"40","802",0.808957986730786
"42","802",0.755307615193555
"44","802",0.647035726118551
"46","802",0.683554320604433
"48","802",0.66447855305532
"50","802",0.623742355714544
"54","802",0.796198811495321
"55","802",0.696937450571672
"56","802",0.780121030209011
"60","802",0.61112618349986
"62","802",0.784613328018217
"64","802",0.785288502483377
"202","802",0.710284250483296
"204","802",0.743766044877731
"206","802",0.718190128131155
"208","802",0.676719677323043
"210","802",0.728993189884547
"212","802",0.698245148597301
"214","802",0.752015685435459
"216","802",0.763522693626023
"218","802",0.673664430317387
"220","802",0.649523528741512
"222","802",0.651334173319582
"224","802",0.60187491145767
"332","802",0.716985329157788
"334","802",0.640176844491712
"542","802",0.67678008855577
"544","802",0.685371319591607
"653","802",0.603564584074867
"657","802",0.684532572682135
"786","802",0.843721621278351
"788","802",0.857506861700127
"790","802",0.84529795484528
"792","802",0.854263818581818
"794","802",0.849565982285994
"796","802",0.856432128238065
"800","802",0.651387806935645
"787","803",0.647503972218784
"789","803",0.697677655825535
"791","803",0.759550753490133
"793","803",0.76079307770247
"795","803",0.725411283830568
"797","803",0.724845136070667
"32","804",0.65256166328372
"34","804",0.65408610105835
"36","804",0.63722243606333
"40","804",0.678143137314408
"42","804",0.65214385216625
"54","804",0.671015532098718
"55","804",0.604737513983975
"56","804",0.655707695875636
"62","804",0.658774972155452
"64","804",0.66035887598088
"202","804",0.600591716196857
"204","804",0.628765967906293
"206","804",0.622035796997678
"210","804",0.630812056780364
"214","804",0.632660164695498
"216","804",0.639750562339638
"218","804",0.649945516750805
"220","804",0.636061809714099
"222","804",0.634274935214465
"332","804",0.605134639234256
"334","804",0.617800915873147
"786","804",0.658328589030725
"788","804",0.660593016550004
"790","804",0.662596401686724
"792","804",0.666165453070279
"794","804",0.660265513138409
"796","804",0.666679400221593
"800","804",1
"802","804",0.651387806935645
"801","805",1
"15","806",0.62860121307944
"32","806",0.785885234389915
"34","806",0.791566756267146
"36","806",0.770437013703112
"40","806",0.824300591986484
"42","806",0.76831999495043
"44","806",0.657436713168118
"46","806",0.694815703645259
"48","806",0.675287808868642
"50","806",0.633606013254432
"54","806",0.810928650953094
"55","806",0.708519476494759
"56","806",0.794654944037997
"60","806",0.620702658887963
"62","806",0.799313577558321
"64","806",0.799907749534111
"202","806",0.72296009036972
"204","806",0.757173100925466
"206","806",0.73028703622971
"208","806",0.687818399555261
"210","806",0.741354446366226
"212","806",0.710746986807612
"214","806",0.765878632004017
"216","806",0.777891403710335
"218","806",0.68469067978915
"220","806",0.659982440069348
"222","806",0.661835306713131
"224","806",0.611242550257759
"332","806",0.729905553925194
"334","806",0.650418665961141
"542","806",0.688565031729471
"544","806",0.69745476780329
"653","806",0.610744254631389
"657","806",0.70680741445568
"786","806",0.858014767935066
"788","806",0.883716165622974
"790","806",0.881348726548776
"792","806",0.888298044155468
"794","806",0.880162493091806
"796","806",0.889957353312598
"800","806",0.658586973635159
"802","806",0.842008184774784
"804","806",0.658586973635159
"787","807",0.730872389566104
"789","807",0.826232107574891
"791","807",0.808644876757279
"793","807",0.823580662958182
"795","807",0.821376451061189
"797","807",0.812724583870562
"803","807",0.704546304821337
"15","808",0.635805604426046
"32","808",0.795760119769679
"34","808",0.801554990714817
"36","808",0.780044814970922
"40","808",0.834896912123878
"42","808",0.777950289085054
"44","808",0.665123459763562
"46","808",0.70314232623664
"48","808",0.683278123376873
"50","808",0.640893402366943
"54","808",0.840151288050146
"55","808",0.717084684963965
"56","808",0.821685652561661
"60","808",0.627776689419501
"62","808",0.809449980333422
"64","808",0.825517166961246
"202","808",0.73172317422639
"204","808",0.766535007164086
"206","808",0.739235497564512
"208","808",0.696024013901484
"210","808",0.750499739445259
"212","808",0.719305392207027
"214","808",0.791153975839352
"215","808",0.600069233742941
"216","808",0.805929609244869
"218","808",0.692842385041157
"220","808",0.667712249367902
"222","808",0.6695965066388
"224","808",0.61816146506093
"332","808",0.754498032003236
"334","808",0.657987095721005
"490","808",0.616519773523155
"542","808",0.710893537777538
"544","808",0.719192998902844
"653","808",0.620645981633977
"657","808",0.708439828942802
"659","808",0.603623532861012
"786","808",0.87838159642941
"788","808",0.894076783250389
"790","808",0.893901173639408
"792","808",0.90292426192019
"794","808",0.901437047691686
"796","808",0.908115646945916
"798","808",0.601475473375428
"800","808",0.670996107984388
"802","808",0.861571427699115
"804","808",0.670996107984388
"806","808",0.875616446376424
"787","809",0.750842759822716
"789","809",0.807387981506437
"791","809",0.834678990523083
"793","809",0.851432311403764
"795","809",0.860085462872958
"797","809",0.838662380169452
"803","809",0.734803524384246
"807","809",0.838149549424412
"380","814",0.645989230903163
"381","814",0.716298558038738
"382","814",0.645164831720912
"383","814",0.679297058414464
"384","814",0.650298917714041
"385","814",0.754537896259527
"386","814",0.711416429584522
"387","814",0.762463816132653
"392","814",0.689974129252058
"393","814",0.722508985605859
"394","814",0.673655015703599
"395","814",0.722002183751091
"396","814",0.646658955963246
"397","814",0.668096795575457
"380","816",0.615967906976806
"381","816",0.708982375885656
"382","816",0.616916825117627
"383","816",0.671115366416999
"384","816",0.617300112417641
"385","816",0.748239872989074
"386","816",0.678574500011386
"387","816",0.757515638768513
"392","816",0.658415532781702
"393","816",0.715767931581099
"394","816",0.643065755063081
"395","816",0.714651630185438
"396","816",0.615808676028508
"397","816",0.660531271403338
"814","816",0.871758142130798
"815","817",0.955867859563443
"32","818",0.725363191950054
"34","818",0.727138330216561
"36","818",0.707516118922531
"40","818",0.755185942004471
"42","818",0.7248767158581
"44","818",0.62264422579438
"46","818",0.657170074450617
"48","818",0.639141097832188
"50","818",0.600596897246822
"54","818",0.746869359908398
"55","818",0.669811320359931
"56","818",0.72902689139441
"60","818",0.635874769369054
"62","818",0.732599948338389
"64","818",0.734445443941084
"202","818",0.665008523768804
"204","818",0.697688730565554
"206","818",0.689873517116249
"208","818",0.65071193937027
"210","818",0.700065752513338
"212","818",0.652196069672031
"214","818",0.702213195005743
"216","818",0.710455711458001
"218","818",0.694291229992326
"220","818",0.675188902793047
"222","818",0.674833538902086
"224","818",0.62750629453437
"332","818",0.670271490329479
"334","818",0.659604809054127
"542","818",0.683682791792356
"544","818",0.69105064120571
"653","818",0.608548465716934
"657","818",0.622279869955876
"786","818",0.732927933504517
"788","818",0.738551544592673
"790","818",0.735859374844318
"792","818",0.743459360553083
"794","818",0.73622993329666
"796","818",0.742248651815491
"800","818",0.668316599312934
"802","818",0.725924006474646
"804","818",0.668316599312934
"806","818",0.736176800779371
"808","818",0.74881299164895
"32","820",0.641670334062182
"34","820",0.646555221505981
"36","820",0.630865282303533
"40","820",0.671204044142511
"42","820",0.625158975614904
"54","820",0.660545645183561
"56","820",0.649028052097349
"62","820",0.652619808321459
"64","820",0.65281688236216
"204","820",0.620523669134925
"210","820",0.60507499598896
"214","820",0.627669713745142
"216","820",0.637134956496489
"218","820",0.610046449513081
"332","820",0.600538136085314
"542","820",0.603207400835999
"544","820",0.610473460545232
"786","820",0.650073355057533
"788","820",0.654294092728778
"790","820",0.653317116235771
"792","820",0.658028982395459
"794","820",0.652179197986322
"796","820",0.657752713662155
"802","820",0.643192478629067
"806","820",0.651225353439323
"808","820",0.663123887410147
"818","820",0.637423953120066
"822","824",0.667959504932966
"32","828",0.743036716084868
"34","828",0.747475462779338
"36","828",0.727832372093027
"40","828",0.777282737467082
"42","828",0.729024496418814
"44","828",0.625974503613689
"46","828",0.660770334373023
"48","828",0.642599566894586
"50","828",0.60375822958591
"54","828",0.785701251795881
"55","828",0.673512030162655
"56","828",0.767870829286853
"62","828",0.754232335229828
"64","828",0.77127436830248
"202","828",0.684045268046756
"204","828",0.716107857104608
"206","828",0.693735347777057
"208","828",0.65426120794042
"210","828",0.704010221103493
"212","828",0.67229872502608
"214","828",0.739771983541372
"216","828",0.752875143379186
"218","828",0.651351019745221
"220","828",0.628346251237193
"222","828",0.630072308016035
"332","828",0.706625127394629
"334","828",0.619434576389199
"542","828",0.738297549748069
"544","828",0.74023714716236
"786","828",0.69032882597542
"788","828",0.690720456451368
"790","828",0.707483147204276
"792","828",0.71290134588009
"794","828",0.70769931552377
"796","828",0.712395314434719
"802","828",0.683637114505952
"806","828",0.695462755503427
"808","828",0.718863307785085
"818","828",0.694664875290853
"820","828",0.609749122606727
"32","830",0.693294090729419
"34","830",0.697275118428352
"36","830",0.679482878161933
"40","830",0.724206049913521
"42","830",0.680328982858633
"46","830",0.618419743639146
"48","830",0.601895248297297
"54","830",0.713956716204436
"55","830",0.629995964752722
"56","830",0.699635023691208
"62","830",0.703366691481705
"64","830",0.704184530184665
"202","830",0.658513619034278
"204","830",0.686102144714868
"206","830",0.667227571048208
"208","830",0.631138712301916
"210","830",0.678465312117352
"212","830",0.649144391191203
"214","830",0.699168526038756
"216","830",0.706312639954837
"218","830",0.609856164716121
"332","830",0.645360999027326
"542","830",0.685735656383591
"544","830",0.693904241027632
"786","830",0.645476745603713
"788","830",0.645798457704383
"790","830",0.64751016655469
"792","830",0.652851782456989
"794","830",0.645458529254216
"796","830",0.650212638502966
"802","830",0.639403881344307
"806","830",0.650125580836788
"808","830",0.657633727558994
"818","830",0.660785442763674
"828","830",0.880254624728307
"829","831",0.706674022431544
"746","832",0.668414678772283
"746","834",0.641552007357685
"832","834",0.641306356824862
"833","834",0.614111388289988
"744","836",0.616596754499396
"746","836",0.692668952234213
"747","836",0.6372540031497
"832","836",0.62885938619626
"834","836",0.632209578331766
"746","837",0.641229543896701
"836","837",0.63189386303976
"744","838",0.645171879729876
"746","838",0.726522588086697
"747","838",0.667233601784071
"832","838",0.658265573409741
"834","838",0.661844172216779
"836","838",0.715350861996772
"837","838",0.661506907629637
"746","839",0.603994789720585
"233","843",0.60398660105301
"230","844",0.605452641753341
"232","844",0.682472634950707
"842","844",0.608635315414934
"233","845",0.648255466750816
"232","848",0.620516333391311
"844","848",0.642116278187898
"233","849",0.689687909573295
"843","849",0.631070414557831
"845","849",0.666583756161058
"232","850",0.650326816285397
"844","850",0.671887719565893
"848","850",0.610633471582763
"233","851",0.660055778084484
"843","851",0.653743764584036
"845","851",0.640850505871929
"849","851",0.690201819386883
"230","852",0.643035285270733
"232","852",0.731659284672268
"842","852",0.639234281980067
"844","852",0.758700932725741
"848","852",0.685336490484946
"850","852",0.717822837068739
"231","853",0.637151633092243
"233","853",0.719387952145332
"843","853",0.655168651951941
"845","853",0.694500134467849
"849","853",0.74164786390524
"851","853",0.718310794860402
"230","854",0.638618780205974
"232","854",0.722097269925277
"842","854",0.638190849842361
"844","854",0.749461297298204
"848","854",0.6798730969414
"850","854",0.70880047996235
"852","854",0.804460103358218
"231","855",0.618085119327277
"233","855",0.67639725124164
"843","855",0.671951197426942
"845","855",0.656771297036647
"849","855",0.708340900551759
"851","855",0.735202157360002
"853","855",0.78423203260693
"687","863",0.678480485354554
"689","863",0.683555595415307
"688","864",0.617798019634266
"687","865",0.718919992799447
"689","865",0.746712221060712
"863","865",0.753589905855061
"688","866",0.62323304324947
"864","866",0.823893577869339
"865","866",0.603805929832109
"687","867",0.689489073249309
"689","867",0.69380476494077
"863","867",0.696793868934025
"864","867",0.607853833916017
"865","867",0.738751558200399
"866","867",0.613163620538023
"688","868",0.627947916254341
"864","868",0.747323279358309
"866","868",0.754474084784377
"867","868",0.645820861845586
"687","869",0.669529578132554
"689","869",0.637624118791216
"863","869",0.669823140421598
"865","869",0.711702849566786
"867","869",0.781248016545705
"864","870",0.614396657612516
"866","870",0.619788735576338
"868","870",0.639579628845165
"486","871",0.846140297460329
"488","871",0.84682144737232
"490","871",0.841000245956535
"504","871",0.721804372725943
"506","871",0.662567507496334
"508","871",0.778364057112908
"514","871",0.676701615360509
"486","873",0.811855056113183
"488","873",0.811643942492711
"490","873",0.807248651548389
"504","873",0.689391587353863
"506","873",0.634274879103799
"508","873",0.754422108686605
"514","873",0.648658266452925
"871","873",0.814032055266365
"872","874",0.814051605071182
"687","875",0.658069861937791
"689","875",0.660092052498349
"863","875",0.663524990515517
"865","875",0.703928090307858
"867","875",0.756178063451955
"869","875",0.703608975714134
"864","876",0.732905796490152
"866","876",0.739858181347496
"868","876",0.709875842286949
"870","876",0.628065753095026
"687","877",0.734467167795172
"689","877",0.705698860538585
"863","877",0.738624339640555
"864","877",0.646025578311798
"865","877",0.783488903270944
"866","877",0.651821317675574
"867","877",0.836943039132289
"868","877",0.667632915621187
"869","877",0.810945974998295
"875","877",0.762282232385897
"876","877",0.621908330612539
"688","878",0.611775532001006
"864","878",0.732406804362127
"866","878",0.739352353859416
"867","878",0.625504784390006
"868","878",0.736753805790329
"870","878",0.655249170031123
"876","878",0.758518874775806
"877","878",0.648531206395857
"687","879",0.632135784591841
"689","879",0.650132698214806
"863","879",0.66117916087845
"865","879",0.715583784030221
"867","879",0.746998009171421
"869","879",0.724667791493138
"875","879",0.668686942222069
"877","879",0.769551570846219
"688","880",0.612628192068671
"864","880",0.745217755011913
"866","880",0.752339472165254
"867","880",0.62093799991201
"868","880",0.737330490472155
"869","880",0.605639109960634
"870","880",0.651535805914305
"876","880",0.700561423006944
"877","880",0.684548636465174
"878","880",0.74486685688731
"881","889",1
"882","890",1
"883","891",1
"884","892",1
"893","899",1
"894","900",1
"895","901",1
"896","902",1
"897","903",1
"898","904",1
"893","905",1
"899","905",1
"894","906",1
"900","906",1
"276","921",1
"277","921",0.670371674317958
"276","922",0.670371674317958
"277","922",1
"921","922",0.670371674317958
"276","923",0.944978052408074
"277","923",0.694046752625213
"921","923",0.944978052408074
"922","923",0.694046752625213
"276","924",0.659219386952568
"277","924",0.964569842300916
"921","924",0.659219386952568
"922","924",0.964569842300916
"923","924",0.683029731133408
"278","925",1
"280","925",0.687523123681324
"279","926",1
"281","926",0.671388310862201
"278","927",0.687523123681324
"280","927",1
"925","927",0.687523123681324
"279","928",0.671388310862201
"281","928",1
"926","928",0.671388310862201
"276","929",0.935692880809126
"277","929",0.671795483887202
"921","929",0.935692880809126
"922","929",0.671795483887202
"923","929",0.943664688827073
"924","929",0.656069466038188
"276","930",0.666246686758181
"277","930",0.955014986690851
"921","930",0.666246686758181
"922","930",0.955014986690851
"923","930",0.688628399237017
"924","930",0.949709117217665
"929","930",0.666767382000336
"276","931",0.932406607096478
"277","931",0.677201962638852
"921","931",0.932406607096478
"922","931",0.677201962638852
"923","931",0.944281797472896
"924","931",0.662123259799139
"929","931",0.936630562632943
"930","931",0.673707542054331
"276","932",0.644399705191507
"277","932",0.939179721566482
"921","932",0.644399705191507
"922","932",0.939179721566482
"923","932",0.66680926739378
"924","932",0.9335051507675
"929","932",0.644912219489284
"930","932",0.933010913420826
"931","932",0.651207770169496
"278","933",0.744525994505125
"280","933",0.73935402561809
"925","933",0.744525994505125
"927","933",0.73935402561809
"279","934",0.659902126211327
"281","934",0.673185292938793
"926","934",0.659902126211327
"928","934",0.673185292938793
"276","939",0.750849537328682
"921","939",0.750849537328682
"923","939",0.758505368252824
"929","939",0.753088672042563
"931","939",0.752801364119509
"276","941",0.746555894217883
"277","941",0.623744937928169
"921","941",0.746555894217883
"922","941",0.623744937928169
"923","941",0.754457507261275
"924","941",0.610882616850549
"929","941",0.748524913492251
"930","941",0.628534946896827
"931","941",0.750217153566594
"932","941",0.606481239294324
"939","941",0.67551537257347
"746","943",0.635046447738865
"836","943",0.625839864773164
"838","943",0.65504068691143
"292","953",1
"293","953",0.652904920777509
"294","953",0.938539366783363
"295","953",0.666875171496735
"296","953",0.902650048816194
"297","953",0.678511854784497
"473","953",0.666044424807296
"487","953",0.680786789092943
"489","953",0.710512976471337
"515","953",0.627972776762157
"516","953",0.905546387111949
"517","953",0.891360347975085
"518","953",0.896503770004094
"519","953",0.89520953247097
"534","953",0.762431828545953
"535","953",0.816155622854959
"536","953",0.795094950646183
"537","953",0.83513200111765
"538","953",0.792559916795013
"539","953",0.795256058980616
"750","953",0.661925522199256
"292","954",0.652904920777509
"293","954",1
"294","954",0.662455357129203
"295","954",0.897946549695177
"296","954",0.634997907277698
"297","954",0.906741264055477
"953","954",0.652904920777509
"292","955",0.938539366783363
"293","955",0.662455357129203
"294","955",1
"295","955",0.676807198889121
"296","955",0.912203223803391
"297","955",0.687682195453884
"473","955",0.670761097624159
"487","955",0.685654649412467
"489","955",0.715690346791624
"515","955",0.632306308403157
"516","955",0.88700240576223
"517","955",0.874329734404028
"518","955",0.878461549340241
"519","955",0.878455730222337
"534","955",0.766572047281675
"535","955",0.800080316305715
"536","955",0.799630288405025
"537","955",0.840067041530496
"538","955",0.798622453525757
"539","955",0.801348421090124
"750","955",0.674781658574326
"953","955",0.938539366783363
"954","955",0.662455357129203
"292","956",0.666875171496735
"293","956",0.897946549695177
"294","956",0.676807198889121
"295","956",1
"296","956",0.638738989368473
"297","956",0.916172232758274
"953","956",0.666875171496735
"954","956",0.897946549695177
"955","956",0.676807198889121
"292","957",0.902650048816194
"293","957",0.634997907277698
"294","957",0.912203223803391
"295","957",0.638738989368473
"296","957",1
"297","957",0.668329370759903
"473","957",0.66283455324473
"487","957",0.677474283323127
"489","957",0.706990398952463
"515","957",0.625023061727335
"516","957",0.883827890370689
"517","957",0.864636267055415
"518","957",0.876591450875691
"519","957",0.868812463657496
"534","957",0.758661923320809
"535","957",0.791462666283657
"536","957",0.791081779139982
"537","957",0.830820380389833
"538","957",0.788436840121016
"539","957",0.791112755698827
"750","957",0.631732282757013
"953","957",0.902650048816194
"954","957",0.634997907277698
"955","957",0.912203223803391
"956","957",0.638738989368473
"292","958",0.678511854784497
"293","958",0.906741264055477
"294","958",0.687682195453884
"295","958",0.916172232758274
"296","958",0.668329370759903
"297","958",1
"953","958",0.678511854784497
"954","958",0.906741264055477
"955","958",0.687682195453884
"956","958",0.916172232758274
"957","958",0.668329370759903
"276","959",0.671085215128027
"921","959",0.671085215128027
"923","959",0.670765843670408
"929","959",0.672200151639507
"931","959",0.668433916490503
"276","961",0.665931846219775
"921","961",0.665931846219775
"923","961",0.666602280183563
"929","961",0.667192080181428
"931","961",0.664838410734308
"959","961",0.807906119541289
"960","962",0.619289707821514
"276","963",0.63108066131531
"921","963",0.63108066131531
"923","963",0.638151283267056
"929","963",0.632391663801153
"931","963",0.634262117975427
"959","963",0.707978001556945
"961","963",0.682141997939204
"960","964",0.61879826663369
"962","964",0.653631049390329
"32","972",0.615424075661932
"34","972",0.618996071986967
"36","972",0.604032453715326
"40","972",0.641741069799591
"42","972",0.603073498641761
"54","972",0.632887264994518
"56","972",0.621039288715577
"62","972",0.624219647382754
"64","972",0.624827015585486
"214","972",0.614080893760486
"216","972",0.623731796758398
"332","972",0.615698223406719
"40","974",0.601555532480251
"972","974",0.879868772306077
"973","975",0.650463680467021
"972","978",0.84504774464299
"974","978",0.839037137960449
"973","979",0.669941854754201
"40","980",0.61659448074183
"54","980",0.60766241988432
"62","980",0.600086146965616
"64","980",0.600452788959169
"216","980",0.600231328524369
"972","980",0.848525596008318
"974","980",0.851011075693216
"978","980",0.858635929163173
"34","982",0.601941130192794
"40","982",0.623860779315205
"54","982",0.615139538664441
"56","982",0.603956438270921
"62","982",0.60704730259825
"64","982",0.607552063657785
"216","982",0.608106818745245
"972","982",0.855774960433115
"974","982",0.857145862960427
"978","982",0.837966496765451
"980","982",0.873500919968184
"973","983",0.647418173659792
"972","984",0.813322890712796
"974","984",0.816038318369146
"978","984",0.81554947032345
"980","984",0.851096723851152
"982","984",0.844181270473427
"972","987",0.817919248965864
"974","987",0.807581115132341
"978","987",0.781692667023421
"980","987",0.793127178013832
"982","987",0.799149364810615
"984","987",0.756970924493195
"973","988",0.666495520998003
"979","988",0.611492186068367
"972","989",0.711980405503931
"974","989",0.707664474635186
"978","989",0.753900749266217
"980","989",0.787342355021819
"982","989",0.74764337318286
"984","989",0.737429175386416
"987","989",0.685360037524456
"995","997",0.719920826714895
"995","998",1
"997","998",0.719920826714895
"996","999",1
"995","1000",0.719920826714895
"997","1000",1
"998","1000",0.719920826714895
"32","1002",0.658176735451281
"34","1002",0.659720064352948
"36","1002",0.642648412606191
"40","1002",0.684077516276551
"42","1002",0.657753749816997
"54","1002",0.676860459231295
"55","1002",0.609769173422414
"56","1002",0.661361773599271
"62","1002",0.664467150917785
"64","1002",0.666070757316839
"202","1002",0.60557367257302
"204","1002",0.634088480202401
"206","1002",0.62727637197668
"210","1002",0.636159551031624
"214","1002",0.638030252129035
"216","1002",0.645207579340374
"332","1002",0.676359123175631
"334","1002",0.626161516278133
"786","1002",0.610858418836455
"788","1002",0.609789309134209
"790","1002",0.613284613997723
"792","1002",0.61751332296625
"794","1002",0.61063679041944
"796","1002",0.615459369521605
"802","1002",0.605297385237763
"806","1002",0.614742108443782
"808","1002",0.621718274906397
"32","1004",0.737931116950349
"34","1004",0.743695638404378
"36","1004",0.724492287397129
"40","1004",0.773818837556273
"42","1004",0.719648601263924
"44","1004",0.618443947389539
"46","1004",0.652630242197274
"48","1004",0.634779580567774
"54","1004",0.760964352229257
"55","1004",0.665145181449029
"56","1004",0.746673553151613
"62","1004",0.751038173895631
"64","1004",0.751346964355171
"202","1004",0.680979954678027
"204","1004",0.71199623060777
"206","1004",0.685004814055653
"208","1004",0.646236229900449
"210","1004",0.695093169883371
"212","1004",0.670086726369461
"214","1004",0.720534304317522
"216","1004",0.731982148599646
"218","1004",0.643377348146734
"220","1004",0.620774609195442
"222","1004",0.622470722408251
"332","1004",0.857517158909384
"334","1004",0.668055763156449
"542","1004",0.64931414050911
"544","1004",0.657673096204188
"786","1004",0.687252030291225
"788","1004",0.688547409404213
"790","1004",0.689131143921126
"792","1004",0.695485406805541
"794","1004",0.687369141842189
"796","1004",0.692319284780475
"802","1004",0.680530729516329
"806","1004",0.692652520097488
"808","1004",0.700903089074471
"818","1004",0.634979693677696
"828","1004",0.655327315825003
"830","1004",0.613626618559585
"1002","1004",0.637019292167178
"333","1005",0.859528678128943
"15","1006",0.623881226221675
"32","1006",0.779610186796191
"34","1006",0.785279735405777
"36","1006",0.764401265907013
"40","1006",0.817656531504583
"42","1006",0.762018582322631
"44","1006",0.652402028308724
"46","1006",0.689363753040048
"48","1006",0.670055138039414
"50","1006",0.628831867448885
"54","1006",0.825048791748116
"55","1006",0.702911999862751
"56","1006",0.80685327198732
"60","1006",0.616067745199371
"62","1006",0.792961762227695
"64","1006",0.810324404255417
"202","1006",0.717451928166833
"204","1006",0.751254038680485
"206","1006",0.724429792500453
"208","1006",0.682445341740546
"210","1006",0.735368956025679
"212","1006",0.70540089996535
"214","1006",0.77702138417121
"216","1006",0.791805001507446
"218","1006",0.679352771208934
"220","1006",0.654919666722936
"222","1006",0.656752058876277
"224","1006",0.606708877881455
"332","1006",1
"334","1006",0.694920846804503
"490","1006",0.606765497790297
"542","1006",0.698753944408851
"544","1006",0.706728161638839
"786","1006",0.724202366560212
"788","1006",0.725235608591696
"790","1006",0.741859104980822
"792","1006",0.748001836200468
"794","1006",0.742370618411105
"796","1006",0.747243634924502
"800","1006",0.605134639234256
"802","1006",0.716985329157788
"804","1006",0.605134639234256
"806","1006",0.729905553925194
"808","1006",0.754498032003236
"818","1006",0.670271490329479
"820","1006",0.600538136085314
"828","1006",0.706625127394629
"830","1006",0.645360999027326
"972","1006",0.615698223406719
"1002","1006",0.676359123175631
"1004","1006",0.857517158909384
"333","1007",1
"1005","1007",0.859528678128943
"32","1008",0.697587755453288
"34","1008",0.699265790471769
"36","1008",0.680711634699407
"40","1008",0.725766775214542
"42","1008",0.697127873934727
"44","1008",0.600317199012553
"46","1008",0.633050524534956
"48","1008",0.615962703914413
"54","1008",0.717911192701196
"55","1008",0.645025349923465
"56","1008",0.701050940169291
"60","1008",0.67721487472762
"62","1008",0.704428056507403
"64","1008",0.706172199307204
"202","1008",0.640476371259899
"204","1008",0.671414702620799
"206","1008",0.664019167364409
"208","1008",0.626930788156097
"210","1008",0.673663695980732
"212","1008",0.628337276241782
"214","1008",0.675695322994741
"216","1008",0.683491972637786
"218","1008",0.730886775579678
"220","1008",0.721549925798074
"222","1008",0.716286030193403
"224","1008",0.67018978251911
"332","1008",0.694920846804503
"334","1008",1
"542","1008",0.611675133135302
"544","1008",0.618165463214999
"786","1008",0.646206543587272
"788","1008",0.645047184721595
"790","1008",0.648837807014941
"792","1008",0.653424797640497
"794","1008",0.645966200575776
"796","1008",0.651196684718822
"800","1008",0.617800915873147
"802","1008",0.640176844491712
"804","1008",0.617800915873147
"806","1008",0.650418665961141
"808","1008",0.657987095721005
"818","1008",0.659604809054127
"828","1008",0.619434576389199
"1002","1008",0.626161516278133
"1004","1008",0.668055763156449
"1006","1008",0.694920846804503
"335","1009",1
"763","1014",1
"765","1014",1
"764","1015",1
"766","1015",1
"101","1016",0.622839939492817
"735","1016",0.622839939492817
"1016","1018",0.645493656067366
"1034","1036",0.698710226118875
"1035","1037",0.613649766114598
"32","1046",0.641670334062182
"34","1046",0.646555221505981
"36","1046",0.630865282303533
"40","1046",0.671204044142511
"42","1046",0.625158975614904
"54","1046",0.660545645183561
"56","1046",0.649028052097349
"62","1046",0.652619808321459
"64","1046",0.65281688236216
"204","1046",0.620523669134925
"210","1046",0.60507499598896
"214","1046",0.627669713745142
"216","1046",0.637134956496489
"218","1046",0.610046449513081
"332","1046",0.600538136085314
"542","1046",0.603207400835999
"544","1046",0.610473460545232
"786","1046",0.650073355057533
"788","1046",0.654294092728778
"790","1046",0.653317116235771
"792","1046",0.658028982395459
"794","1046",0.652179197986322
"796","1046",0.657752713662155
"802","1046",0.643192478629067
"806","1046",0.651225353439323
"808","1046",0.663123887410147
"818","1046",0.637423953120066
"820","1046",1
"828","1046",0.609749122606727
"1006","1046",0.600538136085314
"821","1047",1
"516","1048",0.607479407580405
"518","1048",0.602928187390917
"519","1048",0.601736635865967
"865","1048",0.626062327658871
"864","1049",0.605117326415064
"866","1049",0.610392819859042
"516","1050",0.623964984625815
"517","1050",0.615898506641873
"518","1050",0.61923682674432
"519","1050",0.617999032312804
"865","1050",0.650595466305705
"1048","1050",0.791758845723924
"864","1051",0.692941690670153
"865","1051",0.600204358008365
"866","1051",0.699353551357181
"868","1051",0.638611350761021
"876","1051",0.627108100095536
"878","1051",0.626709579293607
"880","1051",0.636932773189775
"1049","1051",0.609264401278363
"1048","1068",0.632822662512782
"1050","1068",0.631653138964202
"54","1098",0.601852505011581
"1101","1103",0.62814161788817
"81","1104",0.699447063148313
"83","1104",0.701381758422915
"81","1106",0.62302473065513
"83","1106",0.6253534709658
"101","1114",0.614928505476826
"645","1114",0.642865680940634
"735","1114",0.614928505476826
"947","1114",0.630919850273391
"947","1115",0.603123559245298
"1114","1115",0.718143456592745
"645","1116",0.619828599299784
"947","1116",0.609984732308443
"1114","1116",0.76256297786632
"1115","1116",0.693200321845397
"1114","1117",0.612378673204632
"1115","1117",0.606159079449957
"215","1118",0.604610180125778
"217","1118",0.647701572942405
"783","1118",0.764893505540123
"785","1118",0.765024048219635
"215","1119",0.648122268696572
"217","1119",0.684786841637246
"783","1119",0.715203156099001
"785","1119",0.715321677497621
"1118","1119",0.798451128683076
"1118","1120",0.62313581703718
"1132","1137",0.604136568281114
"687","1147",0.629692776740136
"689","1147",0.638350226036354
"863","1147",0.654303419317551
"864","1147",0.648976263511031
"865","1147",0.709511484602946
"866","1147",0.654810148603441
"867","1147",0.643469685940062
"869","1147",0.632800339194888
"875","1147",0.613236581766627
"877","1147",0.702689187765499
"879","1147",0.615749643192902
"880","1147",0.633735366925004
"1051","1147",0.607134331512544
"864","1148",0.723221920932687
"866","1148",0.730042038762204
"868","1148",0.665499533587879
"876","1148",0.653294120897145
"878","1148",0.652871378082952
"880","1148",0.663718135990267
"1051","1148",0.619369335648397
"687","1149",0.617959947880443
"689","1149",0.632822019620689
"863","1149",0.646900132587777
"864","1149",0.656590693897028
"865","1149",0.703573357588416
"866","1149",0.662523395616522
"867","1149",0.629162450168496
"868","1149",0.606249843167041
"869","1149",0.620271401069633
"877","1149",0.692118041966131
"879","1149",0.610538179774239
"880","1149",0.643856314200674
"1051","1149",0.622973270042064
"1147","1149",0.695519138420934
"688","1150",0.626245000988794
"863","1150",0.611044479471012
"864","1150",0.828397005730128
"865","1150",0.644425553712059
"866","1150",0.836695758137912
"867","1150",0.616105996865511
"868","1150",0.758440017782762
"870","1150",0.658158641324147
"876","1150",0.743713729575884
"877","1150",0.696104995725436
"878","1150",0.743204099740382
"880","1150",0.801625479690129
"1049","1150",0.656445377641925
"1051","1150",0.702908477839223
"1147","1150",0.697327408977215
"1148","1150",0.733824013355121
"1149","1150",0.708940518400599
"1165","1167",0.68115885133994
"292","1172",0.796719029570402
"293","1172",0.607248906300625
"294","1172",0.810993134902662
"295","1172",0.607124007620999
"296","1172",0.781872655252189
"297","1172",0.611382285308783
"473","1172",0.611007338245111
"487","1172",0.624019467964608
"489","1172",0.650208723262211
"516","1172",0.785318027930856
"517","1172",0.774109437720518
"518","1172",0.778745744990337
"519","1172",0.777026284771533
"534","1172",0.681982485394828
"535","1172",0.711575074921784
"536","1172",0.710862825964736
"537","1172",0.745574238187056
"538","1172",0.722176802592396
"539","1172",0.724534233118878
"750","1172",0.630598080863859
"953","1172",0.796719029570402
"954","1172",0.607248906300625
"955","1172",0.810993134902662
"956","1172",0.607124007620999
"957","1172",0.781872655252189
"958","1172",0.611382285308783
"99","1174",0.631011841674163
"292","1174",0.692143204543503
"294","1174",0.702188038474388
"296","1174",0.671567825841526
"516","1174",0.71878475062388
"517","1174",0.708912234117024
"518","1174",0.71299675529889
"519","1174",0.71148207829133
"534","1174",0.627481752744907
"535","1174",0.653696113051496
"536","1174",0.65306583524801
"537","1174",0.683745645124786
"538","1174",0.663073930602847
"539","1174",0.665158252955903
"733","1174",0.631011841674163
"750","1174",0.648894711969575
"953","1174",0.692143204543503
"955","1174",0.702188038474388
"957","1174",0.671567825841526
"1172","1174",0.670519497110018
"292","1182",0.690708875566454
"294","1182",0.694633365125931
"296","1182",0.63251671388961
"516","1182",0.662210233652452
"517","1182",0.653047256003425
"518","1182",0.656500207857027
"519","1182",0.655420462746253
"535","1182",0.604666219052498
"537","1182",0.614390711324265
"750","1182",0.635254966120638
"953","1182",0.690708875566454
"955","1182",0.694633365125931
"957","1182",0.63251671388961
"1172","1182",0.625741688774686
"1174","1182",0.678632543697773
"1175","1183",0.7498917828657
"1194","1196",0.718271616603203
"1194","1198",0.646014916317633
"1196","1198",0.653748936276339
"1197","1199",0.629481144256646
"947","1208",1
"1114","1208",0.630919850273391
"1115","1208",0.603123559245298
"1116","1208",0.609984732308443
"948","1209",1
"1210","1212",0.902846685305013
"1211","1213",0.937808746245893
"1210","1214",0.671693750385333
"1212","1214",0.642194388269994
"1216","1218",0.672809556360627
"1226","1228",0.673044504866787
"292","1230",0.79296019246441
"294","1230",0.797309661938997
"296","1230",0.788973027619639
"473","1230",0.64216622983693
"487","1230",0.656150120067934
"489","1230",0.684324644908681
"515","1230",0.606018319228353
"516","1230",0.846472347078892
"517","1230",0.834718445217477
"518","1230",0.838360628461808
"519","1230",0.838691020432149
"534","1230",0.733854689387811
"535","1230",0.765099000548858
"536","1230",0.764738525494796
"537","1230",0.802559642603853
"538","1230",0.761941593711498
"539","1230",0.764488655818673
"750","1230",0.61243560291312
"953","1230",0.79296019246441
"955","1230",0.797309661938997
"957","1230",0.788973027619639
"1172","1230",0.70797387684433
"1174","1230",0.686574118103697
"292","1232",0.776256893264953
"294","1232",0.780725426517556
"296","1232",0.772374367348568
"473","1232",0.631113818307091
"487","1232",0.644750637153674
"489","1232",0.672215749354069
"516","1232",0.828376111116695
"517","1232",0.816885696810989
"518","1232",0.820639394121924
"519","1232",0.820620521552608
"534","1232",0.718919706526862
"535","1232",0.749448253318455
"536","1232",0.749036196304441
"537","1232",0.785799362385417
"538","1232",0.747811638473835
"539","1232",0.750290792721673
"750","1232",0.602109665722076
"953","1232",0.776256893264953
"955","1232",0.780725426517556
"957","1232",0.772374367348568
"1172","1232",0.695259329112127
"1174","1232",0.672718524855759
"1230","1232",0.912694346674697
"1231","1233",0.904276432382063
"292","1234",0.738595377848953
"294","1234",0.74407071832299
"296","1234",0.734870610658162
"473","1234",0.613384696382839
"487","1234",0.626470230086973
"489","1234",0.652809336564948
"516","1234",0.788733169742476
"517","1234",0.777454545609972
"518","1234",0.782119770913042
"519","1234",0.780389577526483
"534","1234",0.684768574359036
"535","1234",0.720361010334089
"536","1234",0.713820856121404
"537","1234",0.748742969774085
"538","1234",0.725203033742463
"539","1234",0.727574733448533
"953","1234",0.738595377848953
"955","1234",0.74407071832299
"957","1234",0.734870610658162
"1172","1234",0.674892447772606
"1174","1234",0.658726436684217
"1230","1234",0.873206369926416
"1232","1234",0.850210089968495
"1231","1235",0.811109710420088
"1233","1235",0.834692405671897
"292","1236",0.662907355597937
"294","1236",0.667592057822795
"296","1236",0.659719189077514
"516","1236",0.705725600727674
"517","1236",0.69610883611134
"518","1236",0.700087711484865
"519","1236",0.698612238848352
"534","1236",0.616732997811319
"535","1236",0.642297021085221
"536","1236",0.641682507250444
"537","1236",0.671587913466564
"538","1236",0.651439560470931
"539","1236",0.653471405632563
"953","1236",0.662907355597937
"955","1236",0.667592057822795
"957","1236",0.659719189077514
"1172","1236",0.608236367666738
"1230","1236",0.720838900627496
"1232","1236",0.70728432940646
"1234","1236",0.689229484986896
"292","1238",0.705558503494571
"294","1238",0.710683861183113
"296","1238",0.702071224451273
"487","1238",0.600357213342258
"489","1238",0.625113420961152
"516","1238",0.75245344943279
"517","1238",0.741911632559977
"518","1238",0.746272593049515
"519","1238",0.744655325734632
"534","1238",0.655115140413245
"535","1238",0.683025759780478
"536","1238",0.682354340341036
"537","1238",0.71505664114472
"538","1238",0.693017762330806
"539","1238",0.695239110926895
"953","1238",0.705558503494571
"955","1238",0.710683861183113
"957","1238",0.702071224451273
"1172","1238",0.645848146440165
"1174","1238",0.626554890096397
"1230","1238",0.788494033565039
"1232","1238",0.772182599389492
"1234","1238",0.751110125238583
"1236","1238",0.791543587694515
"1237","1239",0.683237479083707
"292","1240",0.766539891718993
"294","1240",0.772316951817764
"296","1240",0.762610438657637
"473","1240",0.63471592058771
"487","1240",0.648465570644632
"489","1240",0.676161266258388
"516","1240",0.819476761274384
"517","1240",0.807561495334955
"518","1240",0.812489575832792
"519","1240",0.8106618176811
"534","1240",0.709801079734292
"535","1240",0.741168066172384
"536","1240",0.74041270822542
"537","1240",0.77724744959922
"538","1240",0.752413767392427
"539","1240",0.754914976496873
"750","1240",0.6054755484322
"953","1240",0.766539891718993
"955","1240",0.772316951817764
"957","1240",0.762610438657637
"1172","1240",0.699401659137411
"1174","1240",0.685953363257426
"1230","1240",0.782383253947952
"1232","1240",0.765347467784829
"1234","1240",0.749354501435865
"1236","1240",0.767609490673205
"1238","1240",0.811839925753056
"292","1242",0.713629238418049
"294","1242",0.71883940999548
"296","1242",0.710084401025188
"487","1242",0.606747706382771
"489","1242",0.631888453185472
"516","1242",0.761309647740959
"517","1242",0.750589442861808
"518","1242",0.755024074114791
"519","1242",0.753379465221573
"534","1242",0.66236537363103
"535","1242",0.690726743268111
"536","1242",0.690044385261287
"537","1242",0.723284754619658
"538","1242",0.70088207704595
"539","1242",0.703139873958682
"953","1242",0.713629238418049
"955","1242",0.71883940999548
"957","1242",0.710084401025188
"1172","1242",0.652950548537652
"1174","1242",0.638419004326205
"1230","1242",0.725575253232657
"1232","1242",0.71056363038636
"1234","1242",0.695468765040527
"1236","1242",0.716785132884575
"1238","1242",0.758052243276382
"1240","1242",0.827906824734616
"746","1248",0.651102612268835
"747","1248",0.600340065239835
"832","1248",0.610857022469446
"834","1248",0.61376653441714
"836","1248",0.641559631012073
"838","1248",0.671834736625991
"1248","1249",0.764005238131104
"838","1250",0.614914382494331
"1248","1250",0.840185513864212
"1249","1250",0.710346625733577
"1248","1251",0.635351000848607
"1249","1251",0.720077387163938
"1250","1251",0.604168537718757
"292","1254",0.603545411427167
"294","1254",0.607638803378961
"296","1254",0.600758798467498
"516","1254",0.640904721244922
"517","1254",0.6325244308529
"518","1254",0.63599243684051
"519","1254",0.634706526272599
"537","1254",0.611129114691503
"953","1254",0.603545411427167
"955","1254",0.607638803378961
"957","1254",0.600758798467498
"98","1256",0.616384493995737
"99","1256",0.64795523611534
"292","1256",0.753418073439852
"294","1256",0.76693049826971
"295","1256",0.608774857716614
"296","1256",0.721331938146967
"297","1256",0.6066777981587
"489","1256",0.607539789756276
"516","1256",0.729538623487914
"517","1256",0.719453874202136
"518","1256",0.723626058722757
"519","1256",0.722078849576035
"534","1256",0.636320147013392
"535","1256",0.663073264144128
"536","1256",0.662429923010526
"537","1256",0.69375169669412
"538","1256",0.672646075964956
"539","1256",0.674773896372765
"732","1256",0.616384493995737
"733","1256",0.64795523611534
"750","1256",0.675154468939873
"751","1256",0.612510640715041
"953","1256",0.753418073439852
"955","1256",0.76693049826971
"956","1256",0.608774857716614
"957","1256",0.721331938146967
"958","1256",0.6066777981587
"1050","1256",0.605594294599132
"1172","1256",0.706790324169535
"1174","1256",0.755789445659121
"1182","1256",0.7797108039553
"1230","1256",0.659820188103239
"1232","1256",0.648329057841801
"1234","1256",0.629903123364768
"1238","1256",0.603585397695489
"1240","1256",0.652073783096931
"1242","1256",0.610025635865103
"1175","1257",0.68796344705769
"1183","1257",0.76658996558228
"98","1258",0.602090475118515
"99","1258",0.634795599292499
"292","1258",0.763265465792291
"293","1258",0.610364615816302
"294","1258",0.775685669185778
"295","1258",0.621939541326185
"296","1258",0.737784096536018
"297","1258",0.621287066428629
"489","1258",0.606295007768437
"516","1258",0.727918665437049
"517","1258",0.717865980189698
"518","1258",0.722024920895091
"519","1258",0.720482626623226
"534","1258",0.63498947625233
"535","1258",0.661661251126045
"536","1258",0.661019882544519
"537","1258",0.692244707029442
"538","1258",0.671204617630251
"539","1258",0.673325869227331
"732","1258",0.602090475118515
"733","1258",0.634795599292499
"750","1258",0.673295792776401
"751","1258",0.602999124654722
"953","1258",0.763265465792291
"954","1258",0.610364615816302
"955","1258",0.775685669185778
"956","1258",0.621939541326185
"957","1258",0.737784096536018
"958","1258",0.621287066428629
"1048","1258",0.62233569854921
"1050","1258",0.630426737691062
"1172","1258",0.710795360364227
"1174","1258",0.74587099725617
"1182","1258",0.745999433250276
"1230","1258",0.658418141136714
"1232","1258",0.646962049416864
"1234","1258",0.628591750688783
"1238","1258",0.602352281441411
"1240","1258",0.650695384822837
"1242","1258",0.608773503485276
"1256","1258",0.857491873315174
"1175","1259",0.710230404545242
"1183","1259",0.817322601132803
"1257","1259",0.791078357921556
"746","1260",0.651102612268835
"747","1260",0.600340065239835
"832","1260",0.610857022469446
"834","1260",0.61376653441714
"836","1260",0.641559631012073
"838","1260",0.671834736625991
"1248","1260",1
"1249","1260",0.764005238131104
"1250","1260",0.840185513864212
"1251","1260",0.635351000848607
"1248","1261",0.764005238131104
"1249","1261",1
"1250","1261",0.710346625733577
"1251","1261",0.720077387163938
"1260","1261",0.764005238131104
"1252","1262",1
"1253","1263",1
"98","1264",0.616384493995737
"99","1264",0.64795523611534
"292","1264",0.753418073439852
"294","1264",0.76693049826971
"295","1264",0.608774857716614
"296","1264",0.721331938146967
"297","1264",0.6066777981587
"489","1264",0.607539789756276
"516","1264",0.729538623487914
"517","1264",0.719453874202136
"518","1264",0.723626058722757
"519","1264",0.722078849576035
"534","1264",0.636320147013392
"535","1264",0.663073264144128
"536","1264",0.662429923010526
"537","1264",0.69375169669412
"538","1264",0.672646075964956
"539","1264",0.674773896372765
"732","1264",0.616384493995737
"733","1264",0.64795523611534
"750","1264",0.675154468939873
"751","1264",0.612510640715041
"953","1264",0.753418073439852
"955","1264",0.76693049826971
"956","1264",0.608774857716614
"957","1264",0.721331938146967
"958","1264",0.6066777981587
"1050","1264",0.605594294599132
"1172","1264",0.706790324169535
"1174","1264",0.755789445659121
"1182","1264",0.7797108039553
"1230","1264",0.659820188103239
"1232","1264",0.648329057841801
"1234","1264",0.629903123364768
"1238","1264",0.603585397695489
"1240","1264",0.652073783096931
"1242","1264",0.610025635865103
"1256","1264",1
"1258","1264",0.857491873315174
"292","1265",0.713770035948464
"294","1265",0.73615914245011
"296","1265",0.668684777117402
"516","1265",0.63691628666146
"517","1265",0.628610237742963
"518","1265",0.632047563844323
"519","1265",0.630773036326719
"537","1265",0.607402810369163
"595","1265",0.601902048677364
"750","1265",0.645125934019169
"953","1265",0.713770035948464
"955","1265",0.73615914245011
"957","1265",0.668684777117402
"1172","1265",0.654438079957198
"1174","1265",0.659304486872455
"1182","1265",0.836834576249186
"1256","1265",0.755951415406798
"1258","1265",0.751060586145656
"1264","1265",0.755951415406798
"1267","1269",0.709810209775613
"1308","1310",0.721866830410103
"1309","1311",0.706304909854891
"1312","1331",1
"1313","1332",1
"217","1335",0.622933690470599
"783","1335",1
"785","1335",0.974861910216912
"1118","1335",0.764893505540123
"1119","1335",0.715203156099001
"217","1336",0.618417253551673
"783","1336",0.964351211202064
"785","1336",0.962584748387446
"1118","1336",0.758832811580557
"1119","1336",0.70969971434193
"1335","1336",0.964351211202064
"217","1338",0.620303827159649
"783","1338",0.969730088630337
"785","1338",0.971427300818973
"1118","1338",0.761363797679584
"1119","1338",0.711998193090141
"1335","1338",0.969730088630337
"1336","1338",0.966338664684633
"217","1340",0.622657204441974
"783","1340",0.972748302220812
"785","1340",0.97527614545217
"1118","1340",0.764522331785777
"1119","1340",0.714866158365313
"1335","1340",0.972748302220812
"1336","1340",0.967845748190924
"1338","1340",0.976179750857536
"217","1342",0.623679302194226
"783","1342",0.977433893329862
"785","1342",0.979235036076895
"1118","1342",0.76589456406896
"1119","1342",0.716112010305547
"1335","1342",0.977433893329862
"1336","1342",0.971582156315812
"1338","1342",0.979767448934368
"1340","1342",0.982259387565144
"217","1344",0.617732084121133
"783","1344",0.967382721643784
"785","1344",0.965553885113461
"1118","1344",0.757913832478488
"1119","1344",0.708865083656252
"1335","1344",0.967382721643784
"1336","1344",0.959198062564653
"1338","1344",0.964897875256642
"1340","1344",0.966898545478844
"1342","1344",0.971622661751119
"217","1346",0.61618301979824
"783","1346",0.963415665774158
"785","1346",0.961632355390101
"1118","1346",0.75583661145305
"1119","1346",0.706978376470179
"1335","1346",0.963415665774158
"1336","1346",0.959008162823578
"1338","1346",0.964022978076217
"1340","1346",0.965608620879798
"1342","1346",0.96979748353848
"1344","1346",0.957646115975989
"380","1348",0.645989230903163
"381","1348",0.716298558038738
"382","1348",0.645164831720912
"383","1348",0.679297058414464
"384","1348",0.650298917714041
"385","1348",0.754537896259527
"386","1348",0.711416429584522
"387","1348",0.762463816132653
"392","1348",0.689974129252058
"393","1348",0.722508985605859
"394","1348",0.673655015703599
"395","1348",0.722002183751091
"396","1348",0.646658955963246
"397","1348",0.668096795575457
"814","1348",1
"816","1348",0.871758142130798
"815","1349",1
"817","1349",0.955867859563443
"380","1350",0.615967906976806
"381","1350",0.708982375885656
"382","1350",0.616916825117627
"383","1350",0.671115366416999
"384","1350",0.617300112417641
"385","1350",0.748239872989074
"386","1350",0.678574500011386
"387","1350",0.757515638768513
"392","1350",0.658415532781702
"393","1350",0.715767931581099
"394","1350",0.643065755063081
"395","1350",0.714651630185438
"396","1350",0.615808676028508
"397","1350",0.660531271403338
"814","1350",0.871758142130798
"816","1350",1
"1348","1350",0.871758142130798
"815","1351",0.955867859563443
"817","1351",1
"1349","1351",0.955867859563443
"1354","1355",0.638641868729164
"783","1356",0.63846105518845
"785","1356",0.633231139251794
"1335","1356",0.63846105518845
"1336","1356",0.628509273925159
"1338","1356",0.63044005150261
"1340","1356",0.632848640904291
"1342","1356",0.633894742185089
"1344","1356",0.627808062919836
"1346","1356",0.626222755672068
"1354","1357",0.662338433533067
"1355","1357",0.845470514524173
"783","1358",0.714498989241853
"785","1358",0.707961586255769
"1335","1358",0.714498989241853
"1336","1358",0.701164591647734
"1338","1358",0.705004015422677
"1340","1358",0.706550051867342
"1342","1358",0.70929093231881
"1344","1358",0.703796319797234
"1346","1358",0.700438271410099
"1356","1358",0.854336112345481
"1354","1359",0.62853347186558
"1355","1359",0.824941025876396
"1357","1359",0.878282697552513
"1354","1364",0.644490621752628
"1354","1365",0.647387655403523
"1355","1365",0.723826047318046
"1357","1365",0.807421030189773
"1359","1365",0.761547162713639
"1364","1365",0.620978348544142
"1354","1366",0.658304134175805
"1364","1366",0.805005182565521
"1365","1366",0.601405014659688
"1354","1367",0.644930856384896
"1355","1367",0.745743234757036
"1357","1367",0.822739341310775
"1359","1367",0.790090500027113
"1364","1367",0.602363792630136
"1365","1367",0.902401714760972
"1354","1368",0.623767732117807
"1364","1368",0.71842758099048
"1366","1368",0.721675557683187
"1354","1369",0.639828533326735
"1355","1369",0.800471665483143
"1357","1369",0.880114993070492
"1359","1369",0.842987984444291
"1365","1369",0.859440258275252
"1367","1369",0.860982521385593
"1354","1370",0.672802731674117
"1357","1370",0.61124728282584
"1364","1370",0.753596496037111
"1365","1370",0.659953572951047
"1366","1370",0.77287616304231
"1367","1370",0.647902825926582
"1368","1370",0.835255017286925
"1369","1370",0.636516300055312
"1354","1371",0.668194575929343
"1355","1371",0.823987392794328
"1357","1371",0.900801127757014
"1359","1371",0.864827596064832
"1365","1371",0.882457193353875
"1367","1371",0.889401242059889
"1369","1371",0.928801897529825
"1370","1371",0.658982994931155
"1365","1380",0.704948019601554
"1367","1380",0.614111731119084
"1378","1380",0.693085099648887
"1364","1381",0.634019895410557
"1379","1381",0.628099691128281
"1365","1382",0.706261460388902
"1367","1382",0.601503841250759
"1378","1382",0.678823896785104
"1380","1382",0.858249477380395
"1364","1383",0.620792374977913
"1379","1383",0.663854127821753
"1381","1383",0.73636812096363
"1365","1384",0.705885715959132
"1367","1384",0.617766052801477
"1378","1384",0.678399285349455
"1380","1384",0.853599382473188
"1382","1384",0.884036083972473
"1364","1385",0.687813468315892
"1366","1385",0.63662233446289
"1379","1385",0.680098997378182
"1381","1385",0.788714457518689
"1383","1385",0.799030597187575
"1365","1386",0.688766623924954
"1367","1386",0.61135400946458
"1378","1386",0.654039766047994
"1380","1386",0.833516134936155
"1382","1386",0.862698923778974
"1384","1386",0.851424869166136
"1364","1387",0.677264511228635
"1366","1387",0.60849237861241
"1379","1387",0.673850396662262
"1381","1387",0.801359793917451
"1383","1387",0.775054500295956
"1385","1387",0.849540424011723
"1365","1388",0.723939735481685
"1367","1388",0.646419804614543
"1378","1388",0.681286185746646
"1380","1388",0.856377363064281
"1382","1388",0.880078658422032
"1384","1388",0.890198213267578
"1386","1388",0.86869852239151
"783","1393",0.820281783952264
"785","1393",0.81499280133127
"1118","1393",0.692920871593877
"1119","1393",0.649735109442186
"1335","1393",0.820281783952264
"1336","1393",0.808211809010349
"1338","1393",0.810983631090958
"1340","1393",0.8144432140755
"1342","1393",0.815946409640833
"1344","1393",0.80720547268499
"1346","1393",0.804930966787507
"1358","1393",0.637760064903086
"783","1395",0.907789946864285
"785","1395",0.905817389298495
"1118","1395",0.7316248049873
"1119","1395",0.684972255652242
"1335","1395",0.907789946864285
"1336","1395",0.897871312438918
"1338","1395",0.901340326901012
"1340","1395",0.904812605497206
"1342","1395",0.907380084334793
"1344","1395",0.898592209490092
"1346","1395",0.895337775448306
"1356","1395",0.607711361264186
"1358","1395",0.671772376168701
"1393","1395",0.778437621953458
"217","1397",0.60616278657156
"783","1397",0.911080050299076
"785","1397",0.909983952462367
"1118","1397",0.742415202588803
"1119","1397",0.694783075387475
"1335","1397",0.911080050299076
"1336","1397",0.900799214074967
"1338","1397",0.905652935408374
"1340","1397",0.90829218065406
"1342","1397",0.911670475414814
"1344","1397",0.903396914150733
"1346","1397",0.899034717690452
"1356","1397",0.615968915981475
"1358","1397",0.683833182646978
"1393","1397",0.790240703213287
"1395","1397",0.921687168231462
"1396","1398",0.716573234667998
"276","1404",0.689909005658884
"921","1404",0.689909005658884
"923","1404",0.696754261852033
"929","1404",0.691861182964167
"931","1404",0.691744874977664
"939","1404",0.601299781437421
"1403","1405",0.708836437456836
"276","1406",0.664449003129347
"921","1406",0.664449003129347
"923","1406",0.661752900952223
"929","1406",0.665627454691812
"931","1406",0.657760082162862
"1404","1406",0.673831770684462
"1403","1407",0.740200765114636
"1405","1407",0.761054248244586
"101","1408",0.622839939492817
"735","1408",0.622839939492817
"1016","1408",1
"1018","1408",0.645493656067366
"1017","1409",1
"1016","1410",0.645493656067366
"1018","1410",1
"1408","1410",0.645493656067366
"1019","1411",1
"1414","1416",0.766422945808729
"1415","1417",0.834883981086875
"679","1418",0.626458968708471
"680","1418",0.656567036505211
"681","1418",0.619815271040552
"682","1418",0.675875680524662
"680","1419",0.7896661863638
"682","1419",0.81136777828863
"1418","1419",0.684922631462019
"679","1420",0.605809430612184
"680","1420",0.64447086599331
"681","1420",0.601639935784679
"682","1420",0.662950710623122
"1418","1420",0.893158326086951
"1419","1420",0.646883252755996
"680","1421",0.765006593623019
"682","1421",0.784936130350966
"1418","1421",0.677568937318427
"1419","1421",0.866171522967849
"1420","1421",0.651322339407261
"1418","1422",0.798108379383457
"1420","1422",0.792436907496515
"1414","1423",0.648904473660297
"1416","1423",0.660498430651017
"1415","1424",0.716362811487544
"1417","1424",0.718547329769482
"1414","1425",0.686771870107528
"1416","1425",0.682192031809928
"1423","1425",0.614367486245452
"1415","1426",0.752442079483835
"1417","1426",0.759264377469839
"1424","1426",0.710074290218872
"1414","1427",0.826219135623024
"1416","1427",0.757567292530533
"1423","1427",0.690740172786055
"1425","1427",0.722396537096956
"1415","1428",0.81743921522749
"1417","1428",0.764448914609444
"1424","1428",0.703511659012671
"1426","1428",0.74254325951629
"1414","1429",0.830696714181658
"1416","1429",0.739109114906106
"1423","1429",0.671437732088332
"1425","1429",0.734092006663885
"1427","1429",0.896038733808881
"1415","1430",0.821907521154062
"1417","1430",0.746877102640468
"1424","1430",0.703840072034794
"1426","1430",0.738511133303415
"1428","1430",0.844188071850291
"1414","1431",0.805697447876034
"1416","1431",0.729228227055305
"1423","1431",0.663706490292684
"1425","1431",0.719843400236529
"1427","1431",0.875327521394249
"1429","1431",0.933581557110954
"1415","1432",0.826514281302305
"1417","1432",0.754352183644814
"1424","1432",0.709843369093283
"1426","1432",0.746486818224118
"1428","1432",0.847125467141665
"1430","1432",0.954100276845581
"1433","1435",0.742314891697105
"1434","1436",0.805344063529256
"1433","1441",0.663309784597831
"1435","1441",0.713104304820354
"1434","1442",0.738350459699509
"1436","1442",0.740919539211808
"679","1443",0.667486308868164
"680","1443",0.731987904563428
"681","1443",0.662842922411222
"682","1443",0.73909002769905
"1418","1443",0.857491563289837
"1419","1443",0.702522580491111
"1420","1443",0.828782363663024
"1421","1443",0.706685055758871
"1422","1443",0.766495651336859
"680","1444",0.812359789339748
"682","1444",0.819890531354066
"1418","1444",0.798994952058527
"1419","1444",0.823737396462228
"1420","1444",0.753479365516662
"1421","1444",0.806007256637284
"1422","1444",0.690869052769003
"1443","1444",0.873755064928061
"679","1445",0.667886879236414
"680","1445",0.737066577647368
"681","1445",0.662841526336083
"682","1445",0.743637760718962
"1418","1445",0.872376049174773
"1419","1445",0.708713417794514
"1420","1445",0.844208557732195
"1421","1445",0.712792970704815
"1422","1445",0.772961149820856
"1443","1445",0.959627544608568
"1444","1445",0.870525036618256
"1447","1449",0.602360211233103
"1164","1454",1
"1165","1455",1
"1167","1455",0.68115885133994
"1166","1456",1
"1165","1457",0.68115885133994
"1167","1457",1
"1455","1457",0.68115885133994
"292","1458",0.880704891121754
"294","1458",0.865038196169003
"296","1458",0.855462435095902
"473","1458",0.692806882558823
"475","1458",0.606291168584313
"487","1458",0.708412885162061
"489","1458",0.739908041212219
"491","1458",0.601623723440092
"515","1458",0.652547973188661
"516","1458",0.950740170372649
"517","1458",0.935227781725511
"518","1458",0.941148081940238
"519","1458",0.93943053859238
"534","1458",0.7936556836898
"535","1458",0.848427434084095
"536","1458",0.833811810918569
"537","1458",0.877007339922145
"538","1458",0.827020663072157
"539","1458",0.82988765524127
"750","1458",0.67809676968399
"953","1458",0.880704891121754
"955","1458",0.865038196169003
"957","1458",0.855462435095902
"1050","1458",0.610340161356448
"1172","1458",0.766397446086638
"1174","1458",0.702115344776518
"1182","1458",0.646197978123615
"1230","1458",0.825996807125883
"1232","1458",0.808460859929682
"1234","1458",0.769694611942239
"1236","1458",0.704951447143495
"1238","1458",0.751053015215138
"1240","1458",0.816228425419658
"1242","1458",0.759686629297924
"1254","1458",0.626750745012783
"1256","1458",0.712511559497836
"1258","1458",0.710945634729654
"1264","1458",0.712511559497836
"1265","1458",0.622887491745439
"1460","1461",0.682888104725455
"1460","1462",0.749226667557799
"1461","1462",0.745923220212772
"1460","1463",0.618589197021831
"1461","1463",0.838643289962395
"1462","1463",0.688408209923019
"1479","1481",0.861842439310064
"1480","1482",0.792160156154545
"1479","1483",1
"1481","1483",0.861842439310064
"1480","1484",1
"1482","1484",0.792160156154545
"1479","1485",0.861842439310064
"1481","1485",1
"1483","1485",0.861842439310064
"1491","1492",0.622465639679097
"81","1495",0.655798478411063
"83","1495",0.658305932840217
"1104","1495",0.602583067390253
"1496","1497",0.746959319800385
"1496","1498",0.896089538061694
"1497","1498",0.75199078550543
"1496","1499",0.759460569738093
"1497","1499",0.906060553598329
"1498","1499",0.762693227722615
"1496","1500",1
"1497","1500",0.746959319800385
"1498","1500",0.896089538061694
"1499","1500",0.759460569738093
"81","1501",0.767013852771825
"83","1501",0.790629364706377
"1104","1501",0.700592058361264
"1106","1501",0.661949944631507
"1495","1501",0.697748773500642
"81","1502",0.775573909626229
"83","1502",0.79890005109655
"1104","1502",0.708102264577899
"1106","1502",0.668870178549487
"1495","1502",0.705215035515467
"1501","1502",0.856227633556399
"81","1503",0.802590395148628
"83","1503",0.828278390626554
"1104","1503",0.731776226906723
"1106","1503",0.690668809818309
"1495","1503",0.728749236475466
"1501","1503",0.911276634136121
"1502","1503",0.896234122839402
"81","1504",0.795374118190058
"83","1504",0.820547300733772
"1104","1504",0.725457021002084
"1106","1504",0.684852462563836
"1495","1504",0.722467518056581
"1501","1504",0.87815516900796
"1502","1504",0.938711817204755
"1503","1504",0.91991393859355
"1114","1505",0.712372251375142
"1115","1505",0.7012453230296
"1116","1505",0.687736984463794
"1117","1505",0.603011352244546
"81","1507",0.62943201496796
"83","1507",0.631795360606707
"1501","1507",0.668942637945308
"1502","1507",0.687314467875858
"1503","1507",0.698102559006784
"1504","1507",0.692196282661851
"81","1508",0.667680033499164
"83","1508",0.687759628308189
"1104","1508",0.61309422583889
"1495","1508",0.610748022066165
"1501","1508",0.723351051512367
"1502","1508",0.730849148277664
"1503","1508",0.756108359517904
"1504","1508",0.749425127996806
"1507","1508",0.880085197679974
"81","1509",0.643570334045268
"83","1509",0.659684869191414
"1501","1509",0.706506484380313
"1502","1509",0.70167111921915
"1503","1509",0.725343682609133
"1504","1509",0.719070153078023
"1507","1509",0.872874224714328
"1508","1509",0.885582792444306
"81","1510",0.661268589684001
"83","1510",0.682982659020528
"1104","1510",0.607423531355553
"1495","1510",0.605108544370602
"1501","1510",0.717370709316061
"1502","1510",0.724739444293088
"1503","1510",0.749784112265494
"1504","1510",0.743165489677031
"1507","1510",0.865340718130556
"1508","1510",0.895133829029485
"1509","1510",0.87204758172893
"81","1511",0.659583716455858
"83","1511",0.662112081397548
"1104","1511",0.605932829553983
"1495","1511",0.603626027581162
"1501","1511",0.701888254171998
"1502","1511",0.709418521423175
"1503","1511",0.733156290489326
"1504","1511",0.726819969428246
"1507","1511",0.887075493030832
"1508","1511",0.902876862365985
"1509","1511",0.882225127772074
"1510","1511",0.887976661356305
"1512","1514",0.617155509319128
"1513","1514",0.639545096750051
"1511","1515",0.611765996863648
"1512","1515",0.634423177465166
"1513","1515",0.630630050594434
"1514","1515",0.689564933247549
"1512","1516",0.611573086955554
"1513","1516",0.60394887043274
"1514","1516",0.744150506513249
"1515","1516",0.682027387420725
"1512","1517",0.616424167988508
"1513","1517",0.616319972816113
"1514","1517",0.677138975943355
"1515","1517",0.683963731167211
"1516","1517",0.6630357726625
"1514","1518",0.719369076049772
"1515","1518",0.653685557306712
"1516","1518",0.693789454291373
"1517","1518",0.640451390542248
"1512","1519",0.633075177835481
"1513","1519",0.658834487230032
"1514","1519",0.708575674665534
"1515","1519",0.729609449218241
"1516","1519",0.674403263276159
"1517","1519",0.681151985079845
"1518","1519",0.648950407153802
"1514","1520",0.716907753949689
"1515","1520",0.639050473094174
"1516","1520",0.68837731245559
"1517","1520",0.626926351258015
"1518","1520",0.663742113190063
"1519","1520",0.630185163496574
"1501","1521",0.633952123154285
"1502","1521",0.659867599368008
"1503","1521",0.660927966789785
"1504","1521",0.655466860172212
"1507","1521",0.655623579878187
"1508","1521",0.679967911635089
"1509","1521",0.661541966339395
"1510","1521",0.672296600077768
"1511","1521",0.677618572397457
"1512","1521",0.693183623268437
"1513","1521",0.689854011600702
"1514","1521",0.753707718117264
"1515","1521",0.772154130794565
"1516","1521",0.744444839532183
"1517","1521",0.747991329203667
"1518","1521",0.712319443272628
"1519","1521",0.767039856567264
"1520","1521",0.696819293440857
"81","1522",0.826615490614352
"83","1522",0.851605716016631
"1104","1522",0.753650690428267
"1106","1522",0.701519223638101
"1107","1522",0.600382295960586
"1495","1522",0.740472158087496
"1501","1522",0.908586711448017
"1502","1522",0.901784069103307
"1503","1522",0.935707659840531
"1504","1522",0.926735755879476
"1507","1522",0.70912153483456
"1508","1522",0.767817019972169
"1509","1522",0.749054033308465
"1510","1522",0.761276683735059
"1511","1522",0.744981620262855
"1521","1522",0.671112726832854
"81","1523",0.604916231589222
"83","1523",0.624618603815147
"1501","1523",0.654626273580035
"1502","1523",0.654352184375928
"1503","1523",0.672221090076796
"1504","1523",0.666555945717382
"1522","1523",0.703416109375714
"81","1524",0.824032021002455
"83","1524",0.850066242091735
"1104","1524",0.751213671122831
"1106","1524",0.701494746580509
"1107","1524",0.600362702425591
"1495","1524",0.740445706451202
"1501","1524",0.908520634156185
"1502","1524",0.902652171648997
"1503","1524",0.936630037864219
"1504","1524",0.927651168951895
"1507","1524",0.709096676365439
"1508","1524",0.768284768680075
"1509","1524",0.748038843324671
"1510","1524",0.761806130821546
"1511","1524",0.744954936814022
"1521","1524",0.671089755676542
"1522","1524",0.984795206390425
"1523","1524",0.702317711341354
"83","1525",0.614176080047876
"1501","1525",0.653307525187945
"1502","1525",0.657212023788975
"1503","1525",0.670809155862924
"1504","1525",0.665154930745372
"1522","1525",0.704112673781523
"1523","1525",0.986098350923182
"1524","1525",0.703132697467152
"81","1526",0.808452390147975
"83","1526",0.83273835947223
"1104","1526",0.736907255604777
"1106","1526",0.695390328087639
"1495","1526",0.73384973065586
"1501","1526",0.914904821290003
"1502","1526",0.907644918639856
"1503","1526",0.938899786728462
"1504","1526",0.930873964742728
"1507","1526",0.702897299414706
"1508","1526",0.760644449244814
"1509","1526",0.742832140874923
"1510","1526",0.75415793897155
"1511","1526",0.738301260239133
"1521","1526",0.665360297184794
"1522","1526",0.972573887067941
"1523","1526",0.704446538420471
"1524","1526",0.972375221822633
"1525","1526",0.705136552640907
"83","1527",0.614397652166556
"1501","1527",0.654863517750159
"1502","1527",0.655401492855709
"1503","1527",0.671372449774817
"1504","1527",0.665717468328334
"1522","1527",0.701481448156227
"1523","1527",0.98414338751544
"1524","1527",0.700877192281545
"1525","1527",0.987814724508608
"1526","1527",0.706133972018999
"81","1528",0.810201460135494
"83","1528",0.835211721520316
"1104","1528",0.731216911418249
"1106","1528",0.690154068712407
"1495","1528",0.728193244282227
"1501","1528",0.908405544701676
"1502","1528",0.901580691996862
"1503","1528",0.93237596633022
"1504","1528",0.924491121379229
"1507","1528",0.697579847119752
"1508","1528",0.75523990926451
"1509","1528",0.73647608288307
"1510","1528",0.748887166485681
"1511","1528",0.73259545771125
"1521","1528",0.660444709008302
"1522","1528",0.967128409332995
"1523","1528",0.704366599741044
"1524","1528",0.966751210495595
"1525","1528",0.705234049930334
"1526","1528",0.980070624650213
"1527","1528",0.703040074316757
"81","1529",0.601409320596705
"83","1529",0.621158930300006
"1501","1529",0.651497096267984
"1502","1529",0.652053251074558
"1503","1529",0.668307007902073
"1504","1529",0.662687429501498
"1522","1529",0.699891504337224
"1523","1529",0.984356630933421
"1524","1529",0.698712071197092
"1525","1529",0.990253534155895
"1526","1529",0.701014190752393
"1527","1529",0.983699004483092
"1528","1529",0.70087951897877
"81","1530",0.6618873813268
"83","1530",0.681389732649051
"1104","1530",0.607970959537467
"1495","1530",0.605652964561265
"1501","1530",0.727078088062922
"1502","1530",0.724077719600883
"1503","1530",0.748981003551846
"1504","1530",0.742390965784177
"1507","1530",0.875669789269191
"1508","1530",0.894767958616322
"1509","1530",0.882774224518193
"1510","1530",0.881610491758687
"1511","1530",0.888758199695822
"1521","1530",0.672843749631823
"1522","1530",0.77143247128799
"1524","1530",0.770777576539886
"1526","1530",0.764756030844524
"1528","1530",0.758470893998733
"81","1531",0.661120868423184
"83","1531",0.663657740639286
"1104","1531",0.607292842277193
"1495","1531",0.604978573222168
"1501","1531",0.703569544147121
"1502","1531",0.711125858331919
"1503","1531",0.734946476859644
"1504","1531",0.728587932172106
"1507","1531",0.904138184483998
"1508","1531",0.90475037589901
"1509","1531",0.894136537543074
"1510","1531",0.88980942872035
"1511","1531",0.910995052888088
"1521","1531",0.678956170692306
"1522","1531",0.746813489524699
"1524","1531",0.746786711718817
"1526","1531",0.740109549033089
"1528","1531",0.734383673900552
"1530","1531",0.89059330674271
"1514","1532",0.616431764587052
"1515","1532",0.648175021362554
"1516","1532",0.612065452225095
"1517","1532",0.625614744011832
"1519","1532",0.652138016418899
"1521","1532",0.715816062467309
"1515","1533",0.604882189019363
"1519","1533",0.615216146530328
"1521","1533",0.669209771553493
"1532","1533",0.627124872016461
"1507","1534",0.602476005409372
"1508","1534",0.622723777067441
"1509","1534",0.606922962866708
"1510","1534",0.615784712737566
"1511","1534",0.621214256953695
"1512","1534",0.650997332101967
"1513","1534",0.686425038147498
"1514","1534",0.71473585987247
"1515","1534",0.71258814794176
"1516","1534",0.675514076086926
"1517","1534",0.694102696682646
"1518","1534",0.654022690784444
"1519","1534",0.772754823133257
"1520","1534",0.623704669218025
"1521","1534",0.785193085397744
"1522","1534",0.607823211333149
"1524","1534",0.605550873048578
"1530","1534",0.616263484149862
"1531","1534",0.622382295066778
"1532","1534",0.692858703741828
"1533","1534",0.672966484340214
"1502","1535",0.607844389071935
"1503","1535",0.613468420803289
"1504","1535",0.608558722383606
"1507","1535",0.617727259945337
"1508","1535",0.639477536503912
"1509","1535",0.622802894067556
"1510","1535",0.632372289950799
"1511","1535",0.637581082401878
"1512","1535",0.631392771511707
"1513","1535",0.638411193284925
"1514","1535",0.659672202797836
"1515","1535",0.689131487482041
"1516","1535",0.649519824663512
"1517","1535",0.667959572163412
"1518","1535",0.627397134198974
"1519","1535",0.694394168121388
"1521","1535",0.762916843770281
"1522","1535",0.622620611493998
"1524","1535",0.622599975340901
"1526","1535",0.617452054074365
"1528","1535",0.613034021700164
"1530","1535",0.632871738204129
"1531","1535",0.638800937036411
"1532","1535",0.682563770900946
"1533","1535",0.665350064054491
"1534","1535",0.739791190122855
"1519","1537",0.63704963232474
"1521","1537",0.660802385395572
"1532","1537",0.615207657736505
"1533","1537",0.631955570958581
"1534","1537",0.698105998484947
"1535","1537",0.685180473938284
"1501","1538",0.607394281899219
"1502","1538",0.626942220295371
"1503","1538",0.632751293669324
"1504","1538",0.627619893862252
"1507","1538",0.625857153206529
"1508","1538",0.649062249439453
"1509","1538",0.631664120017755
"1510","1538",0.641937653984851
"1511","1538",0.646681307860458
"1512","1538",0.631064110411104
"1513","1538",0.635222810107257
"1514","1538",0.660077355622425
"1515","1538",0.69052122508653
"1516","1538",0.652555786567029
"1517","1538",0.667029180590609
"1518","1538",0.62774526910981
"1519","1538",0.69331177704313
"1520","1538",0.601054247758212
"1521","1538",0.76553690775844
"1522","1538",0.642318544288513
"1524","1538",0.642296969682575
"1526","1538",0.636915304609804
"1528","1538",0.632297251749357
"1530","1538",0.64245105180065
"1531","1538",0.647937037867872
"1532","1538",0.679874620131785
"1533","1538",0.65634821229808
"1534","1538",0.733680475263518
"1535","1538",0.722586427362977
"1537","1538",0.64733842053155
"1501","1539",0.62017572979713
"1502","1539",0.626476273925175
"1503","1539",0.646307581173508
"1504","1539",0.641018397297055
"1507","1539",0.668943536266019
"1508","1539",0.691006910621781
"1509","1539",0.67318521409005
"1510","1539",0.682757054615608
"1511","1539",0.689889888146116
"1512","1539",0.616904923240346
"1513","1539",0.631050498350004
"1514","1539",0.63502731483141
"1515","1539",0.670386377546931
"1516","1539",0.62098728579517
"1517","1539",0.64915986810861
"1518","1539",0.60238698717406
"1519","1539",0.680659982955423
"1521","1539",0.749842789046454
"1522","1539",0.656170309923518
"1524","1539",0.65614806712142
"1526","1539",0.650599988702808
"1528","1539",0.645839558298803
"1530","1539",0.683308487416064
"1531","1539",0.691233069692048
"1532","1539",0.692744407765122
"1533","1539",0.705959536298841
"1534","1539",0.745195267263565
"1535","1539",0.739901461042052
"1537","1539",0.70159964109093
"1538","1539",0.731891004362875
"81","1540",0.818101394326395
"83","1540",0.842349178094092
"1104","1540",0.74609012944155
"1106","1540",0.695984574918951
"1495","1540",0.734491750985378
"1501","1540",0.906892904127739
"1502","1540",0.898708684819086
"1503","1540",0.931594334670084
"1504","1540",0.922963166307081
"1507","1540",0.703500775843568
"1508","1540",0.761318113372685
"1509","1540",0.742551287569953
"1510","1540",0.754823746215927
"1511","1540",0.738948887754895
"1521","1540",0.665918095661927
"1522","1540",0.97382139243988
"1523","1540",0.697296602270993
"1524","1540",0.97303203402909
"1525","1540",0.695730629301846
"1526","1540",0.968901162688112
"1527","1540",0.693328414939626
"1528","1540",0.962560762625744
"1529","1540",0.693787276639467
"1530","1540",0.764676046408748
"1531","1540",0.740759458819699
"1534","1540",0.601972311620709
"1535","1540",0.617953311717262
"1538","1540",0.637439290124107
"1539","1540",0.651140153808569
"81","1541",0.611865814501889
"83","1541",0.631503218134077
"1501","1541",0.662293979844393
"1502","1541",0.66369310669667
"1503","1541",0.679554257575162
"1504","1541",0.673803145590333
"1522","1541",0.711818964389331
"1523","1541",0.987899610787142
"1524","1541",0.71055774663161
"1525","1541",0.986394951045164
"1526","1541",0.712590374582129
"1527","1541",0.984366696438461
"1528","1541",0.712444132663441
"1529","1541",0.984588593974301
"1540","1541",0.705552236272483
"81","1542",0.616136110629956
"83","1542",0.618427829617643
"1501","1542",0.654435235491264
"1502","1542",0.661242585096834
"1503","1542",0.682682652008484
"1504","1542",0.676962413643826
"1507","1542",0.827325255239666
"1508","1542",0.842026376871101
"1509","1542",0.823226236269999
"1510","1542",0.828612892297376
"1511","1542",0.847475967278926
"1521","1542",0.637178079648347
"1522","1542",0.693352943499513
"1524","1542",0.693328873977912
"1526","1542",0.687325922756178
"1528","1542",0.682176429076621
"1530","1542",0.829320371628127
"1531","1542",0.849179558479873
"1535","1542",0.600528601707434
"1538","1542",0.608780843293877
"1539","1542",0.648622030697617
"1540","1542",0.687910306944741
"81","1543",0.607652603012799
"83","1543",0.609898993135422
"1501","1543",0.64518541571369
"1502","1543",0.651854658135112
"1503","1543",0.672856158108054
"1504","1543",0.667253455470456
"1507","1543",0.823828741230836
"1508","1543",0.837649471895346
"1509","1543",0.819232257807453
"1510","1543",0.82418862391953
"1511","1543",0.843440488864966
"1521","1543",0.631612108707581
"1522","1543",0.683306202786258
"1524","1543",0.683282631536923
"1526","1543",0.677403745544208
"1528","1543",0.672360351927866
"1530","1543",0.824890229131851
"1531","1543",0.857743040760748
"1538","1543",0.603475051496563
"1539","1543",0.643521613906978
"1540","1543",0.677976069977849
"1542","1543",0.787992902788317
"81","1544",0.622533002535759
"83","1544",0.624859093840012
"1501","1544",0.661413411061548
"1502","1544",0.668325565082348
"1503","1544",0.690098528669108
"1504","1544",0.684289061740684
"1507","1544",0.828720916856284
"1508","1544",0.844186939307866
"1509","1544",0.825092767207947
"1510","1544",0.830858308924406
"1511","1544",0.849305630716904
"1521","1544",0.641003991837286
"1522","1544",0.700936046943909
"1524","1544",0.700911599064302
"1526","1544",0.694814445069217
"1528","1544",0.689584397381567
"1530","1544",0.831569008141952
"1531","1544",0.851017957606834
"1535","1544",0.60393537435273
"1538","1544",0.612445048368965
"1539","1544",0.652000585418519
"1540","1544",0.695407985803862
"1542","1544",0.793464976229847
"1543","1544",0.789565876201963
"81","1545",0.632809565493162
"83","1545",0.661963203876879
"1501","1545",0.690753830351099
"1502","1545",0.697549637567327
"1503","1545",0.721703943824511
"1504","1545",0.715356575585875
"1507","1545",0.849703593143725
"1508","1545",0.88049109793314
"1509","1545",0.857697531487466
"1510","1545",0.867950805977958
"1511","1545",0.870585668495564
"1521","1545",0.652586519822314
"1522","1545",0.732235342302316
"1524","1545",0.733059127625509
"1526","1545",0.725335318380968
"1528","1545",0.720667845815288
"1530","1545",0.866806796197468
"1531","1545",0.872356189321216
"1535","1545",0.614648884296777
"1538","1545",0.623233515042077
"1539","1545",0.66430876191387
"1540","1545",0.725967378709121
"1542","1545",0.812660610840067
"1543","1545",0.82311015746306
"1544","1545",0.814439017661929
"1501","1546",0.627216310367862
"1502","1546",0.633619945513342
"1503","1546",0.653778355081014
"1504","1546",0.64840154739996
"1507","1546",0.83490744211021
"1508","1546",0.831944549027693
"1509","1546",0.814276653535677
"1510","1546",0.81826100304172
"1511","1546",0.838588623375985
"1521","1546",0.621628224735631
"1522","1546",0.663805203564902
"1524","1546",0.663782589579343
"1526","1546",0.658142074337152
"1528","1546",0.653302567585512
"1530","1546",0.831375652938861
"1531","1546",0.840255152996839
"1539","1546",0.634675030230437
"1540","1546",0.658691226124116
"1542","1546",0.783377253102419
"1543","1546",0.780223266334904
"1544","1546",0.784591704665544
"1545","1546",0.804065197359423
"81","1547",0.622111572897179
"83","1547",0.624435394674513
"1501","1547",0.660953595313678
"1502","1547",0.667858827232249
"1503","1547",0.689609801485225
"1504","1547",0.683806228836454
"1507","1547",0.813341116586507
"1508","1547",0.82998000749341
"1509","1547",0.810855786061149
"1510","1547",0.817257036054535
"1511","1547",0.834219049187547
"1521","1547",0.636233582252586
"1522","1547",0.70043627242293
"1524","1547",0.700411849539335
"1526","1547",0.694320918868568
"1528","1547",0.689096192619128
"1530","1547",0.817952168118873
"1531","1547",0.835895602319036
"1538","1547",0.608123711850023
"1539","1547",0.64607350103125
"1540","1547",0.694913854705072
"1542","1547",0.779923950510457
"1543","1547",0.775802704020952
"1544","1547",0.782039025766754
"1545","1547",0.800346370398296
"1546","1547",0.770195984683514
"81","1548",0.648220252648522
"83","1548",0.650686009364756
"1501","1548",0.689464332220913
"1502","1548",0.696803033708774
"1503","1548",0.719931607109078
"1504","1548",0.713758677895442
"1507","1548",0.836944268554538
"1508","1548",0.855268184462192
"1509","1548",0.834991686857177
"1510","1548",0.842163060520479
"1511","1548",0.859223894832725
"1521","1548",0.657041282087187
"1522","1548",0.731450514850212
"1524","1548",0.731424524990371
"1526","1548",0.72494349513825
"1528","1548",0.719385258866241
"1530","1548",0.842889837810195
"1531","1548",0.860978653651359
"1534","1548",0.602009815126849
"1535","1548",0.618250547660177
"1538","1548",0.627751943509554
"1539","1548",0.666438091825829
"1540","1548",0.72557434497355
"1542","1548",0.802678270918874
"1543","1548",0.798186799476903
"1544","1548",0.805064397500233
"1545","1548",0.82395361443004
"1546","1548",0.791890138345442
"1547","1548",0.792574530222051
"81","1549",0.614734026361562
"83","1549",0.616386816562274
"1501","1549",0.615703601880572
"1502","1549",0.621938952146241
"1503","1549",0.641563440367213
"1504","1549",0.636329653419407
"1507","1549",0.801809158336645
"1508","1549",0.813723390577742
"1509","1549",0.796479214042162
"1510","1549",0.800547754146211
"1511","1549",0.819949293104759
"1521","1549",0.610645895924729
"1522","1549",0.651322421072946
"1524","1549",0.651300412898473
"1526","1549",0.645810766606122
"1528","1549",0.641100326227788
"1530","1549",0.801219918329412
"1531","1549",0.821564407915211
"1539","1549",0.623203136193388
"1540","1549",0.646345250766841
"1542","1549",0.766526327006029
"1543","1549",0.763382533968885
"1544","1549",0.784521598842306
"1545","1549",0.786557041768575
"1546","1549",0.759980877575732
"1547","1549",0.753996697805052
"1548","1549",0.775129396239724
"1512","1550",0.650440344331837
"1513","1550",0.643944472110267
"1514","1550",0.710612981903953
"1515","1550",0.724654389202773
"1516","1550",0.704862364765307
"1517","1550",0.702837613401323
"1518","1550",0.673162593019942
"1519","1550",0.718127066867915
"1520","1550",0.660433849984373
"1521","1550",0.794732714006737
"1532","1550",0.66009381865474
"1533","1550",0.612689551111336
"1534","1550",0.7264410123161
"1535","1550",0.701300408408007
"1537","1550",0.601537643870724
"1538","1550",0.703937765453179
"1539","1550",0.678563686742851
"1512","1551",0.612116502900793
"1513","1551",0.612698331617275
"1514","1551",0.671723470699135
"1515","1551",0.713688680449728
"1516","1551",0.657960965589998
"1517","1551",0.66524452476957
"1518","1551",0.636575557966966
"1519","1551",0.6766883782602
"1520","1551",0.619243256767171
"1521","1551",0.737040651191365
"1532","1551",0.618298168093633
"1534","1551",0.691090539146516
"1535","1551",0.660412280839473
"1538","1551",0.656490317963818
"1539","1551",0.63991344350482
"1550","1551",0.69637175215139
"1514","1552",0.690754491537089
"1515","1552",0.645579009094016
"1516","1552",0.669331255813124
"1517","1552",0.634028236005957
"1518","1552",0.647702738779445
"1519","1552",0.642283179765907
"1520","1552",0.638416974556761
"1521","1552",0.701885422009941
"1534","1552",0.649273144034688
"1535","1552",0.621118921458319
"1538","1552",0.619788993865702
"1550","1552",0.664236898973667
"1551","1552",0.632655284318586
"1521","1553",0.634987872597168
"1534","1553",0.608499973585584
"1551","1553",0.613087254026285
"81","1554",0.81176701915439
"83","1554",0.836465617689597
"1104","1554",0.739807679286179
"1106","1554",0.698058794531243
"1495","1554",0.736732856422082
"1501","1554",0.915078836326604
"1502","1554",0.907140930738295
"1503","1554",0.939408655390452
"1504","1554",0.93103189322636
"1507","1554",0.705607235647089
"1508","1554",0.763800680565348
"1509","1554",0.746040778189775
"1510","1554",0.757294821389614
"1511","1554",0.741209581702716
"1521","1554",0.667865002642596
"1522","1554",0.97568832872862
"1523","1554",0.69641687367818
"1524","1554",0.975576730010185
"1525","1554",0.697671185689885
"1526","1554",0.9803627703815
"1527","1554",0.698710736963161
"1528","1554",0.973954927493748
"1529","1554",0.692995493369748
"1530","1554",0.768080419110049
"1531","1554",0.743028125866044
"1535","1554",0.619702744068856
"1538","1554",0.639268098873618
"1539","1554",0.653025471765268
"1540","1554",0.969367248940188
"1541","1554",0.704672923144398
"1542","1554",0.689950075756557
"1543","1554",0.679973714336493
"1544","1554",0.697479738954193
"1545","1554",0.728396160034967
"1546","1554",0.660607932045914
"1547","1554",0.696983494892341
"1548","1554",0.727776427347718
"1549","1554",0.648210727093664
"81","1555",0.612345208588372
"83","1555",0.632683740359893
"1501","1555",0.663528865301737
"1502","1555",0.664990613655405
"1503","1555",0.68088065877399
"1504","1555",0.675107749236576
"1522","1555",0.712979511261868
"1523","1555",0.987647996009041
"1524","1555",0.711757026002689
"1525","1555",0.993565522322203
"1526","1555",0.713790985953039
"1527","1555",0.98707967916069
"1528","1555",0.713593613992826
"1529","1555",0.991826861725162
"1540","1555",0.706692807179376
"1541","1555",0.988334135002004
"1554","1555",0.705896295671785
"81","1556",0.652437314547265
"83","1556",0.654926247402316
"1501","1556",0.694073888218038
"1502","1556",0.70148347757642
"1503","1556",0.724837453322397
"1504","1556",0.718604073140801
"1507","1556",0.879696656234171
"1508","1556",0.884342064234925
"1509","1556",0.863966808019116
"1510","1556",0.87007509803613
"1511","1556",0.900557664998505
"1521","1556",0.668341946282762
"1522","1556",0.736469721941928
"1524","1556",0.736443475500013
"1526","1556",0.729898576186929
"1528","1556",0.72428574627437
"1530","1556",0.880844388216422
"1531","1556",0.891705874878729
"1534","1556",0.612760002671974
"1535","1556",0.628960183022041
"1538","1556",0.638085857304104
"1539","1556",0.679767513936358
"1540","1556",0.730535632948271
"1542","1556",0.830192656785033
"1543","1556",0.826059128921651
"1544","1556",0.832166075729932
"1545","1556",0.852593365201646
"1546","1556",0.83646921245118
"1547","1556",0.817936913336935
"1548","1556",0.842495301093563
"1549","1556",0.802876223798488
"1554","1556",0.732759398519271
"81","1557",0.638222519238037
"83","1557",0.640633607340227
"1501","1557",0.678541068766343
"1502","1557",0.685712676971139
"1503","1557",0.708310070910202
"1504","1557",0.702279580705609
"1507","1557",0.885487220909985
"1508","1557",0.885735949480351
"1509","1557",0.87536580830982
"1510","1557",0.870992755180612
"1511","1557",0.892438689241333
"1521","1557",0.66174210007855
"1522","1557",0.719561905675498
"1524","1557",0.719536520258333
"1526","1557",0.713205958181394
"1528","1557",0.707776348930321
"1530","1557",0.87175216126324
"1531","1557",0.905728564402176
"1534","1557",0.607652463716312
"1535","1557",0.623235313310014
"1538","1557",0.63166645046216
"1539","1557",0.674674266369456
"1540","1557",0.71382218469046
"1542","1557",0.832258926415303
"1543","1557",0.82858849518571
"1544","1557",0.83379964368381
"1545","1557",0.854807762838103
"1546","1557",0.824474545571648
"1547","1557",0.818576814999248
"1548","1557",0.842577585177898
"1549","1557",0.806138617665166
"1554","1557",0.715973183225334
"1556","1557",0.873344951631548
"81","1558",0.647324455006114
"83","1558",0.665305671521539
"1501","1558",0.699834069966978
"1502","1558",0.707011768965191
"1503","1558",0.731022843780884
"1504","1558",0.724666107002783
"1507","1558",0.86435200548207
"1508","1558",0.89037787510184
"1509","1558",0.868438934406618
"1510","1558",0.876886317349386
"1511","1558",0.885981192077947
"1521","1558",0.664573624279614
"1522","1558",0.742229118453029
"1524","1558",0.742627099400168
"1526","1558",0.735420174196288
"1528","1558",0.730222998794463
"1530","1558",0.876652239007991
"1531","1558",0.887799067170636
"1534","1558",0.609545572641536
"1535","1558",0.625557325636473
"1538","1558",0.634520919195748
"1539","1558",0.676165291194116
"1540","1558",0.736061717154072
"1542","1558",0.826638503838811
"1543","1558",0.822593782345605
"1544","1558",0.828541206018819
"1545","1558",0.862830060692572
"1546","1558",0.817546329764388
"1547","1558",0.814273647242561
"1548","1558",0.838592281957722
"1549","1558",0.79966048829825
"1554","1558",0.738413526064936
"1556","1558",0.867647906535536
"1557","1558",0.869660051329567
"81","1559",0.667388335369128
"83","1559",0.669959987913167
"1104","1559",0.61283629324163
"1495","1559",0.610491512132935
"1501","1559",0.71042639434965
"1502","1559",0.718089237754228
"1503","1559",0.742248746299744
"1504","1559",0.735799290858865
"1507","1559",0.912310110427531
"1508","1559",0.913543877708457
"1509","1559",0.902401293485502
"1510","1559",0.89838338961461
"1511","1559",0.919906541412713
"1521","1559",0.684760810326182
"1522","1559",0.754286284890739
"1524","1559",0.754259121048957
"1526","1559",0.747485874001236
"1528","1559",0.741677883680052
"1530","1559",0.899178157886454
"1531","1559",0.933999829312558
"1534","1559",0.627490506299728
"1535","1559",0.644112063745823
"1538","1559",0.653372298270568
"1539","1559",0.697156166738798
"1540","1559",0.74814512059085
"1542","1559",0.857223485330601
"1543","1559",0.85313060240097
"1544","1559",0.859075577900471
"1545","1559",0.892609087015596
"1546","1559",0.848224944208448
"1547","1559",0.843724697401727
"1548","1559",0.869137213466991
"1549","1559",0.829270911103045
"1554","1559",0.750446406084023
"1556","1559",0.90032835947504
"1557","1559",0.925912277876467
"1558","1559",0.896371971321482
"81","1560",0.681299342358504
"83","1560",0.683948723105084
"1104","1560",0.625130298308418
"1495","1560",0.622717417738997
"1501","1560",0.738004725586541
"1502","1560",0.746541288134075
"1503","1560",0.769930880248546
"1504","1560",0.76385963481864
"1507","1560",0.874243915582075
"1508","1560",0.89414047191296
"1509","1560",0.872403384286853
"1510","1560",0.880244206841142
"1511","1560",0.89817112986902
"1521","1560",0.685489037447443
"1522","1560",0.773541601730791
"1524","1560",0.773815662273482
"1526","1560",0.780700766682436
"1528","1560",0.775407364339339
"1530","1560",0.881019272423097
"1531","1560",0.900043879261619
"1534","1560",0.626807604149255
"1535","1560",0.644174301901058
"1538","1560",0.654473017338956
"1539","1560",0.694896261552325
"1540","1560",0.772096622122462
"1542","1560",0.83797707103293
"1543","1560",0.833123569830474
"1544","1560",0.840587453146692
"1545","1560",0.860617216326482
"1546","1560",0.826262002827506
"1547","1560",0.827458257089652
"1548","1560",0.853275119113339
"1549","1560",0.808481409465842
"1554","1560",0.779547935144035
"1556","1560",0.880443854601769
"1557","1560",0.88030746972528
"1558","1560",0.876253053646225
"1559","1560",0.908738358280749
"81","1561",0.636568850785876
"83","1561",0.638970934255162
"1501","1561",0.676734993798953
"1502","1561",0.683879095729317
"1503","1561",0.70638906614653
"1504","1561",0.700382016553441
"1507","1561",0.891290501152434
"1508","1561",0.903467719965737
"1509","1561",0.883925038947342
"1510","1561",0.88785076933548
"1511","1561",0.911520774066639
"1521","1561",0.666301692531327
"1522","1561",0.717596954698877
"1524","1561",0.717571668734148
"1526","1561",0.711265864992621
"1528","1561",0.705857421945579
"1530","1561",0.888630671111403
"1531","1561",0.913395810621769
"1534","1561",0.612322766667702
"1535","1561",0.627703425712265
"1538","1561",0.635715313927203
"1539","1561",0.680861749782808
"1540","1561",0.711879685255681
"1542","1561",0.849214907010078
"1543","1561",0.845908979926255
"1544","1561",0.850366508479038
"1545","1561",0.872515022795355
"1546","1561",0.842804573864032
"1547","1561",0.833759655857123
"1548","1561",0.857849144297226
"1549","1561",0.823602102340794
"1554","1561",0.714022278172119
"1556","1561",0.891173945139534
"1557","1561",0.896010015313249
"1558","1561",0.887567698481387
"1559","1561",0.922411777138735
"1560","1561",0.896382095275689
"1507","1562",0.611473457549013
"1508","1562",0.631148658352503
"1509","1562",0.615389665205976
"1510","1562",0.623937627987593
"1511","1562",0.630046421195703
"1512","1562",0.628201870878954
"1513","1562",0.660252931695257
"1514","1562",0.697300914651783
"1515","1562",0.691104233205115
"1516","1562",0.658471861835352
"1517","1562",0.672024792506857
"1518","1562",0.636047073028344
"1519","1562",0.721297301343286
"1520","1562",0.615177413238994
"1521","1562",0.763207866138393
"1522","1562",0.607229259426838
"1524","1562",0.60496934015
"1530","1562",0.624422915983023
"1531","1562",0.631228666858527
"1532","1562",0.662450034514484
"1533","1562",0.630480753125798
"1534","1562",0.754418696685498
"1535","1562",0.70636563127431
"1537","1562",0.658814700804241
"1538","1562",0.705197525811041
"1539","1562",0.705453861481684
"1540","1562",0.601392241209068
"1545","1562",0.607552806650264
"1548","1562",0.609652408332986
"1549","1562",0.600194442759599
"1550","1562",0.705882955247937
"1551","1562",0.662332915833907
"1552","1562",0.6283778826725
"1556","1562",0.621212833400845
"1557","1562",0.616570068487676
"1558","1562",0.618021889367419
"1559","1562",0.636431419376469
"1560","1562",0.634715652651483
"1561","1562",0.62184856704814
"81","1563",0.621277986369317
"83","1563",0.622771108276969
"1501","1563",0.614410692600149
"1502","1563",0.636045643031531
"1503","1563",0.6401920717753
"1504","1563",0.634974262352314
"1512","1563",0.620338103892128
"1513","1563",0.644135372326658
"1514","1563",0.664240599998645
"1515","1563",0.677920297629423
"1516","1563",0.647373285531907
"1517","1563",0.646312290186148
"1518","1563",0.610272737480724
"1519","1563",0.711031310240125
"1521","1563",0.745248362472773
"1522","1563",0.660118420106648
"1524","1563",0.6576507061927
"1526","1563",0.644426396138168
"1528","1563",0.63973037338499
"1532","1563",0.660193120205832
"1533","1563",0.637228962106182
"1534","1563",0.746295278642308
"1535","1563",0.694311559458091
"1537","1563",0.640411199909154
"1538","1563",0.693568801277163
"1539","1563",0.688920831869746
"1540","1563",0.653589197914419
"1550","1563",0.696440048744457
"1551","1563",0.645486539489539
"1552","1563",0.603897069057528
"1554","1563",0.646818995837322
"1562","1563",0.709093602603031
"1519","1564",0.61220729157874
"1521","1564",0.637663462744428
"1534","1564",0.62975644955434
"1507","1565",0.63930119357991
"1508","1565",0.657326185352483
"1509","1565",0.64161816248131
"1510","1565",0.649254126688746
"1511","1565",0.657459092937694
"1512","1565",0.661703309850394
"1513","1565",0.670606742671009
"1514","1565",0.710114414527888
"1515","1565",0.727636300991506
"1516","1565",0.690740188279288
"1517","1565",0.711779940584469
"1518","1565",0.671543702318287
"1519","1565",0.732175519495305
"1520","1565",0.64551421683317
"1521","1565",0.803540114246352
"1530","1565",0.649761534701148
"1531","1565",0.658690432245384
"1532","1565",0.699836480865142
"1533","1565",0.67444572694777
"1534","1565",0.771824879246621
"1535","1565",0.750303494508091
"1537","1565",0.67526497398317
"1538","1565",0.744722897943901
"1539","1565",0.754810006103438
"1542","1565",0.618978857696838
"1543","1565",0.614744130815497
"1544","1565",0.621653244736888
"1545","1565",0.633580668211694
"1546","1565",0.60769641764387
"1547","1565",0.615156156830589
"1548","1565",0.633355504469352
"1550","1565",0.741821740676128
"1551","1565",0.70593975337528
"1552","1565",0.665933174647694
"1553","1565",0.618950128301266
"1556","1565",0.64742718738113
"1557","1565",0.644178381841408
"1558","1565",0.644292296626091
"1559","1565",0.6642070969822
"1560","1565",0.659342551447085
"1561","1565",0.651343313477052
"1562","1565",0.738393175407611
"1563","1565",0.709565217107926
"1564","1565",0.617557887836127
"1508","1566",0.607645907616949
"1510","1566",0.601156058409301
"1511","1566",0.605491880417169
"1512","1566",0.629784441286024
"1513","1566",0.62757812869219
"1514","1566",0.678970171101363
"1515","1566",0.697026549405791
"1516","1566",0.671224186700855
"1517","1566",0.675819762829548
"1518","1566",0.643809460848045
"1519","1566",0.693579103260806
"1520","1566",0.628088526229145
"1521","1566",0.767296330858409
"1530","1566",0.601623347253506
"1531","1566",0.60663468688305
"1532","1566",0.651504716650617
"1533","1566",0.609963057069778
"1534","1566",0.71164062453817
"1535","1566",0.692532884450658
"1537","1566",0.602238266918768
"1538","1566",0.694412842375424
"1539","1566",0.679626683251723
"1550","1566",0.715679544670978
"1551","1566",0.66635110396426
"1552","1566",0.634952164603263
"1559","1566",0.611581068738907
"1560","1566",0.612544413922817
"1562","1566",0.691467279224566
"1563","1566",0.674733242559287
"1565","1566",0.726816888109315
"81","1567",0.810201460135494
"83","1567",0.835211721520316
"1104","1567",0.731216911418249
"1106","1567",0.690154068712407
"1495","1567",0.728193244282227
"1501","1567",0.908405544701676
"1502","1567",0.901580691996862
"1503","1567",0.93237596633022
"1504","1567",0.924491121379229
"1507","1567",0.697579847119752
"1508","1567",0.75523990926451
"1509","1567",0.73647608288307
"1510","1567",0.748887166485681
"1511","1567",0.73259545771125
"1521","1567",0.660444709008302
"1522","1567",0.967128409332995
"1523","1567",0.704366599741044
"1524","1567",0.966751210495595
"1525","1567",0.705234049930334
"1526","1567",0.980070624650213
"1527","1567",0.703040074316757
"1528","1567",1
"1529","1567",0.70087951897877
"1530","1567",0.758470893998733
"1531","1567",0.734383673900552
"1535","1567",0.613034021700164
"1538","1567",0.632297251749357
"1539","1567",0.645839558298803
"1540","1567",0.962560762625744
"1541","1567",0.712444132663441
"1542","1567",0.682176429076621
"1543","1567",0.672360351927866
"1544","1567",0.689584397381567
"1545","1567",0.720667845815288
"1546","1567",0.653302567585512
"1547","1567",0.689096192619128
"1548","1567",0.719385258866241
"1549","1567",0.641100326227788
"1554","1567",0.973954927493748
"1555","1567",0.713593613992826
"1556","1567",0.72428574627437
"1557","1567",0.707776348930321
"1558","1567",0.730222998794463
"1559","1567",0.741677883680052
"1560","1567",0.775407364339339
"1561","1567",0.705857421945579
"1563","1567",0.63973037338499
"81","1568",0.601409320596705
"83","1568",0.621158930300006
"1501","1568",0.651497096267984
"1502","1568",0.652053251074558
"1503","1568",0.668307007902073
"1504","1568",0.662687429501498
"1522","1568",0.699891504337224
"1523","1568",0.984356630933421
"1524","1568",0.698712071197092
"1525","1568",0.990253534155895
"1526","1568",0.701014190752393
"1527","1568",0.983699004483092
"1528","1568",0.70087951897877
"1529","1568",1
"1540","1568",0.693787276639467
"1541","1568",0.984588593974301
"1554","1568",0.692995493369748
"1555","1568",0.991826861725162
"1567","1568",0.70087951897877
"112","1569",0.732449752242506
"1460","1569",0.712170179981127
"1462","1569",0.6434763715052
"1460","1570",0.642128337734879
"1569","1570",0.77605123683429
"112","1571",0.740137249128396
"1460","1571",0.72388071950879
"1462","1571",0.640642756696983
"1569","1571",0.892653196694584
"1570","1571",0.770971923136011
"1460","1572",0.64692331761255
"1569","1572",0.797318981767897
"1570","1572",0.920149611280905
"1571","1572",0.79199577393946
"688","1573",0.618140809804012
"689","1573",0.626828748093731
"864","1573",0.816288542153353
"865","1573",0.654072619581654
"866","1573",0.824412482157013
"867","1573",0.608188737607766
"868","1573",0.74777406910105
"870","1573",0.614736743445859
"876","1573",0.733344100995688
"877","1573",0.646391080898377
"878","1573",0.732844678746395
"880","1573",0.745666714497534
"1049","1573",0.6627224009793
"1051","1573",0.766637837228332
"1147","1573",0.683994710524519
"1148","1573",0.723651902185328
"1149","1573",0.697719925406759
"1150","1573",0.828920007468587
"864","1574",0.776206590234503
"866","1574",0.783760198006176
"868","1574",0.712405529541043
"876","1574",0.698945428623069
"877","1574",0.617656842489741
"878","1574",0.698479426532256
"880","1574",0.710440323921507
"1051","1574",0.661592059846192
"1147","1574",0.620422811660823
"1148","1574",0.689900035318202
"1149","1574",0.627558834774948
"1150","1574",0.787950264519138
"1573","1574",0.796517557724227
"689","1575",0.602664700035178
"864","1575",0.793388026385376
"865","1575",0.628696651712928
"866","1575",0.773294371463039
"868","1575",0.703282394390105
"876","1575",0.6900692058051
"877","1575",0.610225712333564
"878","1575",0.68961171454028
"880","1575",0.701353368504444
"1049","1575",0.637256087564737
"1051","1575",0.737471558602577
"1147","1575",0.65116885341127
"1148","1575",0.681188560005531
"1149","1575",0.665242362223769
"1150","1575",0.777403893389048
"1573","1575",0.844853276614773
"1574","1575",0.752543672146697
"688","1576",0.617302794518963
"864","1576",0.815038064343808
"866","1576",0.823144016570784
"867","1576",0.607369999371566
"868","1576",0.746672079953086
"870","1576",0.613905338401817
"876","1576",0.732272627389714
"877","1576",0.645497549927295
"878","1576",0.731774256417261
"880","1576",0.744569198719805
"1049","1576",0.604636611053636
"1051","1576",0.692357647880527
"1147","1576",0.648444766570262
"1148","1576",0.722600771834057
"1149","1576",0.656050211995197
"1150","1576",0.827641527668658
"1573","1576",0.815548940271703
"1574","1576",0.849780607579204
"1575","1576",0.765210854829206
"1586","1588",0.895778090350619
"1587","1589",0.699249679709094
"1586","1590",0.619271820650588
"1588","1590",0.622260475899538
"1573","1594",0.617934308006325
"1575","1594",0.60056376996693
"1114","1611",0.609891678406603
"1115","1611",0.649725089281717
"1505","1611",0.647590846638293
"1611","1613",0.616153978389462
"744","1635",0.636076657689566
"746","1635",0.715734823263627
"747","1635",0.657688345368623
"832","1635",0.648904082474899
"834","1635",0.65240948661953
"836","1635",0.704800803254513
"837","1635",0.652079127926354
"838","1635",0.739522512978276
"943","1635",0.645745001618373
"1248","1635",0.725202853443072
"1250","1635",0.634250508547634
"1260","1635",0.725202853443072
"1635","1636",0.6078484666845
"744","1637",0.634590374961994
"746","1637",0.713973050231433
"747","1637",0.656128784729421
"832","1637",0.647374441440599
"834","1637",0.650867928063318
"836","1637",0.70307770453457
"837","1637",0.650538693761923
"838","1637",0.737675696464266
"943","1637",0.644226075485016
"1248","1637",0.722494817319332
"1250","1637",0.631735687137054
"1260","1637",0.722494817319332
"1635","1637",0.979043830996703
"1636","1637",0.611756527877468
"1635","1638",0.638308559162573
"1636","1638",0.9299334657698
"1637","1638",0.637950753708759
"744","1639",0.602806330433604
"746","1639",0.676372797397057
"747","1639",0.62279586310862
"832","1639",0.614673766903022
"834","1639",0.617915391056463
"836","1639",0.666292852754897
"837","1639",0.617609917890896
"838","1639",0.698283605798709
"943","1639",0.611751878135095
"1248","1639",0.654313597588707
"1250","1639",0.601436212295494
"1260","1639",0.654313597588707
"1635","1639",0.722375062106656
"1637","1639",0.720375368355887
"744","1641",0.608306418043526
"746","1641",0.682868942514243
"747","1641",0.628561455060062
"832","1641",0.620331003434989
"834","1641",0.623615795862832
"836","1641",0.672649507242589
"837","1641",0.623306250339482
"838","1641",0.705086115526228
"943","1641",0.617370293104014
"1248","1641",0.67102079970587
"1250","1641",0.603301450597499
"1260","1641",0.67102079970587
"1635","1641",0.746085577791636
"1637","1641",0.743361050861079
"1639","1641",0.860521467141781
"1640","1642",0.821518217005591
"1643","1645",0.718417942723765
"1387","1651",0.613433622107666
"1649","1651",0.740744219958526
"1650","1652",0.901771132110382
"1650","1654",0.799274735049896
"1652","1654",0.809036783118905
"1649","1655",0.716571119623971
"1651","1655",0.772158924676105
"1650","1656",0.907544760162263
"1652","1656",0.915137573360407
"1654","1656",0.832532858402956
"1649","1657",0.709552074286788
"1651","1657",0.768428464460055
"1655","1657",0.730378060587032
"1650","1658",0.908047227624424
"1652","1658",0.915261194629033
"1654","1658",0.813102858470148
"1656","1658",0.94260348148221
"1650","1660",0.773794510926094
"1652","1660",0.77904109638911
"1654","1660",0.706710229358384
"1656","1660",0.811863984736046
"1658","1660",0.81027048506303
"1650","1662",0.706128846027659
"1652","1662",0.712413973836943
"1654","1662",0.646529204636638
"1656","1662",0.738598866227661
"1658","1662",0.739472452950312
"1660","1662",0.776987525941957
"276","1663",0.686024630852249
"921","1663",0.686024630852249
"923","1663",0.701815841098286
"929","1663",0.687920616059866
"931","1663",0.689514488033356
"1669","1673",1
"1670","1674",1
"1671","1675",1
"1672","1676",1
"1651","1679",0.634308574690339
"1650","1680",0.79970306845564
"1652","1680",0.817926610938074
"1654","1680",0.711868263515486
"1656","1680",0.818085125179352
"1658","1680",0.817787812183947
"1660","1680",0.709561955599893
"1662","1680",0.651081664735404
"1650","1683",0.652194811001845
"1652","1683",0.65586159853312
"1656","1683",0.682111413790061
"1658","1683",0.680309379691157
"1660","1683",0.689625777846154
"1662","1683",0.624933442207515
"1680","1683",0.601376290307369
"1650","1685",0.623458161221751
"1652","1685",0.626478355258931
"1656","1685",0.651715807108774
"1658","1685",0.64947279202076
"1660","1685",0.658048174360012
"1662","1685",0.63376613433388
"1497","1691",0.680607184689148
"1499","1691",0.671039776985565
"1690","1691",0.642313880964813
"1497","1692",0.629470308686535
"1498","1692",0.601306298750644
"1499","1692",0.628451857906893
"1690","1692",0.629282864052316
"1497","1693",0.696745288844314
"1499","1693",0.691958020271622
"1691","1693",0.681528085827421
"1692","1693",0.654172879288152
"1692","1694",0.632525939854358
"1497","1695",0.705047402134623
"1499","1695",0.699317143125527
"1691","1695",0.696699524684467
"1692","1695",0.652473296452132
"1693","1695",0.718719712446145
"1692","1696",0.641873044976651
"1497","1697",0.705034594228724
"1499","1697",0.694969757806831
"1691","1697",0.74506199902144
"1692","1697",0.610578705388244
"1693","1697",0.706003548990586
"1695","1697",0.721971006812995
"1692","1698",0.634180975734792
"1497","1699",0.637826729643658
"1499","1699",0.629112116964124
"1691","1699",0.672407350891846
"1693","1699",0.638665278743872
"1695","1699",0.652473332583009
"1697","1699",0.696408231730165
"1692","1700",0.63612235754503
"1497","1701",0.646539405990857
"1499","1701",0.641266212644447
"1691","1701",0.63934994901521
"1693","1701",0.657851517533681
"1695","1701",0.665052613303704
"1697","1701",0.661656278001681
"1699","1701",0.682291877403503
"1692","1702",0.619711261525715
"1497","1703",0.684457276954472
"1499","1703",0.655411879847358
"1691","1703",0.654135388714253
"1692","1703",0.609820042665361
"1693","1703",0.672476915094936
"1695","1703",0.679960920768653
"1697","1703",0.677194631557909
"1699","1703",0.656505638709522
"1701","1703",0.695018623728966
"1710","1711",0.705787081824485
"1711","1713",0.619006402063411
"1722","1724",1
"1735","1743",1
"1736","1744",1
"1418","1745",0.64438325154785
"1420","1745",0.631991689181054
"1443","1745",0.72636454174693
"1444","1745",0.720904516997617
"1445","1745",0.724216930212194
"1418","1747",0.668304991882997
"1420","1747",0.654331565018283
"1422","1747",0.612060270249985
"1443","1747",0.753726060791754
"1444","1747",0.742966619602554
"1445","1747",0.752198806699829
"1745","1747",0.78855123432945
"1746","1748",0.930552818710376
"292","1757",0.685059720845396
"294","1757",0.700477671186186
"296","1757",0.681717273852525
"489","1757",0.607878600908751
"516","1757",0.729979624636655
"517","1757",0.719886140841383
"518","1757",0.724061933066935
"519","1757",0.722513385071733
"534","1757",0.636682350198571
"535","1757",0.663457622385834
"536","1757",0.662813743977218
"537","1757",0.694161925065168
"538","1757",0.673038454474288
"539","1757",0.675168064105043
"953","1757",0.685059720845396
"955","1757",0.700477671186186
"957","1757",0.681717273852525
"1172","1757",0.627787918434211
"1230","1757",0.660201831843027
"1232","1757",0.648701158106452
"1234","1757",0.630260070542603
"1238","1757",0.603921031765599
"1240","1757",0.652448985599206
"1242","1757",0.61036644886011
"1458","1757",0.712937841628845
"1759","1760",0.692418151255947
"783","1762",0.838153262682063
"785","1762",0.83830219558196
"1118","1762",0.711339907671582
"1119","1762",0.666513606877527
"1335","1762",0.838153262682063
"1336","1762",0.831240352601945
"1338","1762",0.834126851811219
"1340","1762",0.837729807613424
"1342","1762",0.839295382182009
"1344","1762",0.830192424347517
"1346","1762",0.827823997015396
"1358","1762",0.632087611396731
"1393","1762",0.756267292395187
"1395","1762",0.800245347651563
"1397","1762",0.812529953540454
"783","1764",0.750777133054179
"785","1764",0.750904222418528
"1118","1764",0.64199965117181
"1119","1764",0.603257225962217
"1335","1764",0.750777133054179
"1336","1764",0.744876504368064
"1338","1764",0.747340708521527
"1340","1764",0.750415776863281
"1342","1764",0.751751703996849
"1344","1764",0.743981750993891
"1346","1764",0.741959245027453
"1393","1764",0.680671001699374
"1395","1764",0.718380653055976
"1397","1764",0.728889888522009
"1762","1764",0.6986196796079
"217","1766",0.62530932997202
"783","1766",0.94596540396807
"785","1766",0.943919142375463
"1118","1766",0.768083538786863
"1119","1766",0.718099206582158
"1335","1766",0.94596540396807
"1336","1766",0.936288649284807
"1338","1766",0.938996365915661
"1340","1766",0.943341269972006
"1342","1766",0.945343873238688
"1344","1766",0.935418639258011
"1346","1766",0.932649652010514
"1356","1766",0.635563080791306
"1358","1766",0.693658200478005
"1393","1766",0.818344510882896
"1395","1766",0.898892163416536
"1397","1766",0.896819208536926
"1762","1766",0.841793102920639
"1764","1766",0.75388271096007
"217","1768",0.618960692650634
"783","1768",0.930998636309841
"785","1768",0.929304158299168
"1118","1768",0.759561782742654
"1119","1768",0.710361749267378
"1335","1768",0.930998636309841
"1336","1768",0.921929794553276
"1338","1768",0.924430696792312
"1340","1768",0.928935888881814
"1342","1768",0.93064153645436
"1344","1768",0.920388823738958
"1346","1768",0.91812623158965
"1356","1768",0.629065441072463
"1358","1768",0.683465060452216
"1393","1768",0.809010108893755
"1395","1768",0.885008513758043
"1397","1768",0.882938434843615
"1762","1768",0.832071662447764
"1764","1768",0.745586250282817
"1766","1768",0.933488788651335
"217","1770",0.62919644108308
"783","1770",0.964893869912471
"785","1770",0.96753752630296
"1118","1770",0.773306317115083
"1119","1770",0.722839675208825
"1120","1770",0.602780563051402
"1335","1770",0.964893869912471
"1336","1770",0.954459624951808
"1338","1770",0.961232145203749
"1340","1770",0.965846514252592
"1342","1770",0.968467694608222
"1344","1770",0.955253185662608
"1346","1770",0.951590589963473
"1356","1770",0.639541701012716
"1358","1770",0.700935704662317
"1393","1770",0.824067316658906
"1395","1770",0.908463508267982
"1397","1770",0.90656631415559
"1762","1770",0.847754154503083
"1764","1770",0.758966914107369
"1766","1770",0.957351460181064
"1768","1770",0.941929299731968
"217","1772",0.630106877100726
"783","1772",0.967396344295635
"785","1772",0.969830625296074
"1118","1772",0.774530150198684
"1119","1772",0.72395031266878
"1120","1772",0.603636956701384
"1335","1772",0.967396344295635
"1336","1772",0.956840245769956
"1338","1772",0.963574260664614
"1340","1772",0.967970921703796
"1342","1772",0.97091517397524
"1344","1772",0.95800813583526
"1346","1772",0.954122175036607
"1356","1772",0.640473600546972
"1358","1772",0.702475102857562
"1393","1772",0.82540853488945
"1395","1772",0.910045782700817
"1397","1772",0.908662018235638
"1762","1772",0.849151313439667
"1764","1772",0.760158221206576
"1766","1772",0.958798862187071
"1768","1772",0.943167094779452
"1770","1772",0.983742416822624
"217","1774",0.619519250748844
"783","1774",0.938524904422655
"785","1774",0.936247249188241
"1118","1774",0.760311114659639
"1119","1774",0.711042249871683
"1335","1774",0.938524904422655
"1336","1774",0.928710231180437
"1338","1774",0.931400945412639
"1340","1774",0.935608205622739
"1342","1774",0.937692984263942
"1344","1774",0.928136730435712
"1346","1774",0.925226633209724
"1356","1774",0.654947850874132
"1358","1774",0.71339334109949
"1393","1774",0.809830736758945
"1395","1774",0.89179472783851
"1397","1774",0.888979591295362
"1762","1774",0.832926238457942
"1764","1774",0.746315812215488
"1766","1774",0.939913062582914
"1768","1774",0.925300698628935
"1770","1774",0.949868771153227
"1772","1774",0.951357457317346
"217","1776",0.605154379239842
"783","1776",0.914857175687794
"785","1776",0.912477077111963
"1118","1776",0.741065984853976
"1119","1776",0.693556646327913
"1335","1776",0.914857175687794
"1336","1776",0.905132390614543
"1338","1776",0.907850969578529
"1340","1776",0.911710957276099
"1342","1776",0.913907238036696
"1344","1776",0.905092504943603
"1346","1776",0.901951094212414
"1356","1776",0.641301759232478
"1358","1776",0.69955922362974
"1393","1776",0.788764495727083
"1395","1776",0.869812421053404
"1397","1776",0.867091467426503
"1762","1776",0.81099334572124
"1764","1776",0.727575919164964
"1766","1776",0.915714249906167
"1768","1776",0.901062943476394
"1770","1776",0.925942428496316
"1772","1776",0.927516836331491
"1774","1776",0.949278668181037
"217","1778",0.609327424998502
"783","1778",0.914695354607525
"785","1778",0.912945352690352
"1118","1778",0.746651148658473
"1119","1778",0.698632960317264
"1335","1778",0.914695354607525
"1336","1778",0.905378087320556
"1338","1778",0.908344376230009
"1340","1778",0.91209880543178
"1342","1778",0.91430687471659
"1344","1778",0.905377774806387
"1346","1778",0.902145836212531
"1356","1778",0.642686237931049
"1358","1778",0.699406057520139
"1393","1778",0.794876014174215
"1395","1778",0.870497218645835
"1397","1778",0.871504471919333
"1762","1778",0.817355247541288
"1764","1778",0.733015000341657
"1766","1778",0.916141348874038
"1768","1778",0.902096434249876
"1770","1778",0.925775411794514
"1772","1778",0.927442765980808
"1774","1778",0.945457939570314
"1776","1778",0.925639847087397
"217","1780",0.610414610478465
"783","1780",0.909887898681991
"785","1780",0.909372138167424
"1118","1780",0.748106986371533
"1119","1780",0.699955918936772
"1335","1780",0.909887898681991
"1336","1780",0.901903827289434
"1338","1780",0.90431714997302
"1340","1780",0.908906947151778
"1342","1780",0.910830086791477
"1344","1780",0.899658595475743
"1346","1780",0.898127895314738
"1356","1780",0.643546097742132
"1358","1780",0.68587015754788
"1393","1780",0.796469343290119
"1395","1780",0.858606817740745
"1397","1780",0.857171288725475
"1762","1780",0.819013994465631
"1764","1780",0.734432686501837
"1766","1780",0.906720715961695
"1768","1780",0.896164483294258
"1770","1780",0.920077946122152
"1772","1780",0.921639058343768
"1774","1780",0.93208608574387
"1776","1780",0.909816906291725
"1778","1780",0.909284168228299
"112","1782",0.746707769451018
"1271","1782",0.605272905902711
"1272","1783",0.661717352302941
"1784","1786",0.790527441938768
"1785","1787",0.755342770768096
"1784","1788",0.740967751520466
"1786","1788",0.712428070480812
"1785","1789",0.706832847952327
"1787","1789",0.682992517831033
"1784","1790",0.676209941282975
"1786","1790",0.684095962931919
"1788","1790",0.645201992649729
"1635","1791",0.622456556971521
"1637","1791",0.610733876104996
"1782","1791",0.626297959568388
"1783","1792",0.715336926604158
"1635","1793",0.630300347444918
"1637","1793",0.617898237511496
"1791","1793",0.961324542427891
"1783","1794",0.684564884735763
"1792","1794",0.959701555658105
"1785","1795",0.68947692130154
"1787","1795",0.603666398865818
"1791","1795",0.759464636352864
"1793","1795",0.757014891760594
"1784","1796",0.669668473433368
"1569","1797",0.615798551516272
"1571","1797",0.623215093933093
"1460","1798",0.651659336721912
"1569","1798",0.771496927383627
"1570","1798",0.715636393701181
"1571","1798",0.78477710449047
"1572","1798",0.721243480312479
"838","1799",0.617359913228091
"1248","1799",0.603722322061429
"1260","1799",0.603722322061429
"1635","1799",0.676439385884716
"1637","1799",0.66578835338742
"1639","1799",0.614496568662504
"1641","1799",0.622357637717173
"1791","1799",0.939493507780326
"1793","1799",0.941868770775983
"1795","1799",0.808862741532694
"1783","1800",0.606337485265533
"1792","1800",0.921533723923285
"1794","1800",0.930795506216291
"1796","1800",0.65847970023528
"838","1801",0.610496331780542
"1635","1801",0.670411548704077
"1637","1801",0.660140295840359
"1639","1801",0.607008054745124
"1641","1801",0.611581037209993
"1791","1801",0.937557960170601
"1793","1801",0.934022319546679
"1795","1801",0.805364066378182
"1799","1801",0.980322212145429
"1783","1802",0.656088625624404
"1792","1802",0.919454898453546
"1794","1802",0.92192472602835
"1796","1802",0.629340998040028
"1800","1802",0.95721361797035
"1785","1803",0.629557150644842
"1791","1803",0.698790157177522
"1793","1803",0.693013289743573
"1795","1803",0.820349035105506
"1799","1803",0.736891842670506
"1801","1803",0.744922996692881
"1784","1804",0.602451153075593
"1786","1804",0.611123551083844
"1796","1804",0.621164144482379
"746","1805",0.659103882852578
"747","1805",0.607455005523837
"834","1805",0.602746709521065
"836","1805",0.649391867815701
"837","1805",0.602451993263593
"838","1805",0.680206938789538
"1248","1805",0.66391605594967
"1260","1805",0.66391605594967
"1635","1805",0.73531333328542
"1637","1805",0.725095130556405
"1639","1805",0.691236873500495
"1641","1805",0.694630569777701
"1791","1805",0.789960687718156
"1793","1805",0.794001981009989
"1795","1805",0.808747440466591
"1799","1805",0.883416906649268
"1801","1805",0.877250406534661
"1803","1805",0.791069818221355
"1796","1806",0.814177527105845
"1800","1806",0.699212517754644
"1802","1806",0.674707541520719
"1804","1806",0.61575468978535
"746","1807",0.666818263010603
"747","1807",0.614310616415042
"832","1807",0.606347205789056
"834","1807",0.609525607531105
"836","1807",0.656942407688317
"837","1807",0.609226098405468
"838","1807",0.688280953422222
"943","1807",0.603482176660807
"1248","1807",0.674711723821789
"1260","1807",0.674711723821789
"1635","1807",0.755003060442151
"1637","1807",0.744515367455937
"1639","1807",0.694270313175144
"1641","1807",0.699840353930773
"1791","1807",0.790864232477607
"1793","1807",0.797751217938937
"1795","1807",0.806614116811442
"1799","1807",0.889186137063294
"1801","1807",0.886516834598326
"1803","1807",0.783857051841867
"1805","1807",0.95320435117567
"1796","1808",0.808411825313757
"1800","1808",0.685485289796385
"1802","1808",0.664830794918513
"1806","1808",0.951355974159843
"1785","1809",0.651998499129538
"1791","1809",0.71929691616589
"1793","1809",0.71259065769049
"1795","1809",0.816304876721495
"1799","1809",0.765911365280126
"1801","1809",0.776756216884389
"1803","1809",0.9130492859119
"1805","1809",0.804256715398287
"1807","1809",0.797289252819301
"1784","1810",0.617438072322056
"1786","1810",0.612854910648003
"1796","1810",0.631973897400454
"1804","1810",0.864217350267446
"1806","1810",0.615921986331855
"1808","1810",0.605084315246096
"1785","1811",0.659954713299248
"1791","1811",0.685556024748934
"1793","1811",0.683225173508497
"1795","1811",0.799287368777159
"1799","1811",0.732457868461186
"1801","1811",0.742506956739036
"1803","1811",0.881843810327508
"1805","1811",0.762255983536932
"1807","1811",0.767889345266839
"1809","1811",0.896637035207495
"1784","1812",0.659378647493377
"1786","1812",0.636643581877963
"1788","1812",0.634102644915376
"1796","1812",0.630878039162617
"1804","1812",0.867725760345576
"1806","1812",0.604163855045114
"1808","1812",0.601669774971325
"1810","1812",0.89268765782948
"1785","1813",0.742984847679903
"1787","1813",0.652528838200379
"1795","1813",0.718746278047343
"1801","1813",0.609236990621851
"1803","1813",0.760224903072311
"1809","1813",0.779369823519022
"1811","1813",0.811609580829513
"1784","1814",0.745467788426209
"1786","1814",0.730717056786106
"1788","1814",0.688762933884864
"1790","1814",0.62985432726553
"1804","1814",0.752142830274178
"1810","1814",0.762147794636708
"1812","1814",0.802562075046012
"1815","1817",0.766978885694296
"1815","1819",0.768550149929398
"1817","1819",0.804237412554125
"1821","1823",0.670169706455059
"1569","1832",0.602739606163113
"1829","1833",0.650405411714907
"1831","1833",0.683915428988876
"1569","1838",0.691962069393148
"1570","1838",0.608760329895007
"1571","1838",0.703139172180502
"1572","1838",0.613200430183727
"1798","1838",0.62679616071672
"1569","1839",0.694883407508952
"1570","1839",0.693319200382142
"1571","1839",0.706938063059918
"1572","1839",0.698675461656323
"1798","1839",0.658011765359386
"1833","1839",0.630545714034648
"1837","1839",0.610297541981922
"1569","1840",0.629633519371975
"1571","1840",0.63940366253285
"1569","1841",0.65051190129477
"1570","1841",0.649089509308961
"1571","1841",0.661469440870333
"1572","1841",0.653959634700328
"1798","1841",0.61694885440128
"1842","1844",0.754155801567923
"1843","1845",0.865088623771109
"1842","1846",0.721572817194674
"1844","1846",0.730619542871751
"1843","1847",0.789421836573702
"1845","1847",0.865306765535936
"1842","1848",0.758845353512329
"1844","1848",0.757455928018361
"1846","1848",0.697146594118908
"1843","1849",0.800295385451732
"1845","1849",0.875408280876734
"1847","1849",0.821054232865033
"1842","1850",0.721572817194674
"1844","1850",0.730619542871751
"1846","1850",1
"1848","1850",0.697146594118908
"1843","1851",0.789421836573702
"1845","1851",0.865306765535936
"1847","1851",1
"1849","1851",0.821054232865033
"1842","1852",0.758845353512329
"1844","1852",0.757455928018361
"1846","1852",0.697146594118908
"1848","1852",1
"1850","1852",0.697146594118908
"1843","1853",0.800295385451732
"1845","1853",0.875408280876734
"1847","1853",0.821054232865033
"1849","1853",1
"1851","1853",0.821054232865033
"1569","1858",0.670592610582689
"1570","1858",0.608381397766426
"1571","1858",0.681348876701653
"1572","1858",0.61281751938406
"1798","1858",0.616487746292628
"1840","1858",0.602426589873225
"1841","1858",0.617451285846452
"1841","1859",0.635919731408477
"1858","1859",0.614642985714051
"1231","1860",1
"1233","1860",0.904276432382063
"1235","1860",0.811109710420088
"292","1861",0.776256893264953
"294","1861",0.780725426517556
"296","1861",0.772374367348568
"473","1861",0.631113818307091
"487","1861",0.644750637153674
"489","1861",0.672215749354069
"516","1861",0.828376111116695
"517","1861",0.816885696810989
"518","1861",0.820639394121924
"519","1861",0.820620521552608
"534","1861",0.718919706526862
"535","1861",0.749448253318455
"536","1861",0.749036196304441
"537","1861",0.785799362385417
"538","1861",0.747811638473835
"539","1861",0.750290792721673
"750","1861",0.602109665722076
"953","1861",0.776256893264953
"955","1861",0.780725426517556
"957","1861",0.772374367348568
"1172","1861",0.695259329112127
"1174","1861",0.672718524855759
"1230","1861",0.912694346674697
"1232","1861",1
"1234","1861",0.850210089968495
"1236","1861",0.70728432940646
"1238","1861",0.772182599389492
"1240","1861",0.765347467784829
"1242","1861",0.71056363038636
"1256","1861",0.648329057841801
"1258","1861",0.646962049416864
"1264","1861",0.648329057841801
"1458","1861",0.808460859929682
"1757","1861",0.648701158106452
"1231","1862",0.904276432382063
"1233","1862",1
"1235","1862",0.834692405671897
"1860","1862",0.904276432382063
"292","1863",0.738595377848953
"294","1863",0.74407071832299
"296","1863",0.734870610658162
"473","1863",0.613384696382839
"487","1863",0.626470230086973
"489","1863",0.652809336564948
"516","1863",0.788733169742476
"517","1863",0.777454545609972
"518","1863",0.782119770913042
"519","1863",0.780389577526483
"534","1863",0.684768574359036
"535","1863",0.720361010334089
"536","1863",0.713820856121404
"537","1863",0.748742969774085
"538","1863",0.725203033742463
"539","1863",0.727574733448533
"953","1863",0.738595377848953
"955","1863",0.74407071832299
"957","1863",0.734870610658162
"1172","1863",0.674892447772606
"1174","1863",0.658726436684217
"1230","1863",0.873206369926416
"1232","1863",0.850210089968495
"1234","1863",1
"1236","1863",0.689229484986896
"1238","1863",0.751110125238583
"1240","1863",0.749354501435865
"1242","1863",0.695468765040527
"1256","1863",0.629903123364768
"1258","1863",0.628591750688783
"1264","1863",0.629903123364768
"1458","1863",0.769694611942239
"1757","1863",0.630260070542603
"1861","1863",0.850210089968495
"1231","1864",0.811109710420088
"1233","1864",0.834692405671897
"1235","1864",1
"1860","1864",0.811109710420088
"1862","1864",0.834692405671897
"1237","1865",1
"1239","1865",0.683237479083707
"292","1866",0.705558503494571
"294","1866",0.710683861183113
"296","1866",0.702071224451273
"487","1866",0.600357213342258
"489","1866",0.625113420961152
"516","1866",0.75245344943279
"517","1866",0.741911632559977
"518","1866",0.746272593049515
"519","1866",0.744655325734632
"534","1866",0.655115140413245
"535","1866",0.683025759780478
"536","1866",0.682354340341036
"537","1866",0.71505664114472
"538","1866",0.693017762330806
"539","1866",0.695239110926895
"953","1866",0.705558503494571
"955","1866",0.710683861183113
"957","1866",0.702071224451273
"1172","1866",0.645848146440165
"1174","1866",0.626554890096397
"1230","1866",0.788494033565039
"1232","1866",0.772182599389492
"1234","1866",0.751110125238583
"1236","1866",0.791543587694515
"1238","1866",1
"1240","1866",0.811839925753056
"1242","1866",0.758052243276382
"1256","1866",0.603585397695489
"1258","1866",0.602352281441411
"1264","1866",0.603585397695489
"1458","1866",0.751053015215138
"1757","1866",0.603921031765599
"1861","1866",0.772182599389492
"1863","1866",0.751110125238583
"1237","1867",0.683237479083707
"1239","1867",1
"1865","1867",0.683237479083707
"292","1868",0.766539891718993
"294","1868",0.772316951817764
"296","1868",0.762610438657637
"473","1868",0.63471592058771
"487","1868",0.648465570644632
"489","1868",0.676161266258388
"516","1868",0.819476761274384
"517","1868",0.807561495334955
"518","1868",0.812489575832792
"519","1868",0.8106618176811
"534","1868",0.709801079734292
"535","1868",0.741168066172384
"536","1868",0.74041270822542
"537","1868",0.77724744959922
"538","1868",0.752413767392427
"539","1868",0.754914976496873
"750","1868",0.6054755484322
"953","1868",0.766539891718993
"955","1868",0.772316951817764
"957","1868",0.762610438657637
"1172","1868",0.699401659137411
"1174","1868",0.685953363257426
"1230","1868",0.782383253947952
"1232","1868",0.765347467784829
"1234","1868",0.749354501435865
"1236","1868",0.767609490673205
"1238","1868",0.811839925753056
"1240","1868",1
"1242","1868",0.827906824734616
"1256","1868",0.652073783096931
"1258","1868",0.650695384822837
"1264","1868",0.652073783096931
"1458","1868",0.816228425419658
"1757","1868",0.652448985599206
"1861","1868",0.765347467784829
"1863","1868",0.749354501435865
"1866","1868",0.811839925753056
"1241","1869",1
"292","1870",0.713629238418049
"294","1870",0.71883940999548
"296","1870",0.710084401025188
"487","1870",0.606747706382771
"489","1870",0.631888453185472
"516","1870",0.761309647740959
"517","1870",0.750589442861808
"518","1870",0.755024074114791
"519","1870",0.753379465221573
"534","1870",0.66236537363103
"535","1870",0.690726743268111
"536","1870",0.690044385261287
"537","1870",0.723284754619658
"538","1870",0.70088207704595
"539","1870",0.703139873958682
"953","1870",0.713629238418049
"955","1870",0.71883940999548
"957","1870",0.710084401025188
"1172","1870",0.652950548537652
"1174","1870",0.638419004326205
"1230","1870",0.725575253232657
"1232","1870",0.71056363038636
"1234","1870",0.695468765040527
"1236","1870",0.716785132884575
"1238","1870",0.758052243276382
"1240","1870",0.827906824734616
"1242","1870",1
"1256","1870",0.610025635865103
"1258","1870",0.608773503485276
"1264","1870",0.610025635865103
"1458","1870",0.759686629297924
"1757","1870",0.61036644886011
"1861","1870",0.71056363038636
"1863","1870",0.695468765040527
"1866","1870",0.758052243276382
"1868","1870",0.827906824734616
"1243","1871",1
"1879","1881",0.606594791686289
"1677","1882",1
"1678","1883",1
"292","1892",0.713680571130793
"294","1892",0.728061011024972
"296","1892",0.710135366688597
"487","1892",0.606788328678158
"489","1892",0.631931525807535
"516","1892",0.761365990349672
"517","1892",0.750644647504195
"518","1892",0.755079748703928
"519","1892",0.753434965396594
"534","1892",0.66241147500597
"535","1892",0.690775718258807
"536","1892",0.690093290508756
"537","1892",0.723337090986864
"538","1892",0.700932093465923
"539","1892",0.703190122791228
"953","1892",0.713680571130793
"955","1892",0.728061011024972
"957","1892",0.710135366688597
"1172","1892",0.652995707609354
"1174","1892",0.601747691196065
"1230","1892",0.687325170810758
"1232","1892",0.675139940536234
"1234","1892",0.6556124307068
"1238","1892",0.627746418710717
"1240","1892",0.679110265451702
"1242","1892",0.634562757950616
"1256","1892",0.610066575111892
"1258","1892",0.608814321569632
"1264","1892",0.610066575111892
"1458","1892",0.743266272619098
"1757","1892",0.628990076047079
"1861","1892",0.675139940536234
"1863","1892",0.6556124307068
"1866","1892",0.627746418710717
"1868","1892",0.679110265451702
"1870","1892",0.634562757950616
"292","1894",0.677734975334207
"294","1894",0.682571411158587
"296","1894",0.674443801124785
"489","1894",0.601710614936748
"516","1894",0.721956167028024
"517","1894",0.712021213188026
"518","1894",0.71613152481077
"519","1894",0.714607276976909
"534","1894",0.630089483150993
"535","1894",0.656462427632339
"536","1894",0.655828304988043
"537","1894",0.686697038273891
"538","1894",0.665897634336419
"539","1894",0.667994758135532
"953","1894",0.677734975334207
"955","1894",0.682571411158587
"957","1894",0.674443801124785
"1172","1894",0.62132714641478
"1230","1894",0.653255927112517
"1232","1894",0.641928553683947
"1234","1894",0.62376266271635
"1240","1894",0.645620045890964
"1242","1894",0.604162098684204
"1458","1894",0.705181538240183
"1861","1894",0.641928553683947
"1863","1894",0.62376266271635
"1868","1894",0.645620045890964
"1870","1894",0.604162098684204
"1892","1894",0.692428454708855
"1893","1895",0.846129562795697
"292","1896",0.678673693199327
"294","1896",0.683519787951248
"296","1896",0.675375962261582
"489","1896",0.602501369803948
"516","1896",0.72298422149199
"517","1896",0.713029000447842
"518","1896",0.717147683571966
"519","1896",0.715620329060371
"534","1896",0.630934594588034
"535","1896",0.657359000180152
"536","1896",0.656723629803993
"537","1896",0.68765367656527
"538","1896",0.666812831265353
"539","1896",0.668914109590267
"953","1896",0.678673693199327
"955","1896",0.683519787951248
"957","1896",0.675375962261582
"1172","1896",0.622155359659753
"1230","1896",0.654146195563376
"1232","1896",0.642796656236943
"1234","1896",0.624595562686295
"1240","1896",0.646495354177527
"1242","1896",0.604957506198793
"1458","1896",0.706175437714458
"1861","1896",0.642796656236943
"1863","1896",0.624595562686295
"1868","1896",0.646495354177527
"1870","1896",0.604957506198793
"1892","1896",0.604997955719599
"516","1898",0.627353094120552
"517","1898",0.61922416696289
"518","1898",0.622588295730262
"519","1898",0.621340925911579
"1458","1898",0.613622963919397
"1893","1899",0.684432044544341
"1895","1899",0.629102844955333
"292","1900",0.65598600318338
"294","1900",0.660600420006177
"296","1900",0.652845555965805
"516","1900",0.698154674097186
"517","1900",0.688685176860661
"518","1900",0.69260321573398
"519","1900",0.691150318508164
"534","1900",0.610493520443494
"535","1900",0.635682510057462
"536","1900",0.63507708447561
"537","1900",0.664536169686384
"538","1900",0.644689420857198
"539","1900",0.64669101857095
"953","1900",0.65598600318338
"955","1900",0.660600420006177
"957","1900",0.652845555965805
"1172","1900",0.602120130922878
"1230","1900",0.632621004507966
"1232","1900",0.621803541861846
"1234","1900",0.604447763648228
"1240","1900",0.625329255356913
"1458","1900",0.682164510444605
"1861","1900",0.621803541861846
"1863","1900",0.604447763648228
"1868","1900",0.625329255356913
"1893","1901",0.799188103078524
"1895","1901",0.730304716408634
"1899","1901",0.623989724124005
"292","1902",0.645406026044884
"294","1902",0.649913678887061
"296","1902",0.642338070291371
"516","1902",0.686588348087113
"517","1902",0.677342400517293
"518","1902",0.68116808570628
"519","1902",0.679749458601526
"534","1902",0.600949834558865
"535","1902",0.625568742025973
"536","1902",0.624977127871252
"537","1902",0.653758134861123
"538","1902",0.634369557932337
"539","1902",0.636325198104733
"953","1902",0.645406026044884
"955","1902",0.649913678887061
"957","1902",0.642338070291371
"1230","1902",0.62257702339306
"1232","1902",0.612005047832558
"1240","1902",0.615450939219003
"1458","1902",0.670974990145554
"1861","1902",0.612005047832558
"1868","1902",0.615450939219003
"292","1910",0.706128451891362
"294","1910",0.711259784358621
"296","1910",0.702637117976873
"487","1910",0.600808746186092
"489","1910",0.625592063062752
"516","1910",0.753078721936178
"517","1910",0.742524341940302
"518","1910",0.746890490868097
"519","1910",0.745271297976468
"534","1910",0.655627275882103
"535","1910",0.683569658069874
"536","1910",0.682897467907617
"537","1910",0.715637676013613
"538","1910",0.693573168343788
"539","1910",0.695797084837287
"953","1910",0.706128451891362
"955","1910",0.711259784358621
"957","1910",0.702637117976873
"1172","1910",0.646349863249815
"1230","1910",0.680170830905463
"1232","1910",0.668167363678442
"1234","1910",0.64892822218726
"1238","1910",0.621467304091858
"1240","1910",0.672078616372379
"1242","1910",0.628185263638693
"1256","1910",0.604040437782182
"1258","1910",0.60280598082145
"1264","1910",0.604040437782182
"1458","1910",0.735260314253813
"1757","1910",0.604376436983155
"1861","1910",0.668167363678442
"1863","1910",0.64892822218726
"1866","1910",0.621467304091858
"1868","1910",0.672078616372379
"1870","1910",0.628185263638693
"1892","1910",0.728207589883375
"1894","1910",0.658571948968471
"1893","1911",0.82531189649584
"1895","1911",0.769070021230417
"1899","1911",0.621918978589159
"1901","1911",0.721402083009007
"516","1912",0.628535141120494
"517","1912",0.620384389277142
"518","1912",0.623757537521904
"519","1912",0.62250682132818
"1458","1912",0.614768208885684
"292","1914",0.666241251942711
"294","1914",0.670959933033912
"296","1914",0.663030016969426
"516","1914",0.709373594814479
"517","1914",0.699685607057479
"518","1914",0.703693903984428
"519","1914",0.702207513352676
"534","1914",0.619737343949603
"535","1914",0.645482599016766
"536","1914",0.644863692718174
"537","1914",0.674984847804294
"538","1914",0.654690693072996
"539","1914",0.656737158967577
"953","1914",0.666241251942711
"955","1914",0.670959933033912
"957","1914",0.663030016969426
"1172","1914",0.611181170971764
"1230","1914",0.642352979596012
"1232","1914",0.631295955424794
"1234","1914",0.613559505062087
"1240","1914",0.634899557345208
"1458","1914",0.693015179697424
"1861","1914",0.631295955424794
"1863","1914",0.613559505062087
"1868","1914",0.634899557345208
"292","1916",0.653477753677888
"294","1916",0.658066785448874
"296","1916",0.650354541999457
"516","1916",0.695411863140981
"517","1916",0.68599553533918
"518","1916",0.689891609179853
"519","1916",0.688446862709946
"534","1916",0.608231610867712
"535","1916",0.633285097510149
"536","1916",0.632682955150387
"537","1916",0.661980827574552
"538","1916",0.642243013690681
"539","1916",0.644233685432889
"953","1916",0.653477753677888
"955","1916",0.658066785448874
"957","1916",0.650354541999457
"1230","1916",0.630240181362375
"1232","1916",0.619481070885573
"1234","1916",0.602218036103763
"1240","1916",0.622987811356952
"1458","1916",0.679511317080389
"1861","1916",0.619481070885573
"1863","1916",0.602218036103763
"1868","1916",0.622987811356952
"292","1918",0.616281050647177
"294","1918",0.620499079206609
"296","1918",0.613409780517631
"516","1918",0.654789863656643
"517","1918",0.646149423736465
"518","1918",0.649724929821767
"519","1918",0.64839913299792
"537","1918",0.624095925131561
"538","1918",0.605950460730725
"539","1918",0.607781358505356
"953","1918",0.616281050647177
"955","1918",0.620499079206609
"957","1918",0.613409780517631
"1458","1918",0.64019726500417
"1892","1918",0.615706062202815
"1910","1918",0.60328259399515
"1893","1919",0.688356223070112
"1895","1919",0.632578504775269
"1901","1919",0.627424724466235
"1911","1919",0.625337551851434
"1931","1933",0.675311569395158
"871","1934",0.676611547711965
"872","1934",0.778078449047528
"873","1934",0.626252812592287
"874","1934",0.787903442395758
"872","1935",0.869983328013406
"874","1935",0.862208897958742
"1934","1935",0.823158885310854
"871","1936",0.673403514287864
"872","1936",0.777693855874839
"873","1936",0.624879653592447
"874","1936",0.792506414385254
"1934","1936",0.940869338473382
"1935","1936",0.822741756198021
"872","1937",0.89846307081939
"874","1937",0.882944214207065
"1934","1937",0.842547166382144
"1935","1937",0.939143585622155
"1936","1937",0.842115806445896
"1381","1938",0.609774040865269
"1385","1938",0.612821484574441
"1387","1938",0.655140371929767
"1388","1938",0.615404471952976
"1649","1938",0.734342710751751
"1651","1938",0.814326946261891
"1655","1938",0.782796994561908
"1657","1938",0.769047477303231
"1679","1938",0.626290621079715
"1650","1939",0.79673911977662
"1652","1939",0.817879132842179
"1654","1939",0.709210133596229
"1656","1939",0.822670232619321
"1658","1939",0.835833086616111
"1660","1939",0.708580723873221
"1662","1939",0.679503060374489
"1680","1939",0.765952640631295
"1381","1940",0.601915530254722
"1385","1940",0.600645860933984
"1387","1940",0.652282800308012
"1649","1940",0.717336610197172
"1651","1940",0.79063077968965
"1655","1940",0.766728077226802
"1657","1940",0.746136823073504
"1679","1940",0.60753015766984
"1938","1940",0.846524562016082
"1650","1941",0.786813217182368
"1652","1941",0.818151002959706
"1654","1941",0.710065620717089
"1656","1941",0.822910001662399
"1658","1941",0.846815475748208
"1660","1941",0.709385752926326
"1662","1941",0.666037539213394
"1680","1941",0.771156409159298
"1939","1941",0.902429922492899
"1387","1942",0.626148804366507
"1388","1942",0.610672392609686
"1649","1942",0.750986611920921
"1651","1942",0.828454987408788
"1655","1942",0.784433525688348
"1657","1942",0.781882232889942
"1679","1942",0.63315552869193
"1938","1942",0.864857116290972
"1940","1942",0.84256957268447
"1650","1943",0.815026201224942
"1652","1943",0.832711627657113
"1654","1943",0.734097715926883
"1656","1943",0.853063321203514
"1658","1943",0.866694979197061
"1660","1943",0.733410488234693
"1662","1943",0.688152104140953
"1680","1943",0.767025976698991
"1683","1943",0.608674573715418
"1939","1943",0.91505723546532
"1941","1943",0.910923301680167
"1649","1944",0.727397283475649
"1651","1944",0.799424566160729
"1655","1944",0.771736148026576
"1657","1944",0.754519404049566
"1679","1944",0.617489405325369
"1938","1944",0.842331392020914
"1940","1944",0.80808717432372
"1942","1944",0.832453238303382
"1650","1945",0.772305378842769
"1652","1945",0.805633768480348
"1654","1945",0.694238631121555
"1656","1945",0.808302559844946
"1658","1945",0.822714996660205
"1660","1945",0.693775182669107
"1662","1945",0.652581336261905
"1680","1945",0.734722436681057
"1939","1945",0.899697087113776
"1941","1945",0.893008400769017
"1943","1945",0.90975382723794
"217","1946",0.628284923788473
"783","1946",0.961945303266197
"785","1946",0.964558015897676
"1118","1946",0.772081242367643
"1119","1946",0.721727843434288
"1120","1946",0.601923125404714
"1335","1946",0.961945303266197
"1336","1946",0.951801394311073
"1338","1946",0.958284028356159
"1340","1946",0.963018899411717
"1342","1946",0.965523320629218
"1344","1946",0.95209272367992
"1346","1946",0.948788810593213
"1356","1946",0.638608706214228
"1358","1946",0.698267168618655
"1393","1946",0.822724819529727
"1395","1946",0.90546261250667
"1397","1946",0.903153421018712
"1762","1946",0.846355703000406
"1764","1946",0.75777437777423
"1766","1946",0.954646508606313
"1768","1946",0.939827456428988
"1770","1946",0.978033157666693
"1772","1946",0.980257171840043
"1774","1946",0.94692037027777
"1776","1946",0.922710043866124
"1778","1946",0.922758071745418
"1780","1946",0.91936328737063
"217","1948",0.631600772310002
"783","1948",0.966621055105843
"785","1948",0.96499268724389
"1118","1948",0.776538742273594
"1119","1948",0.725772978932643
"1120","1948",0.605042118093546
"1335","1948",0.966621055105843
"1336","1948",0.95645242871998
"1338","1948",0.95969611833166
"1340","1948",0.963584330416356
"1342","1948",0.966869829102651
"1344","1948",0.956841873209571
"1346","1948",0.95343743343125
"1356","1948",0.642002739130539
"1358","1948",0.701899667901535
"1393","1948",0.827609959820609
"1395","1948",0.909953710738799
"1397","1948",0.90847010932617
"1762","1948",0.851444643032053
"1764","1948",0.762113386234332
"1766","1948",0.959339599043148
"1768","1948",0.944461296565115
"1770","1948",0.978397897644853
"1772","1948",0.980946757313735
"1774","1948",0.951463022550181
"1776","1948",0.927081290389457
"1778","1948",0.927521606920954
"1780","1948",0.924026092760724
"1946","1948",0.975614846554848
"217","1950",0.63035869583556
"783","1950",0.965426929977257
"785","1950",0.967840097573317
"1118","1950",0.774868689132891
"1119","1950",0.724257527342284
"1120","1950",0.603873823051261
"1335","1950",0.965426929977257
"1336","1950",0.955157676162854
"1338","1950",0.961633367031131
"1340","1950",0.966198748282683
"1342","1950",0.968886960724798
"1344","1950",0.955761607480657
"1346","1950",0.952226415310847
"1356","1950",0.64073135792906
"1358","1950",0.701223349965839
"1393","1950",0.825779559529707
"1395","1950",0.908788489009274
"1397","1950",0.907276066992785
"1762","1950",0.849537820087415
"1764","1950",0.760487759122564
"1766","1950",0.95788849082392
"1768","1950",0.942795683469879
"1770","1950",0.98144416032728
"1772","1950",0.983807330580446
"1774","1950",0.950170880794076
"1776","1950",0.926006502685552
"1778","1950",0.92625867903256
"1780","1950",0.921906682837283
"1946","1950",0.978314798494195
"1948","1950",0.980434668761705
"217","1952",0.630995842715991
"783","1952",0.967043967727654
"785","1952",0.96964344310995
"1118","1952",0.775725325840375
"1119","1952",0.725034878377224
"1120","1952",0.604473128551164
"1335","1952",0.967043967727654
"1336","1952",0.956719047393147
"1338","1952",0.963335373617125
"1340","1952",0.968087512943949
"1342","1952",0.970563295651772
"1344","1952",0.957149076828661
"1346","1952",0.953702463982575
"1356","1952",0.64138353457108
"1358","1952",0.702121084638951
"1393","1952",0.826718425722844
"1395","1952",0.910715531426305
"1397","1952",0.908531190021413
"1762","1952",0.850515876523365
"1764","1952",0.761321612711638
"1766","1952",0.960098048013037
"1768","1952",0.944919808694295
"1770","1952",0.983420620047331
"1772","1952",0.985622400346786
"1774","1952",0.952435820746795
"1776","1952",0.9281936188665
"1778","1952",0.928115141250557
"1780","1952",0.923335421342986
"1946","1952",0.980250114720496
"1948","1952",0.980694742467957
"1950","1952",0.983564642581457
"217","1954",0.614896375338194
"783","1954",0.92640237342798
"785","1954",0.924468244040489
"1118","1954",0.754111759990181
"1119","1954",0.705411569195544
"1335","1954",0.92640237342798
"1336","1954",0.916807324102236
"1338","1954",0.919780109385169
"1340","1954",0.923615100622889
"1342","1954",0.925872292263437
"1344","1954",0.916830001679621
"1346","1954",0.913538215707719
"1356","1954",0.6518063865376
"1358","1954",0.709750317713665
"1393","1954",0.80304248027584
"1395","1954",0.881212968284288
"1397","1954",0.881447484428951
"1762","1954",0.825857617706765
"1764","1954",0.740279780828585
"1766","1954",0.927714495088738
"1768","1954",0.913247477857141
"1770","1954",0.937697057928175
"1772","1954",0.939383403773209
"1774","1954",0.960314770294637
"1776","1954",0.940220249988013
"1778","1954",0.937302975071347
"1780","1954",0.922472704368198
"1946","1954",0.934551742289449
"1948","1954",0.939315360307192
"1950","1954",0.938081464907282
"1952","1954",0.940046171154183
"217","1956",0.609900666303774
"783","1956",0.922909181427188
"785","1956",0.92054371484638
"1118","1956",0.747418730574737
"1119","1956",0.699330494911735
"1335","1956",0.922909181427188
"1336","1956",0.913156303571187
"1338","1956",0.91583665939703
"1340","1956",0.919841540989993
"1342","1956",0.921979593467212
"1344","1956",0.912878625744829
"1346","1956",0.909857100424353
"1356","1956",0.64473353943027
"1358","1956",0.703026717371963
"1393","1956",0.795716072676862
"1395","1956",0.877239018261974
"1397","1956",0.874247579951614
"1762","1956",0.818229789362775
"1764","1956",0.733762470846516
"1766","1956",0.923959812562864
"1768","1956",0.909341216999948
"1770","1956",0.934065955495929
"1772","1956",0.935590393842847
"1774","1956",0.955864773311294
"1776","1956",0.936122694178246
"1778","1956",0.932053542085099
"1780","1956",0.916946360296665
"1946","1956",0.93095797504274
"1948","1956",0.935363151264129
"1950","1956",0.934208539536708
"1952","1956",0.936442397524639
"1954","1956",0.946351037343922
"217","1958",0.612797799236949
"783","1958",0.921050661919441
"785","1958",0.919305327407432
"1118","1958",0.751299380073523
"1119","1958",0.70285658473002
"1335","1958",0.921050661919441
"1336","1958",0.912023303629749
"1338","1958",0.914522763116536
"1340","1958",0.918892596762696
"1342","1958",0.920636038670494
"1344","1958",0.910679899250263
"1346","1958",0.908340961711493
"1356","1958",0.649676334818559
"1358","1958",0.703593532496656
"1393","1958",0.799963650437906
"1395","1958",0.875756278726974
"1397","1958",0.8736214966635
"1762","1958",0.822651971059434
"1764","1958",0.737541314892348
"1766","1958",0.923322466980426
"1768","1958",0.910163633511991
"1770","1958",0.93186124450617
"1772","1958",0.933123822898073
"1774","1958",0.955166461395625
"1776","1958",0.934277483524176
"1778","1958",0.931206233731813
"1780","1958",0.92191980718767
"1946","1958",0.929655405523855
"1948","1958",0.934205389769401
"1950","1958",0.932628441696847
"1952","1958",0.934728163508164
"1954","1958",0.945886395331682
"1956","1958",0.940732285257506
"217","1960",0.605687574369301
"783","1960",0.910262447176693
"785","1960",0.908388606002828
"1118","1960",0.741779349593226
"1119","1960",0.694205100409512
"1335","1960",0.910262447176693
"1336","1960",0.90107581714134
"1338","1960",0.903759637867395
"1340","1960",0.90774772102721
"1342","1960",0.909737978413242
"1344","1960",0.900513437300956
"1346","1960",0.897707837185105
"1356","1960",0.639049721393222
"1358","1960",0.69459075500161
"1393","1960",0.789544990145754
"1395","1960",0.865915408299095
"1397","1960",0.864646645940968
"1762","1960",0.811805768511096
"1764","1960",0.728270650483014
"1766","1960",0.911892622620899
"1768","1960",0.89821568919255
"1770","1960",0.921105301344517
"1772","1960",0.922564564787455
"1774","1960",0.94048280409273
"1776","1960",0.920351866817856
"1778","1960",0.917847382733968
"1780","1960",0.905324714757097
"1946","1960",0.918406742676383
"1948","1960",0.922937428574672
"1950","1960",0.921603831342286
"1952","1960",0.923614994323192
"1954","1960",0.931505535683042
"1956","1960",0.926813124389776
"1958","1960",0.926515713824662
"783","1962",0.669248085408823
"785","1962",0.669355832488797
"1335","1962",0.669248085408823
"1336","1962",0.664244218547247
"1338","1962",0.666334225056119
"1340","1962",0.66894171925803
"1342","1962",0.670074302536353
"1344","1962",0.66348522758593
"1346","1962",0.661769385365007
"1393","1962",0.609627465861997
"1395","1962",0.675147308511577
"1397","1962",0.685221164637069
"1762","1962",0.624927754004965
"1766","1962",0.671880680627909
"1768","1962",0.66484623223875
"1770","1962",0.676189070513405
"1772","1962",0.677198327676975
"1774","1962",0.665465016049544
"1776","1962",0.649558275172858
"1778","1962",0.654177727121322
"1780","1962",0.655381417580206
"1946","1962",0.675178671451666
"1948","1962",0.678854496662836
"1950","1962",0.677477489471326
"1952","1962",0.678183838527195
"1954","1962",0.660344344401869
"1956","1962",0.654812387606543
"1958","1962",0.658020288024319
"1960","1962",0.650148438450219
"783","1964",0.695601993846771
"785","1964",0.695715878464415
"1335","1964",0.695601993846771
"1336","1964",0.690313531631459
"1338","1964",0.69252230314454
"1340","1964",0.695278178491089
"1342","1964",0.696475284433034
"1344","1964",0.689511448041155
"1346","1964",0.687698260021589
"1362","1964",0.618232151174163
"1393","1964",0.632648326390347
"1395","1964",0.70093134646915
"1397","1964",0.711551029229018
"1762","1964",0.648791603878074
"1766","1964",0.698384661174873
"1768","1964",0.690949739476396
"1770","1964",0.702939158751325
"1772","1964",0.704006157983429
"1774","1964",0.691603682958777
"1776","1964",0.674797330947681
"1778","1964",0.679677126525964
"1780","1964",0.680948777993303
"1946","1964",0.701870986580794
"1948","1964",0.705757154441468
"1950","1964",0.704301297340884
"1952","1964",0.705048085285573
"1954","1964",0.68619244881465
"1956","1964",0.680347613952424
"1958","1964",0.683736817835738
"1960","1964",0.675420712753303
"1962","1964",0.729173049649469
"783","1966",0.709107335299512
"785","1966",0.709224408203559
"1118","1966",0.608651879869315
"1335","1966",0.709107335299512
"1336","1966",0.70367104909377
"1338","1966",0.70594150556673
"1340","1966",0.708774455627035
"1342","1966",0.710005079650066
"1344","1966",0.702846585095611
"1346","1966",0.70098284258197
"1362","1966",0.619915888086712
"1393","1966",0.644424427284163
"1395","1966",0.712937418172112
"1397","1966",0.723786170337301
"1762","1966",0.661004636191036
"1766","1966",0.711967965137735
"1768","1966",0.704325016375585
"1770","1966",0.716650334024217
"1772","1966",0.717747337841468
"1774","1966",0.704997221221079
"1776","1966",0.687723775432053
"1778","1966",0.692738713696503
"1780","1966",0.694045647636984
"1946","1966",0.715552142380721
"1948","1966",0.719547612305445
"1950","1966",0.718050779859332
"1952","1966",0.718818582092666
"1954","1966",0.699435087804508
"1956","1966",0.693427800727395
"1958","1966",0.696911136190143
"1960","1966",0.688364399281742
"1962","1966",0.730582578394193
"1964","1966",0.761014348133844
"783","1968",0.681839976180602
"785","1968",0.68195064180248
"1335","1968",0.681839976180602
"1336","1968",0.676700772612973
"1338","1968",0.678847257920468
"1340","1968",0.681525312502298
"1342","1968",0.68268857771667
"1344","1968",0.675921288491486
"1346","1968",0.674159151602358
"1362","1968",0.611119443787854
"1393","1968",0.620633716087649
"1395","1968",0.688035867030653
"1397","1968",0.69839492997007
"1762","1968",0.636335177986345
"1766","1968",0.684543932880496
"1768","1968",0.677319047538745
"1770","1968",0.688969344742367
"1772","1968",0.690006056693627
"1774","1968",0.677954551593614
"1776","1968",0.661619951308811
"1778","1968",0.66636323424226
"1780","1968",0.6675992485829
"1946","1968",0.687931475738525
"1948","1968",0.691707312715522
"1950","1968",0.690292815316233
"1952","1968",0.691018391655828
"1954","1968",0.672695697915594
"1956","1968",0.667014934949443
"1958","1968",0.670309065556238
"1960","1968",0.662225915264351
"1962","1968",0.720436103131848
"1964","1968",0.750632025900162
"1966","1968",0.751566873123524
"783","1970",0.803831989245707
"785","1970",0.803972210407014
"1118","1970",0.684194023346797
"1119","1970",0.641779498941652
"1335","1970",0.803831989245707
"1336","1970",0.797322747769962
"1338","1970",0.800040860795588
"1340","1970",0.803433300466533
"1342","1970",0.804907285008364
"1344","1970",0.796335891979639
"1346","1970",0.794105378202912
"1358","1970",0.632703512063717
"1393","1970",0.726636677228987
"1395","1970",0.768120571894394
"1397","1970",0.779697982868197
"1762","1970",0.746370183316468
"1764","1970",0.672165178021611
"1766","1970",0.807258738465556
"1768","1970",0.798105587038688
"1770","1970",0.812869994908231
"1772","1970",0.814185023429508
"1774","1970",0.826313832315439
"1776","1970",0.806836588312647
"1778","1970",0.8095976143861
"1780","1970",0.810878116316084
"1946","1970",0.811553694779449
"1948","1970",0.816343423371548
"1950","1970",0.814548800029838
"1952","1970",0.815469319265738
"1954","1970",0.821442069747276
"1956","1970",0.812055838144804
"1958","1970",0.818442364263531
"1960","1970",0.80446726778551
"1962","1970",0.602367615610639
"1964","1970",0.624991600138925
"1966","1970",0.636562099793573
"1968","1970",0.613184961437459
"783","1972",0.849621527915035
"785","1972",0.848411714749205
"1118","1972",0.704817496363235
"1119","1972",0.660574088033745
"1335","1972",0.849621527915035
"1336","1972",0.840972661505412
"1338","1972",0.844422520115417
"1340","1972",0.847060542539275
"1342","1972",0.849654542745858
"1344","1972",0.842633997094702
"1346","1972",0.838509972947631
"1356","1972",0.60611626473747
"1358","1972",0.661055581242812
"1393","1972",0.749143806627395
"1395","1972",0.810908950558011
"1397","1972",0.822235163274105
"1762","1972",0.769770593158342
"1764","1972",0.69226442085986
"1766","1972",0.850338239388235
"1768","1972",0.83677416397548
"1770","1972",0.860117560500051
"1772","1972",0.862196175516056
"1774","1972",0.864884254849855
"1776","1972",0.84586767286102
"1778","1972",0.847114797141665
"1780","1972",0.830782688898099
"1946","1972",0.856515039388951
"1948","1972",0.86138887694512
"1950","1972",0.860486031215841
"1952","1972",0.86169298236271
"1954","1972",0.859183159942533
"1956","1972",0.851221847472066
"1958","1972",0.850993060967873
"1960","1972",0.840640219465332
"1962","1972",0.619513177569277
"1964","1972",0.64307769724011
"1966","1972",0.655135549035973
"1968","1972",0.63077816295458
"1970","1972",0.759726898774272
"217","1974",0.601886518869326
"783","1974",0.9032723813508
"785","1974",0.901408585715142
"1118","1974",0.736695557998451
"1119","1974",0.689583366330029
"1335","1974",0.9032723813508
"1336","1974",0.893989707316533
"1338","1974",0.896899114967148
"1340","1974",0.900548432746264
"1342","1974",0.902765901394299
"1344","1974",0.894122132481867
"1346","1974",0.890871535899409
"1356","1974",0.638109758989523
"1358","1974",0.69461095530882
"1393","1974",0.783983434544197
"1395","1974",0.859739892192533
"1397","1974",0.860121294274296
"1762","1974",0.806017008188629
"1764","1974",0.723319489423323
"1766","1974",0.90447180769507
"1768","1974",0.890428446525693
"1770","1974",0.914193465264839
"1772","1974",0.915853893933274
"1774","1974",0.93583339848559
"1776","1974",0.916334790469061
"1778","1974",0.913538463624213
"1780","1974",0.89895192203466
"1946","1974",0.911092626142063
"1948","1974",0.915708623645225
"1950","1974",0.91454344254492
"1952","1974",0.916417299893488
"1954","1974",0.927942867247815
"1956","1974",0.922152140780618
"1958","1974",0.921847495056332
"1960","1974",0.907979959916212
"1962","1974",0.645941715543924
"1964","1974",0.670977475905679
"1966","1974",0.683798409580769
"1968","1974",0.657906689446639
"1970","1974",0.80231749302434
"1972","1974",0.839157610101164
"783","1976",0.686405731305746
"785","1976",0.686517461510081
"1335","1976",0.686405731305746
"1336","1976",0.681217163882414
"1338","1976",0.683384249205386
"1340","1976",0.686088040989553
"1342","1976",0.687262497947043
"1344","1976",0.680430205299905
"1346","1976",0.678651183754774
"1362","1976",0.603543901603863
"1393","1976",0.624621401245892
"1395","1976",0.691097295949787
"1397","1976",0.701487752237263
"1762","1976",0.640469055695614
"1766","1976",0.68913571877617
"1768","1976",0.681841369833577
"1770","1976",0.693603819780849
"1772","1976",0.694650547599328
"1774","1976",0.68248297239739
"1776","1976",0.665992337129396
"1778","1976",0.670780775015404
"1780","1976",0.672028576884736
"1946","1976",0.699299829190771
"1948","1976",0.696368252351461
"1950","1976",0.694940077676234
"1952","1976",0.69567266852241
"1954","1976",0.67717372052405
"1956","1976",0.671438689736763
"1958","1976",0.674764266790382
"1960","1976",0.666604062586537
"1962","1976",0.709877437295504
"1964","1976",0.73906318221064
"1966","1976",0.740909250613518
"1968","1976",0.73000538215658
"1970","1976",0.617103822689891
"1972","1976",0.634860129378073
"1974","1976",0.662243815487517
"783","1978",0.725668206518618
"785","1978",0.725789228165019
"1118","1978",0.621927933402003
"1335","1978",0.725668206518618
"1336","1978",0.720048852578514
"1338","1978",0.722395697273488
"1340","1978",0.725324100620955
"1342","1978",0.726596237575291
"1344","1978",0.719196674801896
"1346","1978",0.717270332818629
"1362","1978",0.637784928689503
"1393","1978",0.658845637157375
"1395","1978",0.729578725152715
"1397","1978",0.740798242884537
"1762","1978",0.675966085324312
"1764","1978",0.611440421535037
"1766","1978",0.728625397927127
"1768","1978",0.720724811934618
"1770","1978",0.733466160655279
"1772","1978",0.734600334116727
"1774","1978",0.721419630837626
"1776","1978",0.703567896026746
"1778","1978",0.708750118750666
"1780","1978",0.710100730646078
"1946","1978",0.732330782080886
"1948","1978",0.736461656616345
"1950","1978",0.734914061664156
"1952","1978",0.735707897283088
"1954","1978",0.715670643673986
"1956","1978",0.709462230962967
"1958","1978",0.7130621027091
"1960","1978",0.704229861323928
"1962","1978",0.753788045866875
"1964","1978",0.785845070949048
"1966","1978",0.787336159409635
"1968","1978",0.77615000923887
"1970","1978",0.650729192568959
"1972","1978",0.66990509530364
"1974","1978",0.699511942306798
"1976","1978",0.76428777779134
"783","1980",0.705659762326646
"785","1980",0.705776018600404
"1118","1980",0.605884305196206
"1335","1980",0.705659762326646
"1336","1980",0.700261337942878
"1338","1980",0.702515995428158
"1340","1980",0.705329204333832
"1342","1980",0.706551243199991
"1344","1980",0.69944260601478
"1346","1980",0.697591811349999
"1362","1980",0.624628336344445
"1393","1980",0.641419631966752
"1395","1980",0.710498884138112
"1397","1980",0.721317147759306
"1762","1980",0.65788799048825
"1766","1980",0.715830745976975
"1768","1980",0.700910756645276
"1770","1980",0.713150038030351
"1772","1980",0.714239356049047
"1774","1980",0.701578284327194
"1776","1980",0.684424462588532
"1778","1980",0.689404792500292
"1780","1980",0.690702690760316
"1946","1980",0.712059535919026
"1948","1980",0.716027007575114
"1950","1980",0.714540671292024
"1952","1980",0.715303090565506
"1954","1980",0.69605479884287
"1956","1980",0.690089116271719
"1958","1980",0.693548344647556
"1960","1980",0.685060671061295
"1962","1980",0.737199523756601
"1964","1980",0.768281545682627
"1966","1980",0.769604211032329
"1968","1980",0.758939020693581
"1970","1980",0.633609929793847
"1972","1980",0.652058630293061
"1974","1980",0.680526115546084
"1976","1980",0.747296749458663
"1978","1980",0.794778407487918
"783","1982",0.656528427164831
"785","1982",0.65663325236122
"1335","1982",0.656528427164831
"1336","1982",0.65166006115983
"1338","1982",0.653693518173757
"1340","1982",0.656230368087645
"1342","1982",0.657332234467183
"1344","1982",0.650921589790608
"1346","1982",0.649252103482441
"1362","1982",0.600865076546936
"1395","1982",0.664650475649632
"1397","1982",0.674552167483429
"1762","1982",0.613394629982063
"1766","1982",0.659089581581318
"1768","1982",0.652245792939302
"1770","1982",0.663280830129405
"1772","1982",0.66426260641828
"1774","1982",0.677943846687716
"1776","1982",0.66350653878863
"1778","1982",0.665151309493734
"1780","1982",0.666072954216278
"1946","1982",0.662297927838397
"1948","1982",0.665873647099431
"1950","1982",0.664534164294143
"1952","1982",0.665221268368977
"1954","1982",0.674531489069369
"1956","1982",0.667212122713382
"1958","1982",0.672287408637356
"1960","1982",0.661317182177339
"1962","1982",0.708271234954655
"1964","1982",0.738036110563488
"1966","1982",0.738205969304192
"1968","1982",0.729605882203213
"1970","1982",0.615197523184469
"1972","1982",0.626955551604873
"1974","1982",0.660136645782649
"1976","1982",0.717185821020313
"1978","1982",0.762729006870318
"1980","1982",0.746058640360074
"217","1984",0.625881894445352
"783","1984",0.95936613708953
"785","1984",0.95742397984152
"1118","1984",0.768852601454417
"1119","1984",0.718797325827008
"1335","1984",0.95936613708953
"1336","1984",0.948962796431552
"1338","1984",0.952239058305744
"1340","1984",0.955922219250839
"1342","1984",0.959313282710444
"1344","1984",0.94983129439196
"1346","1984",0.946145358672069
"1356","1984",0.636149111171346
"1358","1984",0.697434721002453
"1393","1984",0.819187109522334
"1395","1984",0.903387883477486
"1397","1984",0.901408964370545
"1762","1984",0.842670734250484
"1764","1984",0.754631391808958
"1766","1984",0.951801836676297
"1768","1984",0.936394273960007
"1770","1984",0.971175377179999
"1772","1984",0.973781677156962
"1774","1984",0.944449963745619
"1776","1984",0.920794350247852
"1778","1984",0.920522132656949
"1780","1984",0.914439533252034
"1946","1984",0.96796801754436
"1948","1984",0.97270037720632
"1950","1984",0.971589516328038
"1952","1984",0.973217075944537
"1954","1984",0.932375246768656
"1956","1984",0.928824851748049
"1958","1984",0.926440025453115
"1960","1984",0.91586708625415
"1962","1984",0.672515233513211
"1964","1984",0.699055422175324
"1966","1984",0.712657537533951
"1968","1984",0.685195702849498
"1970","1984",0.808084933390172
"1972","1984",0.855427967681492
"1974","1984",0.909071263940209
"1976","1984",0.689793769262418
"1978","1984",0.729338270624021
"1980","1984",0.709185177013809
"1982","1984",0.659706898988543
"217","1986",0.629503776330967
"783","1986",0.965248880780863
"785","1986",0.963364145700503
"1118","1986",0.773719421968509
"1119","1986",0.72321457840792
"1120","1986",0.603069658254742
"1335","1986",0.965248880780863
"1336","1986",0.954905617936437
"1338","1986",0.958098416585151
"1340","1986",0.961963680283242
"1342","1986",0.9652505682928
"1344","1986",0.955409273515918
"1346","1986",0.951941609311134
"1356","1986",0.639856280402152
"1358","1986",0.700632380479363
"1393","1986",0.824520035736894
"1395","1986",0.908712162036485
"1397","1986",0.906309333565561
"1762","1986",0.848225751559385
"1764","1986",0.759369042109226
"1766","1986",0.957927403233662
"1768","1986",0.942724761176988
"1770","1986",0.97705299918041
"1772","1986",0.979573127600358
"1774","1986",0.950350126997666
"1776","1986",0.926227767027639
"1778","1986",0.9260024266553
"1780","1986",0.921282759816738
"1946","1986",0.974079024799808
"1948","1986",0.978821462152639
"1950","1986",0.977595942767363
"1952","1986",0.97926511042137
"1954","1986",0.937929956816107
"1956","1986",0.934440529668504
"1958","1986",0.93258574051136
"1960","1986",0.921548029067807
"1962","1986",0.6765297584189
"1964","1986",0.703299334420392
"1966","1986",0.717020636006297
"1968","1986",0.689319298595105
"1970","1986",0.813313875800704
"1972","1986",0.859698046734063
"1974","1986",0.914377042504129
"1976","1986",0.693957153952881
"1978","1986",0.733849006972754
"1980","1986",0.713517746124404
"1982","1986",0.663612243202183
"1984","1986",0.97142237333266
"217","1988",0.632288710506006
"783","1988",0.969467896693523
"785","1988",0.972151147613706
"1118","1988",0.77746388883242
"1119","1988",0.726612428303993
"1120","1988",0.605689170213119
"1335","1988",0.969467896693523
"1336","1988",0.959110498831879
"1338","1988",0.965806630094862
"1340","1988",0.970492944862514
"1342","1988",0.973119945194838
"1344","1988",0.959699685538871
"1346","1988",0.956160147124764
"1356","1988",0.64270691723212
"1358","1988",0.703580312405227
"1393","1988",0.82862399789726
"1395","1988",0.912442766194519
"1397","1988",0.910655173564928
"1762","1988",0.852501050733887
"1764","1988",0.763013906061057
"1766","1988",0.961871756027233
"1768","1988",0.946655947117714
"1770","1988",0.985889633071913
"1772","1988",0.988227901399963
"1774","1988",0.954153648523004
"1776","1988",0.929859696185724
"1778","1988",0.929956934848472
"1780","1988",0.925556352044293
"1946","1988",0.9827134460709
"1948","1988",0.983227627635812
"1950","1988",0.986088363114225
"1952","1988",0.988013879487131
"1954","1988",0.941883502949818
"1956","1988",0.938113750145626
"1958","1988",0.936436698102609
"1960","1988",0.925340463862984
"1962","1988",0.679617212911744
"1964","1988",0.706563572484613
"1966","1988",0.720376741526163
"1968","1988",0.692490807231201
"1970","1988",0.817337626997476
"1972","1988",0.863651711381773
"1974","1988",0.918201983155447
"1976","1988",0.697159327391871
"1978","1988",0.737318922613338
"1980","1988",0.716850319081899
"1982","1988",0.66661556671915
"1984","1988",0.975670670429343
"1986","1988",0.981716795601682
"217","1990",0.6306606654343
"783","1990",0.97099004374252
"785","1990",0.973151653592177
"1118","1990",0.775274670939152
"1119","1990",0.724625937765269
"1120","1990",0.604157859727467
"1335","1990",0.97099004374252
"1336","1990",0.960117602536717
"1338","1990",0.966869801561081
"1340","1990",0.971381661455239
"1342","1990",0.97416212491947
"1344","1990",0.961302516068089
"1346","1990",0.957359789345892
"1356","1990",0.641040450039219
"1358","1990",0.704564590954635
"1393","1990",0.826224506991305
"1395","1990",0.914057323147177
"1397","1990",0.911296873607944
"1762","1990",0.850001338175407
"1764","1990",0.760882944683191
"1766","1990",0.963079316685217
"1768","1990",0.946887256405443
"1770","1990",0.987652862366958
"1772","1990",0.990069712804238
"1774","1990",0.955981729718618
"1776","1990",0.932261505508057
"1778","1990",0.9312143952242
"1780","1990",0.923313238968775
"1946","1990",0.983846705247285
"1948","1990",0.9842226109261
"1950","1990",0.987369624824184
"1952","1990",0.989484183835575
"1954","1990",0.943460839355042
"1956","1990",0.940324073983155
"1958","1990",0.936899695373214
"1960","1990",0.926513280493176
"1962","1990",0.677812253324748
"1964","1990",0.704655224533561
"1966","1990",0.718414665309943
"1968","1990",0.690636690694369
"1970","1990",0.814985053576926
"1972","1990",0.865052383529819
"1974","1990",0.919779804844316
"1976","1990",0.695287277114148
"1978","1990",0.735290283753582
"1980","1990",0.714902005868739
"1982","1990",0.664859808192094
"1984","1990",0.977560005830908
"1986","1990",0.983263658631525
"1988","1990",0.991904066612056
"217","1992",0.604435916283782
"783","1992",0.910786951487429
"785","1992",0.908669307418945
"1118","1992",0.740104869370893
"1119","1992",0.69268294671772
"1335","1992",0.910786951487429
"1336","1992",0.901338990223244
"1338","1992",0.904062981523472
"1340","1992",0.907941509833216
"1342","1992",0.910057217478753
"1344","1992",0.901116078631205
"1346","1992",0.898097596784576
"1356","1992",0.637369724765161
"1358","1992",0.694378008333357
"1393","1992",0.787712982460409
"1395","1992",0.873796368341037
"1397","1992",0.872126204246106
"1762","1992",0.80989883946371
"1764","1992",0.72663989686447
"1766","1992",0.91198379916326
"1768","1992",0.897800909450333
"1770","1992",0.921741170115954
"1772","1992",0.92327823616193
"1774","1992",0.939697006473921
"1776","1992",0.919676814592389
"1778","1992",0.916669416025627
"1780","1992",0.902686509075403
"1946","1992",0.918737437327919
"1948","1992",0.923193558148337
"1950","1992",0.922008934650439
"1952","1992",0.92408660864341
"1954","1992",0.930500616570177
"1956","1992",0.926040342796905
"1958","1992",0.92497597366278
"1960","1992",0.911554138828301
"1962","1992",0.665579691033279
"1964","1992",0.691182655613866
"1966","1992",0.70379819031766
"1968","1992",0.678050268456246
"1970","1992",0.802224424774705
"1972","1992",0.840565574913203
"1974","1992",0.907134968781815
"1976","1992",0.681901815589722
"1978","1992",0.720061498817883
"1980","1992",0.700838066520762
"1982","1992",0.67700672812421
"1984","1992",0.916568675855455
"1986","1992",0.922075356959324
"1988","1992",0.92578756929277
"1990","1992",0.927605383098186
"217","1994",0.618466781018022
"783","1994",0.918517227038984
"785","1994",0.917455742751316
"1118","1994",0.758899244717611
"1119","1994",0.709760048410249
"1335","1994",0.918517227038984
"1336","1994",0.910434220782098
"1338","1994",0.912484133320738
"1340","1994",0.917604448880354
"1342","1994",0.918654193508581
"1344","1994",0.907211205942137
"1346","1994",0.906074206768393
"1356","1994",0.656164697172406
"1358","1994",0.699202728500588
"1393","1994",0.808284559038132
"1395","1994",0.872980993532338
"1397","1994",0.870311506928856
"1762","1994",0.831316110274373
"1764","1994",0.74494118576428
"1766","1994",0.922613505002819
"1768","1994",0.911813338622695
"1770","1994",0.928841236777133
"1772","1994",0.929623924733897
"1774","1994",0.953635236716181
"1776","1994",0.931131572189109
"1778","1994",0.929154219081935
"1780","1994",0.933194700795024
"1946","1994",0.9315550865542
"1948","1994",0.9326431519164
"1950","1994",0.930428461512298
"1952","1994",0.932514839282294
"1954","1994",0.943752968096732
"1956","1994",0.938091916741767
"1958","1994",0.943612872659734
"1960","1994",0.925437671837288
"1962","1994",0.664299083476552
"1964","1994",0.690371512352039
"1966","1994",0.703730648046172
"1968","1994",0.67675711928135
"1970","1994",0.827375516940089
"1972","1994",0.846351251363203
"1974","1994",0.919440533951557
"1976","1994",0.692140640182336
"1978","1994",0.720110455421567
"1980","1994",0.700320522431978
"1982","1994",0.679074933959174
"1984","1994",0.923131030722394
"1986","1994",0.930200624446115
"1988","1994",0.934196700805762
"1990","1994",0.932447481428928
"1992","1994",0.92265523350657
"74","1998",0.625120292652646
"75","1998",0.749895656651476
"76","1998",0.628509152650198
"77","1998",0.743549733745237
"1996","1998",0.627812996308266
"744","2002",0.621388684620132
"746","2002",0.698338008094517
"747","2002",0.642279510448447
"832","2002",0.633789547552179
"834","2002",0.637177721706984
"836","2002",0.687784062661793
"837","2002",0.63685842312243
"838","2002",0.721290148471195
"943","2002",0.630735872406053
"1248","2002",0.722713735700544
"1250","2002",0.635988792183929
"1260","2002",0.722713735700544
"1635","2002",0.785161939964953
"1637","2002",0.777603628480218
"1639","2002",0.725670750945029
"1641","2002",0.721960815947196
"1791","2002",0.619849722810704
"1793","2002",0.625371587577055
"1799","2002",0.659754561136606
"1801","2002",0.652623277346479
"1805","2002",0.728693323755016
"1807","2002",0.741021146289376
"744","2004",0.621116826940964
"746","2004",0.698016301048781
"747","2004",0.641994380098538
"832","2004",0.633509835284616
"834","2004",0.636895851123271
"836","2004",0.687469345670661
"837","2004",0.636576756159971
"838","2004",0.720953079264656
"943","2004",0.630458100876918
"1248","2004",0.714517401496883
"1250","2004",0.630038233151512
"1260","2004",0.714517401496883
"1635","2004",0.783347072600818
"1637","2004",0.775010693560377
"1639","2004",0.725437383685056
"1641","2004",0.722136600835967
"1791","2004",0.616397652087112
"1793","2004",0.62521133605219
"1799","2004",0.657809592815142
"1801","2004",0.650691821894517
"1805","2004",0.72911809695898
"1807","2004",0.741693253254766
"2002","2004",0.964828577250475
"2003","2005",0.891089007252968
"2002","2006",0.749950434857101
"2004","2006",0.7447240585383
"2003","2007",0.604278325591501
"2005","2007",0.613607361486257
"746","2008",0.611597225719246
"836","2008",0.602875075011907
"838","2008",0.6305296208167
"1248","2008",0.621486672896625
"1260","2008",0.621486672896625
"1635","2008",0.668659322308134
"1637","2008",0.660916284047088
"1639","2008",0.682287680691086
"1641","2008",0.662541853944248
"1805","2008",0.644120728823684
"1807","2008",0.64992036993654
"2002","2008",0.708181031768666
"2004","2008",0.70011812884143
"2006","2008",0.621264822667562
"1643","2010",0.625775999563052
"1645","2010",0.612859229540867
"217","2012",0.621041520822735
"783","2012",0.931738334272145
"785","2012",0.930271073143095
"1118","2012",0.762353722827614
"1119","2012",0.712897099381734
"1335","2012",0.931738334272145
"1336","2012",0.922609211166828
"1338","2012",0.925473803176998
"1340","2012",0.929634795278311
"1342","2012",0.931607619671785
"1344","2012",0.921801090770385
"1346","2012",0.919005282221038
"1356","2012",0.631195043640431
"1358","2012",0.686721681975375
"1393","2012",0.812067849363174
"1395","2012",0.886367674926732
"1397","2012",0.887383088606745
"1762","2012",0.835255973719347
"1764","2012",0.748304489391859
"1766","2012",0.934022762459119
"1768","2012",0.920552905872077
"1770","2012",0.942884990248023
"1772","2012",0.944386319804013
"1774","2012",0.92574545841626
"1776","2012",0.901785701879434
"1778","2012",0.9039184482894
"1780","2012",0.895778535256084
"1946","2012",0.944365449794808
"1948","2012",0.945341212714293
"1950","2012",0.943762936621387
"1952","2012",0.945642612652916
"1954","2012",0.914873049132425
"1956","2012",0.909870549046558
"1958","2012",0.910446785165899
"1960","2012",0.899132928233417
"1962","2012",0.667151533195303
"1964","2012",0.693386095718195
"1966","2012",0.706829442996054
"1968","2012",0.679686671306373
"1970","2012",0.801104049483205
"1972","2012",0.84109457439098
"1974","2012",0.892132759017329
"1976","2012",0.697396865498186
"1978","2012",0.723313536098218
"1980","2012",0.703397748690794
"1982","2012",0.654488694253009
"1984","2012",0.937364773196817
"1986","2012",0.943393117569605
"1988","2012",0.947529681806689
"1990","2012",0.947758530813951
"1992","2012",0.898716849674218
"1994","2012",0.910895666481263
"217","2014",0.615918556375728
"783","2014",0.927851466821738
"785","2014",0.925920962170721
"1118","2014",0.755482041352064
"1119","2014",0.70665630607809
"1335","2014",0.927851466821738
"1336","2014",0.918147291553282
"1338","2014",0.921255206149541
"1340","2014",0.92495538473629
"1342","2014",0.927337825185112
"1344","2014",0.918503403128519
"1346","2014",0.9149715679678
"1356","2014",0.625952108111977
"1358","2014",0.685179064630208
"1393","2014",0.804542745349864
"1395","2014",0.882733470172952
"1397","2014",0.883906978219334
"1762","2014",0.827419756360006
"1764","2014",0.741614008413191
"1766","2014",0.928981459046205
"1768","2014",0.91425120573197
"1770","2014",0.939269042451183
"1772","2014",0.941066746729393
"1774","2014",0.921521480502848
"1776","2014",0.898648174973152
"1778","2014",0.899865672737867
"1780","2014",0.886514535911133
"1946","2014",0.935912218999439
"1948","2014",0.940760793531768
"1950","2014",0.93959380445147
"1952","2014",0.941501004004131
"1954","2014",0.911004488414223
"1956","2014",0.906325276676056
"1958","2014",0.904594440310071
"1960","2014",0.894608094178309
"1962","2014",0.661476465703734
"1964","2014",0.687388732155511
"1966","2014",0.700664689956357
"1968","2014",0.67385833347401
"1970","2014",0.793724660308864
"1972","2014",0.838990827758808
"1974","2014",0.888548959733804
"1976","2014",0.678347484938832
"1978","2014",0.716941500858882
"1980","2014",0.697275867645785
"1982","2014",0.648967092950158
"1984","2014",0.933960412329318
"1986","2014",0.939378541178888
"1988","2014",0.943384138635721
"1990","2014",0.945146648257239
"1992","2014",0.894994144663759
"1994","2014",0.901325237014543
"2012","2014",0.916287456918752
"2018","2019",0.608259450089913
"2023","2025",0.712627537322797
"2032","2033",0.880313387072596
"2032","2034",0.879881043535894
"2033","2034",0.89282330284355
"2032","2035",0.855876359350355
"2033","2035",0.892817692435524
"2034","2035",0.867886867791026
"292","2040",0.853104029575042
"294","2040",0.857978574311882
"296","2040",0.848671661511006
"473","2040",0.686955851704274
"475","2040",0.601456666451983
"487","2040",0.702371847527012
"489","2040",0.73347762501039
"515","2040",0.647177871772854
"516","2040",0.912700949369603
"517","2040",0.899586421972698
"518","2040",0.903684249962327
"519","2040",0.90399409402779
"534","2040",0.787544719279313
"535","2040",0.8222048481414
"536","2040",0.821794231021763
"537","2040",0.863811859693399
"538","2040",0.819473844112395
"539","2040",0.822303149667988
"750","2040",0.654231916492209
"953","2040",0.853104029575042
"955","2040",0.857978574311882
"957","2040",0.848671661511006
"1050","2040",0.605459521130077
"1172","2040",0.75963355866093
"1174","2040",0.696151217947411
"1182","2040",0.62579090824028
"1230","2040",0.819544805939835
"1232","2040",0.802048580831057
"1234","2040",0.762888842437318
"1236","2040",0.694945510975718
"1238","2040",0.740177192186891
"1240","2040",0.804372971509748
"1242","2040",0.748677567056506
"1254","2040",0.621681632298218
"1256","2040",0.70642029445207
"1258","2040",0.704873575256559
"1264","2040",0.70642029445207
"1265","2040",0.628480390248778
"1458","2040",0.894648673273233
"1757","2040",0.706841344974519
"1861","2040",0.802048580831057
"1863","2040",0.762888842437318
"1866","2040",0.740177192186891
"1868","2040",0.804372971509748
"1870","2040",0.748677567056506
"1892","2040",0.736793879021369
"1894","2040",0.699180004358186
"1896","2040",0.700161762179452
"1898","2040",0.60870481015309
"1900","2040",0.676441917356627
"1902","2040",0.665386432776811
"1910","2040",0.728887849283925
"1912","2040",0.609836945766774
"1914","2040",0.687161625768358
"1916","2040",0.673820599364174
"1918","2040",0.634971977165219
"292","2042",0.873730700960849
"294","2042",0.878927322481288
"296","2042",0.869133745609944
"473","2042",0.702950699765962
"475","2042",0.614665824329443
"487","2042",0.718887658225865
"489","2042",0.75106129150203
"491","2042",0.609906197997057
"505","2042",0.605721116017228
"515","2042",0.661854475430051
"516","2042",0.943206699331822
"517","2042",0.928977677080235
"518","2042",0.93382042664425
"519","2042",0.933607529583671
"534","2042",0.805921024179557
"535","2042",0.841887234059397
"536","2042",0.846754570928094
"537","2042",0.890911969846621
"538","2042",0.840121006193385
"539","2042",0.843053771475911
"750","2042",0.669139517017406
"953","2042",0.873730700960849
"955","2042",0.878927322481288
"957","2042",0.869133745609944
"1048","2042",0.602502929730619
"1050","2042",0.618795061391048
"1172","2042",0.778132021361574
"1174","2042",0.712456143873983
"1182","2042",0.639069186172929
"1230","2042",0.838992146388646
"1232","2042",0.821054873096389
"1234","2042",0.781502215183616
"1236","2042",0.699561096395652
"1238","2042",0.745695355126741
"1240","2042",0.811837185687122
"1242","2042",0.754437074593817
"1254","2042",0.635533494826136
"1256","2042",0.723073832887332
"1258","2042",0.721474449743232
"1264","2042",0.723073832887332
"1265","2042",0.640318263047323
"1458","2042",0.918186389984323
"1757","2042",0.723509229242206
"1861","2042",0.821054873096389
"1863","2042",0.781502215183616
"1866","2042",0.745695355126741
"1868","2042",0.811837185687122
"1870","2042",0.754437074593817
"1892","2042",0.754492686912691
"1894","2042",0.715587496484111
"1896","2042",0.716602546121344
"1898","2042",0.622143112144435
"1900","2042",0.692084660206713
"1902","2042",0.680661764718357
"1910","2042",0.746312565470849
"1912","2042",0.623311159340791
"1914","2042",0.703163391083129
"1916","2042",0.689375963509406
"1918","2042",0.649251748873693
"2040","2042",0.938999871493771
"2041","2043",0.801720286780011
"292","2044",0.685942917691457
"294","2044",0.699172011739613
"296","2044",0.682594271197102
"489","2044",0.608621976773412
"516","2044",0.73094732149411
"517","2044",0.720834662839071
"518","2044",0.725018375025615
"519","2044",0.723466887863886
"534","2044",0.637477071400118
"535","2044",0.664300975689393
"536","2044",0.663655917898227
"537","2044",0.695062067594105
"538","2044",0.67389941334265
"539","2044",0.676032950589504
"953","2044",0.685942917691457
"955","2044",0.699172011739613
"957","2044",0.682594271197102
"1172","2044",0.628566674976184
"1230","2044",0.661039226502807
"1232","2044",0.649517603955307
"1234","2044",0.63104325466253
"1236","2044",0.655235364123372
"1238","2044",0.699745387229892
"1240","2044",0.753706737552125
"1242","2044",0.707087370423321
"1458","2044",0.730149350501601
"1757","2044",0.604488153071477
"1861","2044",0.649517603955307
"1863","2044",0.63104325466253
"1866","2044",0.699745387229892
"1868","2044",0.753706737552125
"1870","2044",0.707087370423321
"1892","2044",0.6249748435668
"1910","2044",0.605113640780301
"2040","2044",0.740077650835172
"2042","2044",0.740304436678075
"292","2046",0.756774845861276
"294","2046",0.762445890737317
"296","2046",0.752917307866548
"473","2046",0.627272055913076
"487","2046",0.640788840838274
"489","2046",0.66800869612221
"516","2046",0.808727848658708
"517","2046",0.797036428974569
"518","2046",0.801872093145748
"519","2046",0.800078638234857
"534","2046",0.701058725932298
"535","2046",0.731864549776744
"536","2046",0.731122829175439
"537","2046",0.767285641016691
"538","2046",0.742906510063199
"539","2046",0.745362224615113
"953","2046",0.756774845861276
"955","2046",0.762445890737317
"957","2046",0.752917307866548
"1172","2046",0.690842985807086
"1174","2046",0.63533673336559
"1230","2046",0.7281144756988
"1232","2046",0.714877019265866
"1234","2046",0.693681492962399
"1236","2046",0.713981436495004
"1238","2046",0.764194966200665
"1240","2046",0.825724356420359
"1242","2046",0.772541333655449
"1256","2046",0.644335570468358
"1258","2046",0.642980677899454
"1264","2046",0.644335570468358
"1458","2046",0.805753557243449
"1757","2046",0.644704370780084
"1861","2046",0.714877019265866
"1863","2046",0.693681492962399
"1866","2046",0.764194966200665
"1868","2046",0.825724356420359
"1870","2046",0.772541333655449
"1892","2046",0.670906504213136
"1894","2046",0.637991693818636
"1896","2046",0.638852130962847
"1900","2046",0.618043053217861
"1902","2046",0.608329493342954
"1910","2046",0.663996751260655
"1914","2046",0.627452597560843
"1916","2046",0.615740769654002
"2040","2046",0.809317757039359
"2042","2046",0.813367438702507
"2044","2046",0.764606056903382
"1114","2048",0.667791294958065
"1115","2048",0.627396658383436
"1116","2048",0.644913769510419
"1505","2048",0.62317903176744
"187","2050",1
"189","2050",0.795694867998646
"188","2051",1
"187","2052",0.795694867998646
"189","2052",1
"2050","2052",0.795694867998646
"190","2053",1
"187","2054",1
"189","2054",0.795694867998646
"2050","2054",1
"2052","2054",0.795694867998646
"188","2055",1
"2051","2055",1
"187","2056",0.795694867998646
"189","2056",1
"2050","2056",0.795694867998646
"2052","2056",1
"2054","2056",0.795694867998646
"190","2057",1
"2053","2057",1
"2060","2062",0.713373313695511
"2061","2063",0.702491974595295
"864","2066",0.72138687920924
"865","2066",0.6479385658495
"866","2066",0.728182025230664
"868","2066",0.663871790056655
"876","2066",0.651709246152471
"877","2066",0.615819869400633
"878","2066",0.651287981884514
"880","2066",0.703660123033708
"1048","2066",0.617375894714901
"1049","2066",0.661678324750204
"1051","2066",0.723074501068698
"1147","2066",0.695981650639957
"1148","2066",0.64353000828958
"1149","2066",0.680253204845228
"1150","2066",0.777841511405739
"1573","2066",0.79012436780439
"1574","2066",0.688185564548748
"1575","2066",0.757539724802082
"1576","2066",0.72076799955992
"864","2068",0.649056239787693
"866","2068",0.654891159938934
"880","2068",0.636085467721656
"1049","2068",0.605027607679164
"1051","2068",0.657498334130225
"1147","2068",0.635717766197933
"1149","2068",0.62005782746647
"1150","2068",0.700018050763822
"1573","2068",0.713705281045671
"1574","2068",0.620497776092665
"1575","2068",0.686187912047914
"1576","2068",0.648524648731006
"2066","2068",0.742709121616938
"1569","2070",0.626623568740734
"1571","2070",0.62574908801868
"838","2074",0.616053578014818
"1248","2074",0.605855177587337
"1260","2074",0.605855177587337
"1635","2074",0.649559515422258
"1637","2074",0.636196402123221
"1639","2074",0.621338946129296
"1641","2074",0.607003394724591
"1791","2074",0.601652744515627
"1793","2074",0.604559886684521
"1799","2074",0.622166570430879
"1801","2074",0.612390342678598
"1805","2074",0.643138617555161
"1807","2074",0.652894848124345
"2002","2074",0.660741103345268
"2004","2074",0.657209086573187
"746","2076",0.618290225275054
"836","2076",0.609430647765938
"838","2076",0.637523759584358
"1248","2076",0.632994797743564
"1260","2076",0.632994797743564
"1635","2076",0.683101557214804
"1637","2076",0.670029977308206
"1639","2076",0.644321099826327
"1641","2076",0.627510531197144
"1791","2076",0.630139821029043
"1793","2076",0.636876946562364
"1795","2076",0.614632334411193
"1799","2076",0.658699601558942
"1801","2076",0.649073507643399
"1803","2076",0.617968268443706
"1805","2076",0.682763173377991
"1807","2076",0.69473176176075
"1809","2076",0.616104946600635
"2002","2076",0.698338350403427
"2004","2076",0.695656183612737
"2008","2076",0.617867234095252
"2074","2076",0.845575776036579
"2075","2077",0.806825495625326
"746","2088",0.645902128499801
"836","2088",0.636468516290221
"838","2088",0.666394307054038
"1248","2088",0.657236830447145
"1260","2088",0.657236830447145
"1635","2088",0.730280436095693
"1637","2088",0.716835047652359
"1639","2088",0.662751982165165
"1641","2088",0.669616338841157
"1791","2088",0.65254719714783
"1793","2088",0.662076668162357
"1799","2088",0.69638765235755
"1801","2088",0.689778713105763
"1803","2088",0.632604934231235
"1805","2088",0.721599955079925
"1807","2088",0.736630836327584
"1809","2088",0.644867532240485
"2002","2088",0.721987502371035
"2004","2088",0.722705857593007
"2008","2088",0.624115039988932
"2074","2088",0.854449826315433
"2076","2088",0.878109150811932
"2075","2089",0.797511466697982
"2077","2089",0.792797388838863
"746","2090",0.638599765258348
"836","2090",0.62931906067554
"838","2090",0.658756552888247
"1248","2090",0.649345568605156
"1260","2090",0.649345568605156
"1635","2090",0.72100119808758
"1637","2090",0.707904647227218
"1639","2090",0.657257347618396
"1641","2090",0.66119749662254
"1791","2090",0.630857361614827
"1793","2090",0.636872906866836
"1799","2090",0.670678563222471
"1801","2090",0.665252204804085
"1803","2090",0.610755033646372
"1805","2090",0.705808904751249
"1807","2090",0.720578738017356
"1809","2090",0.622598171635954
"2002","2090",0.717034722125833
"2004","2090",0.717702445043438
"2008","2090",0.621912998280101
"2074","2090",0.849365604525398
"2076","2090",0.874695070555493
"2088","2090",0.916823082037241
"2075","2091",0.792817121031598
"2077","2091",0.792061841730835
"2089","2091",0.885675729100054
"1635","2092",0.60523325701896
"1639","2092",0.620299309476264
"1805","2092",0.611910265877557
"1807","2092",0.619809560733624
"2002","2092",0.649823695083807
"2004","2092",0.649126523787912
"2006","2092",0.663949402962343
"2008","2092",0.629595196143211
"2074","2092",0.632697658004149
"2076","2092",0.643554517043274
"2088","2092",0.63742102470447
"2090","2092",0.628324597058253
"783","2094",0.751778577344323
"785","2094",0.75190591070565
"1118","2094",0.642798794203854
"1119","2094",0.603987719387121
"1335","2094",0.751778577344323
"1336","2094",0.745866638720746
"1338","2094",0.748335561664087
"1340","2094",0.751416527483047
"1342","2094",0.752755019781385
"1344","2094",0.744970173531995
"1346","2094",0.742943801279429
"1393","2094",0.68154051315807
"1395","2094",0.719320458389887
"1397","2094",0.729849565827387
"1762","2094",0.69952244846539
"1764","2094",0.631801791089468
"1766","2094",0.754890122414997
"1768","2094",0.746577743098607
"1770","2094",0.759984116094604
"1772","2094",0.761177721119557
"1774","2094",0.747308701974246
"1776","2094",0.728533105319621
"1778","2094",0.733982510521326
"1780","2094",0.735402892840322
"1946","2094",0.758789280926812
"1948","2094",0.763136660644094
"1950","2094",0.761507894942362
"1952","2094",0.762343358109996
"1954","2094",0.741261129848982
"1956","2094",0.734731402299106
"1958","2094",0.73851744074581
"1960","2094",0.72922915354445
"1970","2094",0.673019059079838
"1972","2094",0.693155371764051
"1974","2094",0.724268618662666
"1978","2094",0.612185255761857
"1984","2094",0.755640243303342
"1986","2094",0.760387019602627
"1988","2094",0.764038920264456
"1990","2094",0.761903843236512
"1992","2094",0.739243821945093
"1994","2094",0.745931443896076
"2012","2094",0.74930118984429
"2014","2094",0.742597905131587
"783","2096",0.809937094835607
"785","2096",0.810078853438046
"1118","2096",0.689031152376461
"1119","2096",0.646189630805991
"1335","2096",0.809937094835607
"1336","2096",0.803356609118011
"1338","2096",0.806104442160226
"1340","2096",0.809534035294767
"1342","2096",0.811024183482897
"1344","2096",0.80235897365794
"1346","2096",0.800104116431812
"1358","2096",0.613248091420548
"1393","2096",0.731913279253539
"1395","2096",0.77383789048092
"1397","2096",0.785540188377723
"1762","2096",0.751855089686922
"1764","2096",0.676879944133073
"1766","2096",0.813401448869786
"1768","2096",0.804148003581081
"1770","2096",0.819074428729115
"1772","2096",0.820403948573811
"1774","2096",0.804961529887176
"1776","2096",0.784076621307951
"1778","2096",0.79013574281631
"1780","2096",0.791715383283274
"1946","2096",0.817743633171547
"1948","2096",0.822586155004071
"1950","2096",0.820771735656335
"1952","2096",0.821702406598129
"1954","2096",0.798231926067696
"1956","2096",0.790968585640842
"1958","2096",0.795179629293509
"1960","2096",0.784850433794484
"1962","2096",0.606392471645848
"1964","2096",0.62923623343713
"1966","2096",0.6409205801427
"1968","2096",0.617314429376459
"1970","2096",0.722471382605344
"1972","2096",0.744791356882899
"1974","2096",0.779336429777149
"1976","2096",0.621271402874095
"1978","2096",0.655228376817015
"1980","2096",0.637939270595384
"1984","2096",0.814236720517239
"1986","2096",0.819523199985629
"1988","2096",0.823591333318506
"1990","2096",0.821212799709137
"1992","2096",0.783034105741349
"1994","2096",0.803428729965741
"2012","2096",0.807179267528999
"2014","2096",0.799719246361555
"2094","2096",0.677742478645131
"2092","2098",0.702749229182546
"1114","2100",0.64060043740515
"1115","2100",0.637679543161982
"1116","2100",0.619530263781932
"1505","2100",0.634419178993251
"1114","2102",0.608108758106674
"1115","2102",0.60329129783675
"1505","2102",0.600200353036479
"2100","2102",0.827200846353345
"2101","2103",0.731905241411586
"2108","2110",0.736284753908997
"2109","2111",0.722437582100324
"872","2112",0.633860168904864
"874","2112",0.656149234697762
"1934","2112",0.781217470524077
"1935","2112",0.667306003524935
"1936","2112",0.768491551804942
"1937","2112",0.681624321905091
"872","2113",0.769970614544218
"874","2113",0.77149576636851
"1934","2113",0.749205844194042
"1935","2113",0.81436677396368
"1936","2113",0.737822258286175
"1937","2113",0.833455820163125
"2112","2113",0.632227697734055
"872","2114",0.611804443366628
"874","2114",0.633660790313531
"1934","2114",0.720910436702674
"1935","2114",0.643576544682434
"1936","2114",0.721288561102437
"1937","2114",0.657168801294095
"2112","2114",0.662407627163058
"872","2115",0.709619460221881
"874","2115",0.710975238037766
"1934","2115",0.694289860659135
"1935","2115",0.749032371426111
"1936","2115",0.681010091717925
"1937","2115",0.765946097065797
"2112","2115",0.629583918889223
"2113","2115",0.707919407857871
"187","2116",0.83946302103226
"189","2116",0.772124862476286
"2050","2116",0.83946302103226
"2052","2116",0.772124862476286
"2054","2116",0.83946302103226
"2056","2116",0.772124862476286
"187","2118",0.803677781231742
"189","2118",0.782376944260018
"2050","2118",0.803677781231742
"2052","2118",0.782376944260018
"2054","2118",0.803677781231742
"2056","2118",0.782376944260018
"2116","2118",0.778367451781463
"187","2120",0.83946302103226
"189","2120",0.772124862476286
"2050","2120",0.83946302103226
"2052","2120",0.772124862476286
"2054","2120",0.83946302103226
"2056","2120",0.772124862476286
"2116","2120",1
"2118","2120",0.778367451781463
"2117","2121",1
"187","2122",0.803677781231742
"189","2122",0.782376944260018
"2050","2122",0.803677781231742
"2052","2122",0.782376944260018
"2054","2122",0.803677781231742
"2056","2122",0.782376944260018
"2116","2122",0.778367451781463
"2118","2122",1
"2120","2122",0.778367451781463
"187","2123",0.83946302103226
"189","2123",0.772124862476286
"2050","2123",0.83946302103226
"2052","2123",0.772124862476286
"2054","2123",0.83946302103226
"2056","2123",0.772124862476286
"2116","2123",1
"2118","2123",0.778367451781463
"2120","2123",1
"2122","2123",0.778367451781463
"2117","2124",1
"2121","2124",1
"2022","2125",1
"2023","2126",1
"2025","2126",0.712627537322797
"2024","2127",1
"2023","2128",0.712627537322797
"2025","2128",1
"2126","2128",0.712627537322797
"588","2129",0.620428784873469
"590","2129",0.606728040670668
"588","2131",0.607848106322619
"2129","2131",0.917173249456893
"2130","2132",0.776496261670931
"2133","2135",0.700976198055353
"2134","2136",0.60996203962695
"688","2137",0.614821918628594
"689","2137",0.603163722676437
"864","2137",0.811337894798739
"865","2137",0.628523738403642
"866","2137",0.819390693543013
"867","2137",0.604946133244289
"868","2137",0.74341075413421
"870","2137",0.611444011312555
"876","2137",0.729101501716915
"877","2137",0.642852505386729
"878","2137",0.728606238278751
"880","2137",0.741321095309991
"1049","2137",0.635996792854753
"1051","2137",0.730521585462531
"1147","2137",0.668247474733744
"1148","2137",0.719489781130246
"1149","2137",0.679009751527907
"1150","2137",0.823858613552195
"1573","2137",0.842361247501164
"1574","2137",0.772074399241404
"1575","2137",0.795321809480956
"1576","2137",0.810604754217019
"2066","2137",0.7565230896727
"2068","2137",0.682883977011988
"688","2139",0.615799236104363
"864","2139",0.836656103176235
"866","2139",0.820868946097542
"867","2139",0.605901002700294
"868","2139",0.744695339596003
"870","2139",0.612413631349062
"876","2139",0.730350578456024
"877","2139",0.643894463185533
"878","2139",0.729854091671337
"880","2139",0.742600475616678
"1049","2139",0.603177078886492
"1051","2139",0.69058462363603
"1147","2139",0.646831156292647
"1148","2139",0.72071518427489
"1149","2139",0.654409341864568
"1150","2139",0.825348513380752
"1573","2139",0.813304074210359
"1574","2139",0.773431049962448
"1575","2139",0.779713651622849
"1576","2139",0.812060184724517
"2066","2139",0.71888929622361
"2068","2139",0.646910752908488
"2137","2139",0.808379483932316
"864","2140",0.692367283255795
"866","2140",0.698771478528888
"868","2140",0.638100693874643
"876","2140",0.626610654066729
"878","2140",0.626212589082149
"880","2140",0.673676836626144
"1148","2140",0.618880718478253
"1149","2140",0.600997913784642
"1150","2140",0.743258159074135
"1573","2140",0.692771088277342
"1574","2140",0.661054705522639
"1575","2140",0.652862122247811
"1576","2140",0.691783937248725
"2066","2140",0.655085496217884
"2137","2140",0.688862085514162
"2139","2140",0.690013026797432
"1114","2142",0.712372251375142
"1115","2142",0.7012453230296
"1116","2142",0.687736984463794
"1117","2142",0.603011352244546
"1505","2142",1
"1611","2142",0.647590846638293
"2048","2142",0.62317903176744
"2100","2142",0.634419178993251
"2102","2142",0.600200353036479
"1506","2143",1
"81","2147",0.619349654475966
"83","2147",0.62081911768788
"1501","2147",0.611743102024811
"1502","2147",0.617920905175714
"1503","2147",0.637362857031866
"1504","2147",0.63217795927581
"1522","2147",0.64703028433294
"1524","2147",0.647008483197761
"1526","2147",0.641570399784038
"1528","2147",0.63690407487161
"1540","2147",0.642099870725096
"1554","2147",0.643947837771033
"1567","2147",0.63690407487161
"81","2149",0.60501747560755
"83","2149",0.607249845485434
"1501","2149",0.642313328253892
"1502","2149",0.648939878326808
"1503","2149",0.669805832193354
"1504","2149",0.664239452059245
"1522","2149",0.68018782047954
"1524","2149",0.680164403186
"1526","2149",0.674323852270001
"1528","2149",0.669313245030367
"1540","2149",0.67489245021315
"1554","2149",0.676877078246249
"1567","2149",0.669313245030367
"1501","2152",0.620032484155814
"1502","2152",0.626330936588067
"1503","2152",0.646155607750415
"1504","2152",0.640868201430693
"1522","2152",0.656015007342388
"1524","2152",0.655992772069412
"1526","2152",0.650446568692184
"1528","2152",0.645687742387382
"1540","2152",0.650986551503145
"1554","2152",0.652871232761544
"1567","2152",0.645687742387382
"1501","2154",0.628936783800673
"1502","2154",0.635365694998127
"1503","2154",0.655604315216344
"1504","2154",0.65020601916929
"1522","2154",0.665671414625195
"1524","2154",0.665648709601074
"1526","2154",0.659985523419191
"1528","2154",0.655126623521825
"1540","2154",0.660536879212153
"1554","2154",0.662461283205923
"1567","2154",0.655126623521825
"1496","2159",0.670274606399617
"1497","2159",0.617332671232569
"1498","2159",0.69338729192176
"1499","2159",0.619974476705921
"1500","2159",0.670274606399617
"1690","2159",0.604222023353613
"1692","2159",0.658716876104753
"1693","2159",0.614085390379475
"1694","2159",0.622242960824212
"1695","2159",0.607136382004832
"1696","2159",0.619496712778434
"1698","2159",0.612142936858067
"1700","2159",0.612437006931643
"1497","2160",0.705943556100351
"1499","2160",0.716594206796363
"1691","2160",0.707672303136032
"1692","2160",0.640972011438535
"1693","2160",0.715833129483595
"1695","2160",0.725868103777657
"1697","2160",0.733524572076648
"1699","2160",0.662452299037333
"1701","2160",0.665216341490051
"1703","2160",0.680222536848742
"2159","2160",0.659183365248835
"1496","2161",0.668275276289135
"1497","2161",0.61138714160773
"1498","2161",0.690271434833844
"1499","2161",0.614287755081054
"1500","2161",0.668275276289135
"1692","2161",0.649347072046675
"1693","2161",0.605799662721441
"1694","2161",0.614841391423734
"1696","2161",0.610778437426838
"1698","2161",0.603579131387521
"1700","2161",0.603989789322533
"2159","2161",0.95933586689474
"2160","2161",0.646297204817005
"1497","2162",0.717075814149639
"1499","2162",0.726616418210273
"1691","2162",0.718566360345999
"1692","2162",0.651359864759091
"1693","2162",0.727393411064899
"1695","2162",0.737529790880504
"1697","2162",0.744999392428565
"1699","2162",0.67235335750376
"1701","2162",0.675467885113718
"1703","2162",0.690804540543682
"2159","2162",0.663593832993268
"2160","2162",0.933297696853445
"2161","2162",0.651366270330173
"2159","2163",0.685499778939554
"2161","2163",0.679794274320692
"2163","2165",0.724813306905827
"2164","2166",0.702606943544849
"1782","2167",0.733345621141796
"1791","2167",0.615422976963111
"1793","2167",0.609526234042051
"2169","2171",0.650622733271271
"2170","2171",0.654928601352771
"2170","2172",0.757863975611203
"2171","2172",0.659183328423944
"2171","2173",0.64578181977874
"2170","2174",0.763552752172566
"2171","2174",0.678515110032519
"2172","2174",0.794605249670838
"2175","2177",0.894172456122168
"2176","2177",0.606945703388627
"2175","2178",0.607308462632419
"2176","2178",0.833259134045638
"2177","2178",0.620837173189956
"588","2181",0.73247671717799
"590","2181",0.71603979767337
"588","2183",0.717107880150208
"590","2183",0.705450993632292
"2181","2183",0.887261957190131
"2182","2184",0.83750362364849
"2182","2188",0.75668211309078
"2184","2188",0.738896024601456
"2187","2189",0.712382787162698
"2182","2190",0.663857881167538
"2184","2190",0.649113138036198
"2188","2190",0.609511538146102
"276","2193",0.610068725670429
"921","2193",0.610068725670429
"923","2193",0.615104471303943
"929","2193",0.612131608131476
"931","2193",0.610284517273472
"276","2197",0.630359646238309
"921","2197",0.630359646238309
"923","2197",0.635637883114381
"929","2197",0.632521768200868
"931","2197",0.63058581267666
"1934","2201",0.646924155218574
"1936","2201",0.627089276754798
"872","2202",0.660411496008996
"874","2202",0.661633985838888
"1934","2202",0.646374017095422
"1935","2202",0.695910763675658
"1936","2202",0.634591620260701
"1937","2202",0.711121034521562
"2113","2202",0.656789466308415
"2115","2202",0.619127207319824
"74","2203",0.625120292652646
"75","2203",0.749895656651476
"76","2203",0.628509152650198
"77","2203",0.743549733745237
"1996","2203",0.627812996308266
"1998","2203",1
"1999","2204",1
"2000","2205",1
"2001","2206",1
"1996","2207",1
"1998","2207",0.627812996308266
"2203","2207",0.627812996308266
"1997","2208",1
"1996","2209",1
"1998","2209",0.627812996308266
"2203","2209",0.627812996308266
"2207","2209",1
"1997","2210",1
"2208","2210",1
"1722","2215",0.784381482423373
"1723","2215",0.759320038601725
"1724","2215",0.784381482423373
"2158","2216",0.627387893722333
"1722","2217",0.781847846521548
"1723","2217",0.768518884929846
"1724","2217",0.781847846521548
"2215","2217",0.955387671977827
"2158","2218",0.618676533178613
"2216","2218",0.958297627372641
"112","2219",0.692884841334513
"1460","2219",0.704685017705356
"1462","2219",0.650762779373857
"1569","2219",0.875917249366414
"1570","2219",0.765764593593949
"1571","2219",0.870865666744978
"1572","2219",0.772934147000048
"1797","2219",0.629911820604342
"1798","2219",0.766339288283628
"1832","2219",0.614966460804037
"1838","2219",0.682194224976015
"1839","2219",0.695460290367403
"1840","2219",0.621859245946374
"1841","2219",0.651036450565014
"1858","2219",0.664297050560934
"2070","2219",0.66356448903815
"1460","2220",0.675678127098114
"1569","2220",0.815216688282799
"1570","2220",0.777092460310819
"1571","2220",0.831335747547182
"1572","2220",0.798852105816586
"1798","2220",0.750033541785986
"1838","2220",0.642726043680546
"1839","2220",0.712338028483638
"1841","2220",0.666375554270916
"1858","2220",0.639590092872265
"2070","2220",0.602676687533395
"2219","2220",0.809257743374463
"112","2221",0.69056595110329
"1460","2221",0.723460349172584
"1462","2221",0.659813579553128
"1569","2221",0.877170365955325
"1570","2221",0.78236055093183
"1571","2221",0.883352351683193
"1572","2221",0.788738561796294
"1797","2221",0.612325801711006
"1798","2221",0.788529046177971
"1832","2221",0.619332883876037
"1838","2221",0.699406347708417
"1839","2221",0.716984103057885
"1840","2221",0.637109679762338
"1841","2221",0.670595553801961
"1858","2221",0.681695523470095
"2070","2221",0.624543168346727
"2219","2221",0.875527133820798
"2220","2221",0.82343331905064
"1460","2222",0.689250163273875
"1461","2222",0.608837405704969
"1462","2222",0.608598121441941
"1569","2222",0.817321137100663
"1570","2222",0.815344597816753
"1571","2222",0.832569379073071
"1572","2222",0.822114770571799
"1798","2222",0.770858654263108
"1838","2222",0.652351699958878
"1839","2222",0.746036507152555
"1841","2222",0.696959652056211
"1858","2222",0.651933220167791
"2219","2222",0.818050209265275
"2220","2222",0.83940900773984
"2221","2222",0.845298208207969
"112","2223",0.709594453969378
"1460","2223",0.729742403136424
"1462","2223",0.654599460122245
"1569","2223",0.887583871113246
"1570","2223",0.792924747729381
"1571","2223",0.899356622427648
"1572","2223",0.798106398720203
"1797","2223",0.601937152348726
"1798","2223",0.79451404543409
"1832","2223",0.610501040116167
"1838","2223",0.706290913969047
"1839","2223",0.720574510740681
"1840","2223",0.642876329039493
"1841","2223",0.673855962288636
"1858","2223",0.687270230134102
"2070","2223",0.647751264428701
"2219","2223",0.882378736107428
"2220","2223",0.834378732798931
"2221","2223",0.898207044985139
"2222","2223",0.849852089513502
"1460","2224",0.672322002256737
"1569","2224",0.801478113812686
"1570","2224",0.800766235282983
"1571","2224",0.817407021879835
"1572","2224",0.80576954696646
"1798","2224",0.75099023679379
"1838","2224",0.636702652277907
"1839","2224",0.727078103142752
"1841","2224",0.679760181071278
"1858","2224",0.636298492494915
"2070","2224",0.613511421402695
"2219","2224",0.80496117887269
"2220","2224",0.823321952444189
"2221","2224",0.82262276590228
"2222","2224",0.858107093257448
"2223","2224",0.862988719369673
"112","2225",0.703855195561965
"1460","2225",0.726509474914577
"1462","2225",0.65427920378482
"1569","2225",0.87901295411024
"1570","2225",0.790561841889563
"1571","2225",0.888420359720034
"1572","2225",0.788593019522595
"1797","2225",0.602715015547541
"1798","2225",0.790685152470559
"1832","2225",0.611153738122828
"1838","2225",0.703331823121196
"1839","2225",0.716857261916924
"1840","2225",0.640255422163925
"1841","2225",0.670480359101373
"1858","2225",0.684275242209874
"2070","2225",0.65054821391819
"2219","2225",0.882921313960147
"2220","2225",0.823885161993341
"2221","2225",0.89551924504533
"2222","2225",0.845137374354587
"2223","2225",0.908941922872878
"2224","2225",0.831644925790083
"1460","2226",0.689985349709095
"1462","2226",0.610590827692809
"1569","2226",0.823518872641513
"1570","2226",0.807052831419422
"1571","2226",0.839916215236591
"1572","2226",0.811211470532868
"1798","2226",0.767690805529693
"1838","2226",0.65540197333244
"1839","2226",0.731327598310039
"1840","2226",0.600413276611081
"1841","2226",0.683616922636062
"1858","2226",0.652833676086396
"2070","2226",0.635907290313091
"2219","2226",0.827220327862759
"2220","2226",0.835880516393362
"2221","2226",0.843045184299535
"2222","2226",0.863505260527668
"2223","2226",0.880383640135269
"2224","2226",0.891002537133786
"2225","2226",0.854762035211658
"723","2227",1
"724","2227",0.646979253856136
"725","2227",0.824019128162922
"726","2227",0.636234367119479
"727","2227",0.759869500421235
"723","2228",0.646979253856136
"724","2228",1
"725","2228",0.71323298843416
"726","2228",0.836426337838262
"727","2228",0.676339550340547
"2227","2228",0.646979253856136
"723","2229",0.824019128162922
"724","2229",0.71323298843416
"725","2229",1
"726","2229",0.702100269512075
"727","2229",0.756529685587212
"2227","2229",0.824019128162922
"2228","2229",0.71323298843416
"723","2230",0.636234367119479
"724","2230",0.836426337838262
"725","2230",0.702100269512075
"726","2230",1
"727","2230",0.667901240686695
"2227","2230",0.636234367119479
"2228","2230",0.836426337838262
"2229","2230",0.702100269512075
"723","2231",0.759869500421235
"724","2231",0.676339550340547
"725","2231",0.756529685587212
"726","2231",0.667901240686695
"727","2231",1
"2227","2231",0.759869500421235
"2228","2231",0.676339550340547
"2229","2231",0.756529685587212
"2230","2231",0.667901240686695
"723","2232",0.63112906410183
"724","2232",0.797910444073342
"725","2232",0.676563070574372
"726","2232",0.778014068904941
"727","2232",0.68413839567187
"2227","2232",0.63112906410183
"2228","2232",0.797910444073342
"2229","2232",0.676563070574372
"2230","2232",0.778014068904941
"2231","2232",0.68413839567187
"728","2233",1
"729","2234",1
"731","2234",0.654402987484154
"730","2235",1
"729","2236",0.654402987484154
"731","2236",1
"2234","2236",0.654402987484154
"2237","2239",0.741158346820333
"2238","2240",0.620686559999895
"75","2259",0.643773692864779
"77","2259",0.649160387184367
"2257","2259",0.7761456074523
"2263","2265",0.763258706214104
"2264","2266",0.750327945689994
"744","2271",1
"746","2271",0.65977284552943
"836","2271",0.616596754499396
"838","2271",0.645171879729876
"1635","2271",0.636076657689566
"1637","2271",0.634590374961994
"1639","2271",0.602806330433604
"1641","2271",0.608306418043526
"2002","2271",0.621388684620132
"2004","2271",0.621116826940964
"745","2272",1
"744","2273",0.65977284552943
"746","2273",1
"747","2273",0.646704463287416
"832","2273",0.668414678772283
"834","2273",0.641552007357685
"836","2273",0.692668952234213
"837","2273",0.641229543896701
"838","2273",0.726522588086697
"839","2273",0.603994789720585
"943","2273",0.635046447738865
"1248","2273",0.651102612268835
"1260","2273",0.651102612268835
"1635","2273",0.715734823263627
"1637","2273",0.713973050231433
"1639","2273",0.676372797397057
"1641","2273",0.682868942514243
"1805","2273",0.659103882852578
"1807","2273",0.666818263010603
"2002","2273",0.698338008094517
"2004","2273",0.698016301048781
"2008","2273",0.611597225719246
"2076","2273",0.618290225275054
"2088","2273",0.645902128499801
"2090","2273",0.638599765258348
"2271","2273",0.65977284552943
"746","2274",0.646704463287416
"747","2274",1
"836","2274",0.6372540031497
"838","2274",0.667233601784071
"1248","2274",0.600340065239835
"1260","2274",0.600340065239835
"1635","2274",0.657688345368623
"1637","2274",0.656128784729421
"1639","2274",0.62279586310862
"1641","2274",0.628561455060062
"1805","2274",0.607455005523837
"1807","2274",0.614310616415042
"2002","2274",0.642279510448447
"2004","2274",0.641994380098538
"2273","2274",0.646704463287416
"112","2275",0.686475942500549
"1460","2275",0.750246399900183
"1462","2275",0.677461631184676
"1569","2275",0.876414312333201
"1570","2275",0.794222447044652
"1571","2275",0.884388939121893
"1572","2275",0.792094396024744
"1797","2275",0.606439445425058
"1798","2275",0.790533756992954
"1832","2275",0.6135356259875
"1838","2275",0.699976686036201
"1839","2275",0.719908361901407
"1840","2275",0.637753801746544
"1841","2275",0.67325108833853
"1858","2275",0.682872862937084
"2070","2275",0.654998910977028
"2219","2275",0.88351981689472
"2220","2275",0.82660866292489
"2221","2275",0.895307967087875
"2222","2275",0.849006997567171
"2223","2275",0.907213227468752
"2224","2275",0.835594977484059
"2225","2275",0.907008121263656
"2226","2275",0.858137326871567
"1460","2276",0.669017524036746
"1569","2276",0.797646075106108
"1570","2276",0.789615685806627
"1571","2276",0.813589983440318
"1572","2276",0.808379567547628
"1798","2276",0.747115701088711
"1838","2276",0.633646473511987
"1839","2276",0.723379900148657
"1841","2276",0.676403060979724
"1858","2276",0.633245094597276
"2219","2276",0.792198937082898
"2220","2276",0.829734517004383
"2221","2276",0.818204852567745
"2222","2276",0.853411991185711
"2223","2276",0.828445231921601
"2224","2276",0.836552218882331
"2225","2276",0.818051401997956
"2226","2276",0.842368628257664
"2275","2276",0.821743216572953
"1820","2277",0.605640795794335
"2277","2278",0.784937415469419
"1820","2279",0.606306619670869
"2277","2279",0.889817875365706
"2278","2279",0.835370936639669
"2277","2280",0.749899451732348
"2278","2280",0.84717351682547
"2279","2280",0.796539363020973
"112","2283",0.694967879234592
"1460","2283",0.73681705398845
"1461","2283",0.602027261967674
"1462","2283",0.651450057809837
"1569","2283",0.89635587641706
"1570","2283",0.813094358868038
"1571","2283",0.912851572482936
"1572","2283",0.819962966553006
"1797","2283",0.603588354158773
"1798","2283",0.806170578575139
"1832","2283",0.604033964821013
"1838","2283",0.710237103805578
"1839","2283",0.73692679975999
"1840","2283",0.647080011022231
"1841","2283",0.688697288277565
"1858","2283",0.69435629150215
"1859","2283",0.603379022889201
"2070","2283",0.664089559863314
"2219","2283",0.89941112923537
"2220","2283",0.854153529746653
"2221","2283",0.900980811294313
"2222","2283",0.870623109797676
"2223","2283",0.924116345653078
"2224","2283",0.863017034413553
"2225","2283",0.91540162479144
"2226","2283",0.885935801163199
"2275","2283",0.914144335423955
"2276","2283",0.850033500345577
"1460","2284",0.696409905017312
"1461","2284",0.614829172431597
"1462","2284",0.614586517186256
"1569","2284",0.842683084353741
"1570","2284",0.835467039496613
"1571","2284",0.860399057430577
"1572","2284",0.851641449094886
"1798","2284",0.779271880373693
"1838","2284",0.65896691781323
"1839","2284",0.754061517577123
"1840","2284",0.602949166651879
"1841","2284",0.704234954319637
"1858","2284",0.658542344737971
"2070","2284",0.643208037455198
"2219","2284",0.844484096449559
"2220","2284",0.867641659744656
"2221","2284",0.854910317318354
"2222","2284",0.892441112274743
"2223","2284",0.880275851995892
"2224","2284",0.882873245820503
"2225","2284",0.863281544087022
"2226","2284",0.890831303822913
"2275","2284",0.867421471138436
"2276","2284",0.871595778641271
"2283","2284",0.913777688112008
"112","2285",0.703629666774247
"1460","2285",0.742371575968533
"1461","2285",0.604461171817224
"1462","2285",0.656124560708592
"1569","2285",0.899034187626326
"1570","2285",0.815980858829384
"1571","2285",0.91544709097795
"1572","2285",0.822797398303942
"1797","2285",0.600752620579037
"1798","2285",0.811516636850251
"1832","2285",0.608514172397491
"1838","2285",0.716270613204704
"1839","2285",0.74018116092523
"1840","2285",0.652157978656019
"1841","2285",0.691649398582588
"1858","2285",0.699299470009928
"1859","2285",0.606985302027691
"2070","2285",0.657426298415237
"2219","2285",0.901614842579289
"2220","2285",0.857670356959997
"2221","2285",0.908310529357207
"2222","2285",0.87476280866784
"2223","2285",0.930226195298324
"2224","2285",0.865338159165835
"2225","2285",0.921777356323186
"2226","2285",0.88825297543347
"2275","2285",0.920093280127711
"2276","2285",0.853171855434905
"2283","2285",0.968253450263531
"2284","2285",0.9061916653474
"1144","2286",0.601300077017471
"1460","2286",0.701955628892525
"1461","2286",0.6194674374821
"1462","2286",0.619222164519923
"1569","2286",0.849763585474074
"1570","2286",0.838361820003469
"1571","2286",0.867595825305229
"1572","2286",0.85383806776161
"1798","2286",0.785792498507942
"1838","2286",0.664089457400578
"1839","2286",0.760280096256666
"1840","2286",0.607459855636952
"1841","2286",0.709870513030274
"1858","2286",0.663660149977543
"2070","2286",0.649150282791669
"2219","2286",0.85222609068221
"2220","2286",0.875020643498953
"2221","2286",0.862364257513845
"2222","2286",0.900372589325158
"2223","2286",0.88129026751642
"2224","2286",0.890613975257586
"2225","2286",0.871176414139815
"2226","2286",0.898712656686178
"2275","2286",0.875381594069046
"2276","2286",0.878913415611152
"2283","2286",0.923908500900355
"2284","2286",0.948396002914508
"2285","2286",0.925290063957813
"112","2287",0.698007099959562
"1460","2287",0.740831102699189
"1461","2287",0.605146803683091
"1462","2287",0.65481357011531
"1569","2287",0.89517328263153
"1570","2287",0.817534475992577
"1571","2287",0.912897368374707
"1572","2287",0.822632419970973
"1798","2287",0.810754833514917
"1832","2287",0.607052605539801
"1838","2287",0.714045084734504
"1839","2287",0.741098195699878
"1840","2287",0.650411021334098
"1841","2287",0.692481171569692
"1858","2287",0.698043185162729
"1859","2287",0.60640122192467
"2070","2287",0.6602978905037
"2219","2287",0.899799251542409
"2220","2287",0.85846477145992
"2221","2287",0.906346564137917
"2222","2287",0.875929672789773
"2223","2287",0.933062698514588
"2224","2287",0.867188784312894
"2225","2287",0.920339338169695
"2226","2287",0.889977190066674
"2275","2287",0.919053360041359
"2276","2287",0.854445236652042
"2283","2287",0.96465690724779
"2284","2287",0.90593724560343
"2285","2287",0.969950882467002
"2286","2287",0.915443379542216
"1144","2288",0.601370143280077
"1460","2288",0.702043060031032
"1461","2288",0.619540542815698
"1462","2288",0.619295228537853
"1569","2288",0.841601242362883
"1570","2288",0.843399223929918
"1571","2288",0.859330673164937
"1572","2288",0.846031975657434
"1798","2288",0.785895326987656
"1838","2288",0.664170207036918
"1839","2288",0.760378153632257
"1840","2288",0.607530947491243
"1841","2288",0.709959362714673
"1858","2288",0.663740824872867
"2070","2288",0.645781096969408
"2219","2288",0.844140965810597
"2220","2288",0.865288205793749
"2221","2288",0.862481832980044
"2222","2288",0.90049771233121
"2223","2288",0.882669818187761
"2224","2288",0.892123267232565
"2225","2288",0.872780182534364
"2226","2288",0.900653912076262
"2275","2288",0.877041322584788
"2276","2288",0.879328215926873
"2283","2288",0.915602072390753
"2284","2288",0.930330639602975
"2285","2288",0.917446720298727
"2286","2288",0.938537628014692
"2287","2288",0.919849068921317
"112","2289",0.699444354337516
"1460","2289",0.745785207905976
"1461","2289",0.609059080924608
"1462","2289",0.658962335948058
"1569","2289",0.903005569672804
"1570","2289",0.823306404808732
"1571","2289",0.919548405124088
"1572","2289",0.830111576415693
"1797","2289",0.603503711609346
"1798","2289",0.816448417272672
"1832","2289",0.610765515033108
"1838","2289",0.718718631182834
"1839","2289",0.746333239248614
"1840","2289",0.654504534464277
"1841","2289",0.697228717057096
"1858","2289",0.702597900102413
"1859","2289",0.610148233455258
"2070","2289",0.663236409261076
"2219","2289",0.905648875169546
"2220","2289",0.864780330991424
"2221","2289",0.91297756323758
"2222","2289",0.882593870480176
"2223","2289",0.935263486629059
"2224","2289",0.873438660614368
"2225","2289",0.92672870147782
"2226","2289",0.896265946942712
"2275","2289",0.92543110059206
"2276","2289",0.860851642216122
"2283","2289",0.971529426301928
"2284","2289",0.912885474562382
"2285","2289",0.976923849026398
"2286","2289",0.922588139643458
"2287","2289",0.974406546247009
"2288","2289",0.92654409435811
"1460","2290",0.698397628544162
"1461","2290",0.616491917694151
"1462","2290",0.616248324857874
"1569","2290",0.844504678032655
"1570","2290",0.834925612954641
"1571","2290",0.8620442936768
"1572","2290",0.848594885937027
"1798","2290",0.78160863221575
"1838","2290",0.660803102598973
"1839","2290",0.756290144852112
"1840","2290",0.604566216892086
"1841","2290",0.706254844411443
"1858","2290",0.660376834080403
"2070","2290",0.651557028695495
"2219","2290",0.848829439864906
"2220","2290",0.869429188554218
"2221","2290",0.857581124500555
"2222","2290",0.895282808208964
"2223","2290",0.877204665643134
"2224","2290",0.88656154703834
"2225","2290",0.868057696858199
"2226","2290",0.900198077558076
"2275","2290",0.872293027295979
"2276","2290",0.873599600084769
"2283","2290",0.911547262951783
"2284","2290",0.932268702075673
"2285","2290",0.912645360024884
"2286","2290",0.940664132612247
"2287","2290",0.907086206843659
"2288","2290",0.934093631315599
"2289","2290",0.921637314692623
"2070","2291",0.706480922366635
"2219","2291",0.620319989173845
"2223","2291",0.623323823419771
"2225","2291",0.634797207537101
"2226","2291",0.605647101683885
"2275","2291",0.637165896894959
"2283","2291",0.635207215731028
"2285","2291",0.633214669881871
"2286","2291",0.602447650974354
"2287","2291",0.635981601770747
"2288","2291",0.609204972901886
"2289","2291",0.638415314083766
"2290","2291",0.607304545877863
"2070","2292",0.676891129887857
"2288","2292",0.601067022100406
"2291","2292",0.812748434745297
"2070","2293",0.703502598967624
"2219","2293",0.608061803856819
"2223","2293",0.617889400973933
"2225","2293",0.628523055390795
"2226","2293",0.604012919709201
"2275","2293",0.629223305086209
"2283","2293",0.644319506328038
"2284","2293",0.601231732945704
"2285","2293",0.642479619568065
"2286","2293",0.609918917794908
"2287","2293",0.641451167799146
"2288","2293",0.606999075359206
"2289","2293",0.644324990650438
"2290","2293",0.60513764687282
"2291","2293",0.866497180981365
"2292","2293",0.817745252293839
"2070","2294",0.676293285623087
"2226","2294",0.600287892323999
"2286","2294",0.600172295871814
"2288","2294",0.607009641087237
"2290","2294",0.612260981567764
"2291","2294",0.784484488512679
"2292","2294",0.797532719088204
"2293","2294",0.800083997194531
"2070","2295",0.703935111572032
"2219","2295",0.617009019928812
"2223","2295",0.627380641655319
"2225","2295",0.637806848682572
"2226","2295",0.61208408916949
"2275","2295",0.638380720966168
"2283","2295",0.644464221485034
"2284","2295",0.602382911095745
"2285","2295",0.64264139326343
"2286","2295",0.608490709524745
"2287","2295",0.645276677240237
"2288","2295",0.615318434673385
"2289","2295",0.647768686839241
"2290","2295",0.613387511327358
"2291","2295",0.872439694364023
"2292","2295",0.822003551634381
"2293","2295",0.893625547988301
"2294","2295",0.802267261496203
"2070","2296",0.693844071455802
"2224","2296",0.601543891053538
"2225","2296",0.612611463015734
"2226","2296",0.615260316347603
"2275","2296",0.608173868532982
"2283","2296",0.616731708585816
"2284","2296",0.617988301979496
"2285","2296",0.613124745429938
"2286","2296",0.624273621217287
"2287","2296",0.617433930719053
"2288","2296",0.631159585997395
"2289","2296",0.619857809022334
"2290","2296",0.629128909938882
"2291","2296",0.793893082901647
"2292","2296",0.817293278109522
"2293","2296",0.809871313143865
"2294","2296",0.801738399040703
"2295","2296",0.805459288962316
"112","2297",0.698963756533144
"1460","2297",0.742360858474859
"1461","2297",0.605973411469232
"1462","2297",0.656099447652587
"1569","2297",0.901764896430038
"1570","2297",0.817495760262807
"1571","2297",0.919724406175765
"1572","2297",0.823677527724448
"1797","2297",0.608485363974814
"1798","2297",0.812310953552198
"1832","2297",0.60826130293663
"1838","2297",0.715642260585223
"1839","2297",0.742203950572141
"1840","2297",0.651770284528573
"1841","2297",0.693484064903111
"1858","2297",0.699418007723158
"1859","2297",0.60744275742054
"2070","2297",0.658475752520406
"2219","2297",0.894423092500368
"2220","2297",0.85959518992796
"2221","2297",0.90837277066332
"2222","2297",0.877336876425755
"2223","2297",0.936863642188701
"2224","2297",0.870291096071656
"2225","2297",0.920479967969959
"2226","2297",0.889172065624943
"2275","2297",0.919049112813259
"2276","2297",0.855516043704731
"2283","2297",0.954320193402578
"2284","2297",0.902863800536804
"2285","2297",0.957437651756921
"2286","2297",0.910785886839523
"2287","2297",0.960585243897835
"2288","2297",0.919428934829815
"2289","2297",0.963630124730561
"2290","2297",0.906382480410954
"2291","2297",0.62848000528579
"2293","2297",0.628154655289624
"2295","2297",0.641637117235183
"2296","2297",0.609480536350936
"1460","2298",0.697225369722928
"1461","2298",0.615511352218394
"1462","2298",0.615268312415793
"1569","2298",0.834679527771221
"1570","2298",0.832511763967612
"1571","2298",0.851954362724274
"1572","2298",0.839123926490425
"1798","2298",0.780230480246577
"1838","2298",0.659720232767635
"1839","2298",0.754975777411571
"1840","2298",0.603612604286192
"1841","2298",0.70506361097854
"1858","2298",0.659294964334212
"2070","2298",0.63612188766427
"2219","2298",0.836875361447717
"2220","2298",0.864024213854303
"2221","2298",0.856005899901929
"2222","2298",0.893606765216533
"2223","2298",0.874612875803752
"2224","2298",0.88880091985015
"2225","2298",0.865093530686006
"2226","2298",0.896714633370395
"2275","2298",0.869266241698689
"2276","2298",0.871928369272307
"2283","2298",0.899856622163381
"2284","2298",0.926622805048901
"2285","2298",0.902111960717832
"2286","2298",0.934554172596775
"2287","2298",0.904093599412564
"2288","2298",0.931003298731075
"2289","2298",0.910745364939758
"2290","2298",0.929247672855967
"2291","2298",0.600049841295569
"2294","2298",0.610747433855115
"2295","2298",0.606053280943077
"2296","2298",0.621706736416737
"2297","2298",0.903697633450574
"112","2299",0.716488826867073
"1460","2299",0.753090207390028
"1461","2299",0.613056578865651
"1462","2299",0.665096424858725
"1569","2299",0.913403445278604
"1570","2299",0.828475592552375
"1571","2299",0.930204024321707
"1572","2299",0.836525039391634
"1797","2299",0.608704774211747
"1798","2299",0.823905856556292
"1832","2299",0.616522619730754
"1838","2299",0.726330576413637
"1839","2299",0.751686443002258
"1840","2299",0.660980021680925
"1841","2299",0.702082077992406
"1858","2299",0.709163090774254
"1859","2299",0.615128064136418
"2070","2299",0.663423582599441
"2219","2299",0.903932689099116
"2220","2299",0.871862333527546
"2221","2299",0.922672592860184
"2222","2299",0.889413674645346
"2223","2299",0.9494188614865
"2224","2299",0.879155438059018
"2225","2299",0.935315480273227
"2226","2299",0.902114180734894
"2275","2299",0.93362072280693
"2276","2299",0.867579375150493
"2283","2299",0.959882380012326
"2284","2299",0.914881037846889
"2285","2299",0.965559911237955
"2286","2299",0.923425339370762
"2287","2299",0.968420165607527
"2288","2299",0.925758779850191
"2289","2299",0.971492451587616
"2290","2299",0.919182085402239
"2291","2299",0.637489083450774
"2293","2299",0.637245291068397
"2295","2299",0.647023157403793
"2296","2299",0.617467582982534
"2297","2299",0.969100437215245
"2298","2299",0.916928311541012
"1144","2300",0.605671330730606
"1460","2300",0.707411888850707
"1461","2300",0.624028539336348
"1462","2300",0.623780685298883
"1569","2300",0.857555982170941
"1570","2300",0.845923644394923
"1571","2300",0.875726567974388
"1572","2300",0.861630431747611
"1798","2300",0.792211284671578
"1838","2300",0.669128171110604
"1839","2300",0.766400585102669
"1840","2300",0.61189517514895
"1841","2300",0.71541543245832
"1858","2300",0.668694193373581
"2070","2300",0.657915508906034
"2219","2300",0.86057641188159
"2220","2300",0.883283823246692
"2221","2300",0.869705284883749
"2222","2300",0.908185752850224
"2223","2300",0.896688630324593
"2224","2300",0.899132517900938
"2225","2300",0.879409550775169
"2226","2300",0.912641234614218
"2275","2300",0.883696483172033
"2276","2300",0.886731276247147
"2283","2300",0.931604590812615
"2284","2300",0.946874359104198
"2285","2300",0.932502819830966
"2286","2300",0.955371386302323
"2287","2300",0.935055160728958
"2288","2300",0.953926176591905
"2289","2300",0.941926218318094
"2290","2300",0.954991934655626
"2291","2300",0.610492146275286
"2292","2300",0.602205502756636
"2293","2300",0.608194531228029
"2294","2300",0.615092545024927
"2295","2300",0.616634859794742
"2296","2300",0.632610540818725
"2297","2300",0.926191704468238
"2298","2300",0.942751414906628
"2299","2300",0.94214290758483
"1569","2301",0.608957315277887
"1571","2301",0.618371930128456
"2070","2301",0.730643908674018
"2219","2301",0.63830914924837
"2221","2301",0.620257548646417
"2223","2301",0.649402391096047
"2224","2301",0.613618052632038
"2225","2301",0.659975668112397
"2226","2301",0.63890219020731
"2275","2301",0.661148447099017
"2283","2301",0.668200188869658
"2284","2301",0.630583374748038
"2285","2301",0.666144193370915
"2286","2301",0.637029774244348
"2287","2301",0.669124138327235
"2288","2301",0.644032590044875
"2289","2301",0.671804438693932
"2290","2301",0.641930999865821
"2291","2301",0.88915814987716
"2292","2301",0.844360568661379
"2293","2301",0.917955771664849
"2294","2301",0.837517369430389
"2295","2301",0.909661480872194
"2296","2301",0.842314084382754
"2297","2301",0.661373772178891
"2298","2301",0.63437079326092
"2299","2301",0.670934060311162
"2300","2301",0.645562168947485
"2070","2302",0.694443304948345
"2286","2302",0.605938176365666
"2288","2302",0.613001058484418
"2289","2302",0.602106861980399
"2290","2302",0.61112347285411
"2291","2302",0.827308059695705
"2292","2302",0.849436775399703
"2293","2302",0.841677839143172
"2294","2302",0.821020073107109
"2295","2302",0.835299115919145
"2296","2302",0.841220213500173
"2298","2302",0.609839431874676
"2300","2302",0.614185450527688
"2301","2302",0.860025907430405
"1571","2303",0.606544341511428
"2070","2303",0.711625383049914
"2219","2303",0.625182683302754
"2221","2303",0.606811448199071
"2223","2303",0.635888094389168
"2225","2303",0.646361128611112
"2226","2303",0.618918774310674
"2275","2303",0.646778550382211
"2283","2303",0.652896314075384
"2284","2303",0.609086897920908
"2285","2303",0.651184740644602
"2286","2303",0.615275275636283
"2287","2303",0.653752318591475
"2288","2303",0.622147531531485
"2289","2303",0.656305949133123
"2290","2303",0.620176871689688
"2291","2303",0.871323506760087
"2292","2303",0.820721861459988
"2293","2303",0.890635302966415
"2294","2303",0.802939875713244
"2295","2303",0.891079322522617
"2296","2303",0.814527969071683
"2297","2303",0.646194570296184
"2298","2303",0.612786260352085
"2299","2303",0.655689721138475
"2300","2303",0.623512729599208
"2301","2303",0.908245580509831
"2302","2303",0.844917196299859
"2070","2304",0.670924856474696
"2290","2304",0.604659722258041
"2291","2304",0.793769119337112
"2292","2304",0.803283746644276
"2293","2304",0.814998040908531
"2294","2304",0.797088874251184
"2295","2304",0.812286592032431
"2296","2304",0.795932058086589
"2300","2304",0.607366449502763
"2301","2304",0.83005345543517
"2302","2304",0.840155424614236
"2303","2304",0.81825148174803
"2016","2305",1
"2017","2306",1
"746","2309",0.668414678772283
"832","2309",1
"834","2309",0.641306356824862
"836","2309",0.62885938619626
"838","2309",0.658265573409741
"1248","2309",0.610857022469446
"1260","2309",0.610857022469446
"1635","2309",0.648904082474899
"1637","2309",0.647374441440599
"1639","2309",0.614673766903022
"1641","2309",0.620331003434989
"1807","2309",0.606347205789056
"2002","2309",0.633789547552179
"2004","2309",0.633509835284616
"2273","2309",0.668414678772283
"833","2310",1
"834","2310",0.614111388289988
"746","2311",0.641552007357685
"832","2311",0.641306356824862
"833","2311",0.614111388289988
"834","2311",1
"836","2311",0.632209578331766
"838","2311",0.661844172216779
"1248","2311",0.61376653441714
"1260","2311",0.61376653441714
"1635","2311",0.65240948661953
"1637","2311",0.650867928063318
"1639","2311",0.617915391056463
"1641","2311",0.623615795862832
"1805","2311",0.602746709521065
"1807","2311",0.609525607531105
"2002","2311",0.637177721706984
"2004","2311",0.636895851123271
"2273","2311",0.641552007357685
"2309","2311",0.641306356824862
"2310","2311",0.614111388289988
"835","2312",1
"430","2313",0.624247388686064
"643","2313",0.619357595513712
"744","2313",0.678299711262563
"746","2313",0.765910424499242
"747","2313",0.702023498640603
"832","2313",0.692376570530679
"834","2313",0.696225542538621
"836","2313",0.753858053087035
"837","2313",0.695862766294321
"838","2313",0.792159472622739
"839","2313",0.610731647004648
"943","2313",0.68890864571037
"1248","2313",0.78484833093713
"1250","2313",0.703766612874355
"1260","2313",0.78484833093713
"1635","2313",0.817155089235171
"1637","2313",0.813505442868558
"1639","2313",0.75429278617501
"1641","2313",0.773837850192247
"1791","2313",0.623307055015389
"1793","2313",0.635565928075294
"1799","2313",0.677864612188875
"1801","2313",0.668322512179734
"1805","2313",0.749282000024433
"1807","2313",0.75904702644586
"2002","2313",0.80432852529582
"2004","2313",0.801967288056181
"2006","2313",0.622927175572336
"2008","2313",0.701585750638804
"2074","2313",0.678028087919117
"2076","2313",0.699968648056515
"2088","2313",0.737482499768576
"2090","2313",0.727987657040079
"2092","2313",0.616935086209917
"2271","2313",0.678299711262563
"2273","2313",0.765910424499242
"2274","2313",0.702023498640603
"2309","2313",0.692376570530679
"2311","2313",0.696225542538621
"744","2314",0.629819255419416
"746","2314",0.708319671618075
"747","2314",0.651122940739815
"832","2314",0.675494777686506
"834","2314",0.678572568913989
"836","2314",0.697548149391757
"837","2314",0.645594112154625
"838","2314",0.731750068504035
"839","2314",0.600809950747185
"943","2314",0.63935038753652
"1248","2314",0.668298722507925
"1250","2314",0.624255115607756
"1260","2314",0.668298722507925
"1635","2314",0.720850519931282
"1637","2314",0.719070561688417
"1639","2314",0.681087014819675
"1641","2314",0.687648713657941
"1799","2314",0.602946335112193
"1805","2314",0.663645224753598
"1807","2314",0.671436580959368
"2002","2314",0.703275010268531
"2004","2314",0.702950017265405
"2008","2314",0.615673716941528
"2074","2314",0.60168364332096
"2076","2314",0.622431231441735
"2088","2314",0.650312692561496
"2090","2314",0.64293851415516
"2271","2314",0.629819255419416
"2273","2314",0.708319671618075
"2274","2314",0.651122940739815
"2309","2314",0.675494777686506
"2311","2314",0.678572568913989
"2313","2314",0.771552198027032
"744","2315",0.652251345944511
"746","2315",0.730236067207058
"747","2315",0.639953349249898
"832","2315",0.66087909310506
"834","2315",0.634878136461169
"836","2315",0.685216704899039
"837","2315",0.634560497954287
"838","2315",0.718540587886298
"943","2315",0.628469706071049
"1248","2315",0.644285343845767
"1260","2315",0.644285343845767
"1635","2315",0.707922825937704
"1637","2315",0.706188711509914
"1639","2315",0.669171571544749
"1641","2315",0.675567968421709
"1805","2315",0.652165749608819
"1807","2315",0.659762975528726
"2002","2315",0.697835550048855
"2004","2315",0.690481112930259
"2008","2315",0.615150473685902
"2076","2315",0.61196158132722
"2088","2315",0.639163060955133
"2090","2315",0.631970027272437
"2271","2315",0.652251345944511
"2273","2315",0.730236067207058
"2274","2315",0.639953349249898
"2309","2315",0.66087909310506
"2311","2315",0.634878136461169
"2313","2315",0.757298555947565
"2314","2315",0.70062388639163
"746","2316",0.605682659807579
"838","2316",0.624350243370754
"1635","2316",0.61567337886422
"1637","2316",0.614255234601932
"2002","2316",0.601655936644139
"2004","2316",0.601396429723161
"2273","2316",0.605682659807579
"2313","2316",0.655934635866438
"2314","2316",0.654391437188269
"81","2317",0.742510207616208
"83","2317",0.745510017271937
"1104","2317",0.679068413415902
"1106","2317",0.642103495715357
"1495","2317",0.676349989536414
"1501","2317",0.792816893807857
"1502","2317",0.801796427433805
"1503","2317",0.830150286855561
"1504","2317",0.822574812180699
"1507","2317",0.648795876244984
"1508","2317",0.688774208972622
"1509","2317",0.663568171711265
"1510","2317",0.682069366841829
"1511","2317",0.680307612189046
"1521","2317",0.615293598676641
"1522","2317",0.844301590235758
"1523","2317",0.613226487252211
"1524","2317",0.844269638878307
"1525","2317",0.611546769973773
"1526","2317",0.836305114328727
"1527","2317",0.612471330963836
"1528","2317",0.82947957277938
"1529","2317",0.609653148596516
"1530","2317",0.682716417354314
"1531","2317",0.681914901310964
"1539","2317",0.602093061350419
"1540","2317",0.837080091487144
"1541","2317",0.619901188271369
"1542","2317",0.634909918061279
"1543","2317",0.626053081436808
"1544","2317",0.641589945327488
"1545","2317",0.652324270884342
"1546","2317",0.60884006735904
"1547","2317",0.641149819717359
"1548","2317",0.668428051606155
"1554","2317",0.839785735540949
"1555","2317",0.62066588403047
"1556","2317",0.672836146586174
"1557","2317",0.657979769949967
"1558","2317",0.667491749743516
"1559","2317",0.688469133397875
"1560","2317",0.703021145334568
"1561","2317",0.656251899374528
"1567","2317",0.82947957277938
"1568","2317",0.609653148596516
"2149","2317",0.623302496793769
"2152","2317",0.601955772922458
"2154","2317",0.610488571103985
"81","2319",0.757971082310414
"83","2319",0.761061490749847
"1104","2319",0.69265341703908
"1106","2319",0.654632280573439
"1495","2319",0.689856372981003
"1501","2319",0.809818811530034
"1502","2319",0.81907816433796
"1503","2319",0.848324703206102
"1504","2319",0.840509385934323
"1507","2319",0.661513808406071
"1508","2319",0.702641119528551
"1509","2319",0.676706884756435
"1510","2319",0.695741333447614
"1511","2319",0.693928504065661
"1521","2319",0.627074080492925
"1522","2319",0.862926615167229
"1523","2319",0.624949907576535
"1524","2319",0.862893642666975
"1525","2319",0.623223890252382
"1526","2319",0.854675104400037
"1527","2319",0.624173928505657
"1528","2319",0.847632715067261
"1529","2319",0.62127814560587
"1530","2319",0.696407158039457
"1531","2319",0.695582387355463
"1538","2319",0.600924981440628
"1539","2319",0.613510734334476
"1540","2319",0.855474751787064
"1541","2319",0.631809189652808
"1542","2319",0.647236431246455
"1543","2319",0.638132048532417
"1544","2319",0.654104254141351
"1545","2319",0.6651422998181
"1546","2319",0.620442707468897
"1547","2319",0.653651726572751
"1548","2319",0.681706170321755
"1549","2319",0.609107295122345
"1554","2319",0.858266604215595
"1555","2319",0.632595093022091
"1556","2319",0.686241125173955
"1557","2319",0.670958774108066
"1558","2319",0.680742973367752
"1559","2319",0.702327154477409
"1560","2319",0.71730523297028
"1561","2319",0.669181652626287
"1563","2319",0.607834200676453
"1567","2319",0.847632715067261
"1568","2319",0.62127814560587
"2147","2319",0.60520743138824
"2149","2319",0.635304923577956
"2152","2319",0.613369692442243
"2154","2319",0.622136554179787
"2317","2319",0.820090062241036
"81","2321",0.782225765443614
"83","2321",0.803796416151368
"1104","2321",0.713935209104405
"1106","2321",0.674243248236782
"1495","2321",0.711013718052146
"1501","2321",0.849642669156404
"1502","2321",0.859167031170786
"1503","2321",0.890982784976944
"1504","2321",0.882542254462149
"1507","2321",0.68142381785612
"1508","2321",0.735895306289989
"1509","2321",0.706639005921513
"1510","2321",0.729593668869427
"1511","2321",0.715267107371262
"1521","2321",0.645502721099279
"1522","2321",0.905944551680358
"1523","2321",0.654865322727541
"1524","2321",0.906435189297021
"1525","2321",0.653422238401701
"1526","2321",0.896897184408088
"1527","2321",0.654046947120502
"1528","2321",0.889941565284849
"1529","2321",0.651073475520207
"1530","2321",0.729081662243273
"1531","2321",0.716994753257079
"1538","2321",0.618254752988495
"1539","2321",0.631366565331102
"1540","2321",0.897750921521547
"1541","2321",0.661965162542086
"1542","2321",0.666527690384582
"1543","2321",0.657032156416506
"1544","2321",0.673692338264599
"1545","2321",0.701533155918281
"1546","2321",0.638590532437574
"1547","2321",0.673220206192435
"1548","2321",0.702502268421018
"1549","2321",0.626778469348952
"1554","2321",0.900870588651881
"1555","2321",0.663164266970488
"1556","2321",0.707237976032901
"1557","2321",0.691281660249429
"1558","2321",0.711914767880498
"1559","2321",0.724041198945068
"1560","2321",0.73969413871349
"1561","2321",0.689426639323652
"1563","2321",0.625452108532777
"1567","2321",0.889941565284849
"1568","2321",0.651073475520207
"2147","2321",0.622715606184366
"2149","2321",0.654084115346001
"2152","2321",0.631219598894016
"2154","2321",0.640355970103241
"2317","2321",0.847565197991458
"2319","2321",0.871476587870732
"81","2323",0.603065739692443
"83","2323",0.605287743660427
"1501","2323",0.640186413762292
"1502","2323",0.646781406532142
"1503","2323",0.667547175379831
"1504","2323",0.662007640827829
"1507","2323",0.666877858803221
"1508","2323",0.691243124976856
"1509","2323",0.67258398752053
"1510","2323",0.683315078156878
"1511","2323",0.689085278413451
"1522","2323",0.677878866124994
"1524","2323",0.677855562610297
"1526","2323",0.672043343143632
"1528","2323",0.667056967325105
"1530","2323",0.683873443884594
"1531","2323",0.690449368587703
"1540","2323",0.672609186992675
"1542","2323",0.647726758207523
"1543","2323",0.642147994276216
"1544","2323",0.651537318925293
"1545","2323",0.66347570130106
"1546","2323",0.632201742768141
"1547","2323",0.646455482744702
"1548","2323",0.667567485351342
"1549","2323",0.620924414176565
"1554","2323",0.674584195268728
"1556","2323",0.679470447779902
"1557","2323",0.673036111334106
"1558","2323",0.675662851928262
"1559","2323",0.696387284336788
"1560","2323",0.696558366869892
"1561","2323",0.677995599417823
"1567","2323",0.667056967325105
"2317","2323",0.654996890894239
"2319","2323",0.67214803207895
"2321","2323",0.693048657241369
"81","2325",0.654538477701691
"83","2325",0.656299749401204
"1104","2325",0.603044132063922
"1501","2325",0.654567209747816
"1502","2325",0.661376536570723
"1503","2325",0.682822883166021
"1504","2325",0.67710096171381
"1507","2325",0.729945506823639
"1508","2325",0.751946184879988
"1509","2325",0.732844869845006
"1510","2325",0.742196243879252
"1511","2325",0.75201566838483
"1521","2325",0.606571568936449
"1522","2325",0.693496328807395
"1524","2325",0.693472252149666
"1526","2325",0.687467524151043
"1528","2325",0.68231651106446
"1530","2325",0.742811610555042
"1531","2325",0.753510234163574
"1539","2325",0.610295668599442
"1540","2325",0.688052081046433
"1542","2325",0.705465795235125
"1543","2325",0.700326104298632
"1544","2325",0.708726129274676
"1545","2325",0.723105827202542
"1546","2325",0.691778499922944
"1547","2325",0.700961644560201
"1548","2325",0.723018935162768
"1549","2325",0.708469877741869
"1554","2325",0.690092453127262
"1556","2325",0.739902202884852
"1557","2325",0.735870406476574
"1558","2325",0.736089353284647
"1559","2325",0.760202677077594
"1560","2325",0.754551115296868
"1561","2325",0.7444828497241
"1567","2325",0.68231651106446
"2317","2325",0.635036266943581
"2319","2325",0.647366323501084
"2321","2325",0.666663182516138
"2323","2325",0.615077166677141
"1501","2329",0.616445441288761
"1502","2329",0.622691590373396
"1503","2329",0.64235033441732
"1504","2329",0.637107372269122
"1522","2329",0.652126497979742
"1524","2329",0.652104450946832
"1526","2329",0.64660512715615
"1528","2329",0.641886407269799
"1540","2329",0.64714055220227
"1554","2329",0.649009314707924
"1567","2329",0.641886407269799
"2319","2329",0.609837756481162
"2321","2329",0.627539517684832
"276","2331",0.709351020323059
"921","2331",0.709351020323059
"923","2331",0.715608118723984
"929","2331",0.711913667026805
"931","2331",0.709619054154927
"939","2331",0.620022531817009
"1460","2341",0.672626692601008
"1569","2341",0.797467897633868
"1570","2341",0.745333834602219
"1571","2341",0.811449595811254
"1572","2341",0.751280235607364
"1798","2341",0.738244957008478
"1838","2341",0.645475305708001
"1839","2341",0.684293455518193
"1841","2341",0.640879581050773
"1858","2341",0.636046242788211
"2219","2341",0.792902000353216
"2220","2341",0.780346537931543
"2221","2341",0.816497732819429
"2222","2341",0.803948978640783
"2223","2341",0.822502136038204
"2224","2341",0.782846910680287
"2225","2341",0.818427908985806
"2226","2341",0.79935011779533
"2275","2341",0.818790092012255
"2276","2341",0.778733469766168
"2283","2341",0.835732632551774
"2284","2341",0.812888843939657
"2285","2341",0.841110950024877
"2286","2341",0.81981934353754
"2287","2341",0.840569155202094
"2288","2341",0.819928647641572
"2289","2341",0.846585874757955
"2290","2341",0.815372311218903
"2297","2341",0.842160723929045
"2298","2341",0.813907607335025
"2299","2341",0.854222486092357
"2300","2341",0.826643056826372
"2064","2342",1
"2065","2343",1
"276","2346",0.692163954187351
"277","2346",0.613675986168914
"921","2346",0.692163954187351
"922","2346",0.613675986168914
"923","2346",0.689997650755113
"924","2346",0.612793837708023
"929","2346",0.692209483144191
"930","2346",0.61301949404228
"931","2346",0.687074261390058
"932","2346",0.601007725759922
"959","2346",0.630057635994939
"961","2346",0.659323499064544
"276","2348",0.721017393716709
"277","2348",0.631797057776004
"921","2348",0.721017393716709
"922","2348",0.631797057776004
"923","2348",0.722386545827929
"924","2348",0.629752490229538
"929","2348",0.72252079703037
"930","2348",0.629748280705323
"931","2348",0.718419608777423
"932","2348",0.611593473765738
"959","2348",0.645744822435204
"961","2348",0.677565166971793
"2346","2348",0.919356203780662
"2347","2349",0.788360551194104
"2346","2350",0.634652010179627
"2348","2350",0.664521251959996
"310","2352",0.612301398568777
"679","2352",0.77517162295282
"680","2352",0.771266699136774
"681","2352",0.779800321488313
"682","2352",0.778198426694313
"1418","2352",0.661595903372459
"1419","2352",0.681085380821275
"1420","2352",0.649494639155738
"1421","2352",0.687265657469216
"1443","2352",0.72093000877276
"1444","2352",0.714229248449917
"1445","2352",0.7269265449849
"680","2353",0.74713737026702
"682","2353",0.769133907433993
"1419","2353",0.694533131443759
"1421","2353",0.665148049939766
"1443","2353",0.624085897616487
"1444","2353",0.691369637599888
"1445","2353",0.631268219274879
"2352","2353",0.77563529876041
"679","2354",0.752414964328383
"680","2354",0.751824019157202
"681","2354",0.757632885593017
"682","2354",0.758417773633722
"1418","2354",0.656620486592149
"1419","2354",0.664696942567435
"1420","2354",0.644197148365673
"1421","2354",0.671632643022404
"1443","2354",0.704180962819182
"1444","2354",0.697619391989583
"1445","2354",0.710435390977212
"2352","2354",0.874427929035729
"2353","2354",0.725333838607638
"680","2355",0.758250579587267
"682","2355",0.779225825099832
"1419","2355",0.704178643243191
"1421","2355",0.673037585574622
"1443","2355",0.632652256616414
"1444","2355",0.700113011194326
"1445","2355",0.638993123702978
"2352","2355",0.780708780263226
"2353","2355",0.895341427339273
"2354","2355",0.729857916894545
"1114","2360",0.647834869804627
"1115","2360",0.682237411001903
"1116","2360",0.626795989929669
"1505","2360",0.679746931561861
"1611","2360",0.673713303259104
"2048","2360",0.605517237019443
"2100","2360",0.622771292353918
"2142","2360",0.679746931561861
"1115","2362",0.64897350775606
"1505","2362",0.647172971446107
"1611","2362",0.659004015160548
"2142","2362",0.647172971446107
"2360","2362",0.830241965461455
"2361","2363",0.72340734879837
"1114","2364",0.647834869804627
"1115","2364",0.682237411001903
"1116","2364",0.626795989929669
"1505","2364",0.679746931561861
"1611","2364",0.673713303259104
"2048","2364",0.605517237019443
"2100","2364",0.622771292353918
"2142","2364",0.679746931561861
"2360","2364",1
"2362","2364",0.830241965461455
"2361","2365",1
"2363","2365",0.72340734879837
"1115","2366",0.64897350775606
"1505","2366",0.647172971446107
"1611","2366",0.659004015160548
"2142","2366",0.647172971446107
"2360","2366",0.830241965461455
"2362","2366",1
"2364","2366",0.830241965461455
"2361","2367",0.72340734879837
"2363","2367",1
"2365","2367",0.72340734879837
"430","2368",0.608642429394233
"744","2368",0.660729030733326
"746","2368",0.745001126175948
"747","2368",0.683566864352805
"832","2368",0.674281861589527
"834","2368",0.677986702994145
"836","2368",0.733418709035328
"837","2368",0.677637526900735
"838","2368",0.770215363561777
"943","2368",0.67094348785324
"1248","2368",0.739501458624354
"1250","2368",0.688073370715052
"1260","2368",0.739501458624354
"1635","2368",0.758482621551756
"1637","2368",0.756567152796136
"1639","2368",0.715729755353456
"1641","2368",0.722779219505847
"1799","2368",0.631956501675922
"1801","2368",0.624858992755493
"1805","2368",0.697002301254992
"1807","2368",0.705366006086998
"2002","2368",0.749786984368632
"2004","2368",0.745202195375897
"2008","2368",0.659944800971546
"2074","2368",0.651835358896028
"2076","2368",0.670521956348208
"2088","2368",0.682697819081421
"2090","2368",0.67479014226045
"2271","2368",0.660729030733326
"2273","2368",0.745001126175948
"2274","2368",0.683566864352805
"2309","2368",0.674281861589527
"2311","2368",0.677986702994145
"2313","2368",0.844756527244566
"2314","2368",0.750421782156422
"2315","2368",0.736725394549008
"2316","2368",0.6391863605281
"838","2369",0.610659545553911
"1635","2369",0.602254307615824
"1637","2369",0.600880413272316
"2313","2369",0.641242693901105
"2368","2369",0.625027754707851
"641","2370",0.606786417718605
"746","2370",0.666692690024398
"747","2370",0.614199055196796
"832","2370",0.606237724669382
"834","2370",0.609415297650305
"836","2370",0.656819508428941
"837","2370",0.609115866703958
"838","2370",0.688149510741502
"943","2370",0.69056217468041
"1248","2370",0.618281481453102
"1260","2370",0.618281481453102
"1635","2370",0.678171332103109
"1637","2370",0.676541298728434
"1639","2370",0.641720059041724
"1641","2370",0.64774059999763
"1805","2370",0.625706033098916
"1807","2370",0.632861534227405
"2002","2370",0.662069463570435
"2004","2370",0.661771577824766
"2088","2370",0.613454217082251
"2090","2370",0.60667373805157
"2273","2370",0.666692690024398
"2274","2370",0.614199055196796
"2309","2370",0.606237724669382
"2311","2370",0.609415297650305
"2313","2370",0.724539955780239
"2314","2370",0.671309751715275
"2315","2370",0.659639314417904
"2368","2370",0.705229834530933
"744","2371",0.606734790656824
"746","2371",0.675943066930809
"747","2371",0.622759618290511
"832","2371",0.613043236864871
"836","2371",0.626439760743983
"838","2371",0.65568134565652
"1635","2371",0.646372599036382
"1637","2371",0.64485154613869
"1639","2371",0.612332393784062
"1641","2371",0.617958515029841
"1807","2371",0.604051405138873
"2002","2371",0.631342547776777
"2004","2371",0.631064391020268
"2271","2371",0.606734790656824
"2273","2371",0.675943066930809
"2274","2371",0.622759618290511
"2309","2371",0.613043236864871
"2313","2371",0.689597540458831
"2314","2371",0.639969045676628
"2315","2371",0.667983793273245
"2368","2371",0.671606671089645
"2370","2371",0.603942521431915
"744","2372",0.647374671021777
"746","2372",0.724191185503456
"747","2372",0.632370221433387
"832","2372",0.655418281148604
"834","2372",0.627381358147071
"836","2372",0.676850127680425
"837","2372",0.627069113672886
"838","2372",0.709582454815522
"943","2372",0.683520714822801
"945","2372",0.644427267277172
"1248","2372",0.67054513423747
"1250","2372",0.633946516064234
"1260","2372",0.67054513423747
"1635","2372",0.69915449333845
"1637","2372",0.697451261631619
"1639","2372",0.661085417178276
"1641","2372",0.667370373470777
"1805","2372",0.644373585958389
"1807","2372",0.651839888211076
"2002","2372",0.693399884694479
"2004","2372",0.688412092869641
"2008","2372",0.614113574576924
"2074","2372",0.60859321270627
"2076","2372",0.624422276504092
"2088","2372",0.631593399315376
"2090","2372",0.624522588237733
"2271","2372",0.647374671021777
"2273","2372",0.724191185503456
"2274","2372",0.632370221433387
"2309","2372",0.655418281148604
"2311","2372",0.627381358147071
"2313","2372",0.764319783402281
"2314","2372",0.691985318518008
"2315","2372",0.715606617311673
"2368","2372",0.759803091195743
"2370","2372",0.723816207149527
"2371","2372",0.663572604270836
"746","2373",0.61428447914203
"836","2373",0.605507232862049
"838","2373",0.633337594735521
"1635","2373",0.624480922700627
"1637","2373",0.623033490734467
"2002","2373",0.610175241411232
"2004","2373",0.609910424732628
"2273","2373",0.61428447914203
"2313","2373",0.665585152127833
"2314","2373",0.618386834079826
"2315","2373",0.608014697365974
"2368","2373",0.648483554122629
"2372","2373",0.600969773601222
"744","2374",0.621137282549702
"746","2374",0.698040507146869
"747","2374",0.642015834304827
"832","2374",0.633530881850788
"834","2374",0.63691706007475
"836","2374",0.687493025867252
"837","2374",0.636597949791598
"838","2374",0.720978441139433
"943","2374",0.630479001427535
"1248","2374",0.724659258394297
"1250","2374",0.676208159289207
"1260","2374",0.724659258394297
"1635","2374",0.739198631365296
"1637","2374",0.736266819780235
"1639","2374",0.698435603399944
"1641","2374",0.701413981518581
"1799","2374",0.621024405386521
"1801","2374",0.610291047129376
"1805","2374",0.68542018120754
"1807","2374",0.690284677914476
"2002","2374",0.73438233430714
"2004","2374",0.730032117543993
"2008","2374",0.646464806361981
"2074","2374",0.641839583397038
"2076","2374",0.659532667542671
"2088","2374",0.669416596050895
"2090","2374",0.661468116378947
"2271","2374",0.621137282549702
"2273","2374",0.698040507146869
"2274","2374",0.642015834304827
"2309","2374",0.633530881850788
"2311","2374",0.63691706007475
"2313","2374",0.810522923511883
"2314","2374",0.70297447058414
"2315","2374",0.69050494294026
"2316","2374",0.601415956090307
"2368","2374",0.781536322080228
"2370","2374",0.661793991704113
"2371","2374",0.631085320554291
"2372","2374",0.714115279043132
"2373","2374",0.609930350594005
"744","2375",0.60579926635391
"746","2375",0.679907201466429
"747","2375",0.625933143275884
"832","2375",0.617752139683314
"834","2375",0.62101723244872
"836","2375",0.669751436017794
"837","2375",0.620709545339922
"838","2375",0.701984527254634
"943","2375",0.614809145190198
"1248","2375",0.630128720978075
"1260","2375",0.630128720978075
"1635","2375",0.691716715894929
"1637","2375",0.690039545067024
"1639","2375",0.654223481300747
"1641","2375",0.660414342789083
"1805","2375",0.637759929873349
"1807","2375",0.645115656203988
"2002","2375",0.675151418636307
"2004","2375",0.674845006020667
"2088","2375",0.625167697651091
"2090","2375",0.618200149744522
"2271","2375",0.60579926635391
"2273","2375",0.679907201466429
"2274","2375",0.625933143275884
"2309","2375",0.617752139683314
"2311","2375",0.62101723244872
"2313","2375",0.739446668151849
"2314","2375",0.684657050079427
"2315","2375",0.672651757228378
"2368","2375",0.719564894802173
"2370","2375",0.64499593583033
"2371","2375",0.615393850449186
"2372","2375",0.664505027570753
"2374","2375",0.674868061429709
"944","2376",1
"945","2377",1
"2372","2377",0.644427267277172
"946","2378",1
"746","2379",0.635046447738865
"836","2379",0.625839864773164
"838","2379",0.65504068691143
"943","2379",1
"1635","2379",0.645745001618373
"1637","2379",0.644226075485016
"1639","2379",0.611751878135095
"1641","2379",0.617370293104014
"1807","2379",0.603482176660807
"2002","2379",0.630735872406053
"2004","2379",0.630458100876918
"2273","2379",0.635046447738865
"2313","2379",0.68890864571037
"2314","2379",0.63935038753652
"2315","2379",0.628469706071049
"2368","2379",0.67094348785324
"2370","2379",0.69056217468041
"2372","2379",0.683520714822801
"2374","2379",0.630479001427535
"2375","2379",0.614809145190198
"944","2380",1
"2376","2380",1
"945","2381",1
"2372","2381",0.644427267277172
"2377","2381",1
"946","2382",1
"2378","2382",1
"292","2383",0.795170923484598
"294","2383",0.806797670368664
"296","2383",0.7911641262958
"473","2383",0.644126877809269
"487","2383",0.658172604693166
"489","2383",0.686473564496423
"515","2383",0.607822027351488
"516","2383",0.848958602388761
"517","2383",0.837132768941831
"518","2383",0.84084250259184
"519","2383",0.841094807756404
"534","2383",0.735834712444577
"535","2383",0.767249221793541
"536","2383",0.766872798627405
"537","2383",0.80486352455781
"538","2383",0.764451003664213
"539","2383",0.767010185338931
"750","2383",0.628307981477591
"953","2383",0.795170923484598
"955","2383",0.806797670368664
"957","2383",0.7911641262958
"1172","2383",0.710230781149323
"1174","2383",0.652506504118639
"1230","2383",0.764820462174406
"1232","2383",0.74899957741496
"1234","2383",0.713185015122508
"1236","2383",0.641137160437264
"1238","2383",0.681758513224664
"1240","2383",0.739742425184174
"1242","2383",0.689438854986139
"1256","2383",0.661859003483646
"1258","2383",0.66045071284659
"1264","2383",0.661859003483646
"1458","2383",0.834680015337508
"1757","2383",0.675692678572867
"1861","2383",0.74899957741496
"1863","2383",0.713185015122508
"1866","2383",0.681758513224664
"1868","2383",0.739742425184174
"1870","2383",0.689438854986139
"1892","2383",0.701060321454567
"1894","2383",0.696327731180759
"1896","2383",0.65615978106793
"1900","2383",0.634539800009158
"1902","2383",0.624452095903149
"1910","2383",0.682300957111046
"1914","2383",0.644314449300542
"1916","2383",0.632148583305336
"2040","2383",0.821866726783731
"2042","2383",0.841430480967944
"2044","2383",0.673462635530291
"2046","2383",0.730464642474242
"292","2385",0.781209236253793
"294","2385",0.793025930053913
"296","2385",0.777286931943439
"473","2385",0.635175940723042
"487","2385",0.648940020113855
"489","2385",0.676665206724444
"516","2385",0.842544285854807
"517","2385",0.83022154883096
"518","2385",0.834621029300076
"519","2385",0.834122772112377
"534","2385",0.723353275253628
"535","2385",0.754209020355983
"536","2385",0.759731674391041
"537","2385",0.797590970039687
"538","2385",0.753001707793494
"539","2385",0.755505738875996
"750","2385",0.622209709688804
"953","2385",0.781209236253793
"955","2385",0.793025930053913
"957","2385",0.777286931943439
"1172","2385",0.699930774580683
"1174","2385",0.643387869634463
"1230","2385",0.751592633148009
"1232","2385",0.736435154103464
"1234","2385",0.702823352713904
"1236","2385",0.63224581552033
"1238","2385",0.672046838016088
"1240","2385",0.728821460135103
"1242","2385",0.679569540693759
"1256","2385",0.652552042626661
"1258","2385",0.651172187699898
"1264","2385",0.652552042626661
"1458","2385",0.8278441421776
"1757","2385",0.666482457143561
"1861","2385",0.736435154103464
"1863","2385",0.702823352713904
"1866","2385",0.672046838016088
"1868","2385",0.728821460135103
"1870","2385",0.679569540693759
"1892","2385",0.691274281490386
"1894","2385",0.701550171368644
"1896","2385",0.646967727315264
"1900","2385",0.625779507132223
"1902","2385",0.615890984083314
"1910","2385",0.672578174286613
"1914","2385",0.635359769254376
"1916","2385",0.623435636992192
"2040","2385",0.807245259701394
"2042","2385",0.833388249470241
"2044","2385",0.664202988186836
"2046","2385",0.719740091210404
"2383","2385",0.900476388656748
"2384","2386",0.842623373177031
"292","2387",0.657680859017433
"294","2387",0.673826214561072
"296","2387",0.6545287481474
"516","2387",0.700008279374405
"517","2387",0.690502794787463
"518","2387",0.694435700350226
"519","2387",0.69297728638193
"534","2387",0.612021689839522
"535","2387",0.637302363257251
"536","2387",0.636694716052993
"537","2387",0.666262894958897
"538","2387",0.646342427489156
"539","2387",0.648351418730315
"953","2387",0.657680859017433
"955","2387",0.673826214561072
"957","2387",0.6545287481474
"1172","2387",0.603618168765872
"1230","2387",0.634229632403719
"1232","2387",0.623372686803369
"1234","2387",0.60595415978809
"1236","2387",0.626168350768604
"1238","2387",0.667501294340555
"1240","2387",0.718010905944633
"1242","2387",0.674368236831523
"1458","2387",0.699462667114159
"1861","2387",0.623372686803369
"1863","2387",0.60595415978809
"1866","2387",0.667501294340555
"1868","2387",0.718010905944633
"1870","2387",0.674368236831523
"1892","2387",0.608069931189063
"2040","2387",0.689509586258929
"2042","2387",0.693915175316744
"2044","2387",0.66961599040956
"2046","2387",0.709660256139013
"2383","2387",0.70372955292181
"2385","2387",0.701880799121309
"292","2389",0.678924250339151
"294","2389",0.683772924254484
"296","2389",0.675624768607972
"489","2389",0.602712419366364
"516","2389",0.723258634213339
"517","2389",0.713298001098109
"518","2389",0.717418919705794
"519","2389",0.715890735601333
"534","2389",0.631160157425241
"535","2389",0.657598303704492
"536","2389",0.656962600164483
"537","2389",0.687909018897611
"538","2389",0.667057107822087
"539","2389",0.669159495485587
"953","2389",0.678924250339151
"955","2389",0.683772924254484
"957","2389",0.675624768607972
"1172","2389",0.622376410597922
"1230","2389",0.654383815798409
"1232","2389",0.64302835789792
"1234","2389",0.624817864997369
"1236","2389",0.640397386150304
"1238","2389",0.682789385137135
"1240","2389",0.735176190180623
"1242","2389",0.689895830666829
"1458","2389",0.721719081141589
"1861","2389",0.64302835789792
"1863","2389",0.624817864997369
"1866","2389",0.682789385137135
"1868","2389",0.735176190180623
"1870","2389",0.689895830666829
"1892","2389",0.6052102679994
"1894","2389",0.602435220352415
"2040","2389",0.71156984888632
"2042","2389",0.71687348607966
"2044","2389",0.666144917369745
"2046","2389",0.726534155523052
"2383","2389",0.692046859250805
"2385","2389",0.686708852287984
"2387","2389",0.700425732501451
"276","2399",0.756617876493278
"277","2399",0.667627818489573
"921","2399",0.756617876493278
"922","2399",0.667627818489573
"923","2399",0.764549878835052
"924","2399",0.664646312930309
"929","2399",0.757679966839682
"930","2399",0.667682372177654
"931","2399",0.755233119824942
"932","2399",0.647666065311294
"939","2399",0.611673477438775
"941","2399",0.619232820858293
"959","2399",0.652898299480893
"961","2399",0.677278266456216
"963","2399",0.613150055796923
"2346","2399",0.805564586662516
"2348","2399",0.833360262744479
"2350","2399",0.607442110071205
"2401","2403",0.72296267856078
"1460","2408",0.670177758324312
"1569","2408",0.793315189219138
"1570","2408",0.749911652657711
"1571","2408",0.807277057549464
"1572","2408",0.75591090882242
"1798","2408",0.737782607564124
"1838","2408",0.641512716232374
"1839","2408",0.688339756598165
"1841","2408",0.644560671057651
"1858","2408",0.634062876570039
"2219","2408",0.78995636287311
"2220","2408",0.783645449138383
"2221","2408",0.813837753561396
"2222","2408",0.809055733388519
"2223","2408",0.81941853774859
"2224","2408",0.796908808236785
"2225","2408",0.815293553751163
"2226","2408",0.803136396992833
"2275","2408",0.816376488210171
"2276","2408",0.783610544349849
"2283","2408",0.833937187152745
"2284","2408",0.818077782035701
"2285","2408",0.844857170178062
"2286","2408",0.825072259463291
"2287","2408",0.838773158530323
"2288","2408",0.82518257444182
"2289","2408",0.844801500000111
"2290","2408",0.820584148442198
"2297","2408",0.840295507473903
"2298","2408",0.819105935463756
"2299","2408",0.852117069111198
"2300","2408",0.83195918986377
"2341","2408",0.765712787874545
"1174","2410",0.633041511954707
"1182","2410",0.677745163429265
"1256","2410",0.734637798759122
"1258","2410",0.741926557190354
"1264","2410",0.734637798759122
"1265","2410",0.623213726863392
"1182","2412",0.605022740735594
"1256","2412",0.65476951611063
"1258","2412",0.658277088737294
"1264","2412",0.65476951611063
"2410","2412",0.739481419393301
"2411","2413",0.793879257253423
"1256","2414",0.622087903454333
"1258","2414",0.614085111994122
"1264","2414",0.622087903454333
"1256","2418",0.622087903454333
"1258","2418",0.614085111994122
"1264","2418",0.622087903454333
"2414","2418",1
"2415","2419",1
"783","2420",0.842693171802001
"785","2420",0.842843269436807
"1118","2420",0.71492220368198
"1119","2420",0.66977485920935
"1335","2420",0.842693171802001
"1336","2420",0.835726297631349
"1338","2420",0.838635306147606
"1340","2420",0.842266405576372
"1342","2420",0.843844225569771
"1344","2420",0.834670205857885
"1346","2420",0.832283344579858
"1358","2420",0.63510899772379
"1393","2420",0.76018079380544
"1395","2420",0.804491746490413
"1397","2420",0.816870818213223
"1762","2420",0.781250123752513
"1764","2420",0.702109897109888
"1766","2420",0.846361503080584
"1768","2420",0.836564086678625
"1770","2420",0.852369329711373
"1772","2420",0.853777472337728
"1774","2420",0.837425326148421
"1776","2420",0.815322359727261
"1778","2420",0.82173338965889
"1780","2420",0.823404973348606
"1946","2420",0.850959892136264
"1948","2420",0.856088847621786
"1950","2420",0.854167018856578
"1952","2420",0.855152770346071
"1954","2420",0.830301677923743
"1956","2420",0.822614697998512
"1958","2420",0.827071143319644
"1960","2420",0.816141046881929
"1962","2420",0.627900007281704
"1964","2420",0.65192863371554
"1966","2420",0.664227106291858
"1968","2420",0.639385836401023
"1970","2420",0.750209936212591
"1972","2420",0.773785415703529
"1974","2420",0.810307711103708
"1976","2420",0.643548290903455
"1978","2420",0.679294229165894
"1980","2420",0.661088586453602
"1982","2420",0.61628829606248
"1984","2420",0.847246012071391
"1986","2420",0.852844633334728
"1988","2420",0.857153574969216
"1990","2420",0.854634183292109
"1992","2420",0.814219418382615
"1994","2420",0.835802645640389
"2012","2420",0.839773242280275
"2014","2420",0.831875959921809
"2094","2420",0.703019175680742
"2096","2420",0.755735659411111
"276","2422",0.646815008241651
"921","2422",0.646815008241651
"923","2422",0.644364560922323
"929","2422",0.646036346065886
"931","2422",0.640962936198364
"2346","2422",0.767334601862738
"2348","2422",0.771407050290062
"2350","2422",0.611282419892463
"2399","2422",0.764887010116986
"2349","2423",0.604824667489935
"276","2424",0.662213547616842
"921","2424",0.662213547616842
"923","2424",0.659415277262015
"929","2424",0.661625084280079
"931","2424",0.657173558878327
"959","2424",0.608811934433919
"961","2424",0.632471665284448
"2346","2424",0.813767066185382
"2348","2424",0.813714787042564
"2350","2424",0.61764447291976
"2399","2424",0.793250919443172
"2422","2424",0.820018859771061
"2423","2425",0.746848868373861
"2346","2426",0.749591120580384
"2348","2426",0.724886176183129
"2399","2426",0.690592533075497
"2422","2426",0.747091271716631
"2424","2426",0.811216986018299
"2428","2429",0.673343606138544
"2428","2430",0.805638299392487
"2429","2430",0.603622392339364
"2428","2432",1
"2429","2432",0.673343606138544
"2430","2432",0.805638299392487
"2428","2433",0.673343606138544
"2429","2433",1
"2430","2433",0.603622392339364
"2432","2433",0.673343606138544
"2428","2434",0.805638299392487
"2429","2434",0.603622392339364
"2430","2434",1
"2432","2434",0.805638299392487
"2433","2434",0.603622392339364
"2431","2435",1
"2437","2439",0.674965718260218
"2442","2444",0.680054986407898
"736","2448",1
"738","2448",0.67962275196356
"737","2449",1
"739","2449",0.663496939781934
"736","2450",0.67962275196356
"738","2450",1
"2448","2450",0.67962275196356
"737","2451",0.663496939781934
"739","2451",1
"2449","2451",0.663496939781934
"2452","2456",1
"2453","2457",1
"2454","2458",1
"2455","2459",1
"1248","2461",0.657800244836543
"1249","2461",0.68449791694193
"1250","2461",0.623128860991716
"1260","2461",0.657800244836543
"1261","2461",0.68449791694193
"2461","2462",0.605040956427314
"679","2463",0.743114922067514
"680","2463",0.778023263064013
"681","2463",0.747795595507708
"682","2463",0.78507479494465
"1418","2463",0.656873787927505
"1419","2463",0.70056163034201
"1420","2463",0.644967984080483
"1421","2463",0.691281403802514
"1443","2463",0.717428249118944
"1444","2463",0.71931705033575
"1445","2463",0.722941565320091
"2352","2463",0.792047587618944
"2353","2463",0.665469723404237
"2354","2463",0.77172392988735
"2355","2463",0.676103924365378
"680","2464",0.600876124807573
"682","2464",0.606225223371419
"2463","2464",0.658615878468401
"679","2465",0.73523629372456
"680","2465",0.767372128851539
"681","2465",0.739824053220551
"682","2465",0.787285511280013
"1418","2465",0.664813366509698
"1419","2465",0.709315511887181
"1420","2465",0.6523335439897
"1421","2465",0.694980364455441
"1443","2465",0.715237965979209
"1444","2465",0.728300762785664
"1445","2465",0.731318723897508
"2352","2465",0.783008672370351
"2353","2465",0.674216352522583
"2354","2465",0.762908182061188
"2355","2465",0.683711075702539
"2463","2465",0.89275344175719
"2464","2465",0.653329972427005
"680","2466",0.633562448573532
"682","2466",0.63933302076486
"2463","2466",0.672414609364749
"2464","2466",0.847449473176398
"2465","2466",0.664823556436341
"679","2467",0.681085434908807
"680","2467",0.727335198356674
"681","2467",0.685734273432213
"682","2467",0.734372348429209
"1418","2467",0.615504684775425
"1419","2467",0.661334799081665
"1420","2467",0.604561202850688
"1421","2467",0.657412925701559
"1443","2467",0.676637989885404
"1444","2467",0.67507685735599
"1445","2467",0.674053910641427
"2352","2467",0.730162168083504
"2353","2467",0.636636957572549
"2354","2467",0.720253125530926
"2355","2467",0.647116509433653
"2463","2467",0.837310618325235
"2464","2467",0.622666992830737
"2465","2467",0.828096096430243
"2466","2467",0.632607131528034
"2464","2468",0.72578014012533
"2466","2468",0.736422954284418
"679","2469",0.696614204437477
"680","2469",0.738248599249878
"681","2469",0.701376265190078
"682","2469",0.744801431615141
"1418","2469",0.62956937197599
"1419","2469",0.669193699462294
"1420","2469",0.618349370210728
"1421","2469",0.659075963820133
"1443","2469",0.681740586230212
"1444","2469",0.684629781400893
"1445","2469",0.686689780616268
"2352","2469",0.747115608487484
"2353","2469",0.636365810391202
"2354","2469",0.738303435265428
"2355","2469",0.646694511012713
"2463","2469",0.839497546508251
"2464","2469",0.62287645064133
"2465","2469",0.8328373891774
"2466","2469",0.633622485678459
"2467","2469",0.785691821120573
"2463","2470",0.601544837755643
"2464","2470",0.739226381956556
"2466","2470",0.750453946373378
"2468","2470",0.691447241084753
"679","2471",0.702343674260296
"680","2471",0.735937119898298
"681","2471",0.707141872996926
"682","2471",0.756786112070593
"1418","2471",0.649934162983174
"1419","2471",0.668757649284429
"1420","2471",0.637368866921749
"1421","2471",0.671568560692609
"1443","2471",0.68152074385905
"1444","2471",0.694970665251571
"1445","2471",0.69773549796162
"2352","2471",0.749156039737632
"2353","2471",0.636097476841668
"2354","2471",0.740820793404693
"2355","2471",0.654446277153363
"2463","2471",0.849355802813271
"2464","2471",0.62110259032901
"2465","2471",0.854405949336479
"2466","2471",0.64519050868042
"2467","2471",0.793559659944624
"2469","2471",0.794910233859857
"2464","2472",0.757450418904826
"2466","2472",0.767953120576848
"2468","2472",0.657729951342353
"2470","2472",0.668960356542957
"679","2473",0.710444216761008
"680","2473",0.736145396196081
"681","2473",0.714516187700617
"682","2473",0.755735481093011
"1418","2473",0.642625773748896
"1419","2473",0.682545416120008
"1420","2473",0.630364751655411
"1421","2473",0.669308230584664
"1443","2473",0.681776365301793
"1444","2473",0.693600860746527
"1445","2473",0.697462741831406
"2352","2473",0.780947762349728
"2353","2473",0.678498675124219
"2354","2473",0.768799592355323
"2355","2473",0.686577851187844
"2463","2473",0.851411354003002
"2464","2473",0.63100802663322
"2465","2473",0.859065339343781
"2466","2473",0.64182766916851
"2467","2473",0.797265587110408
"2469","2473",0.80017245983722
"2471","2473",0.812207028959403
"2463","2474",0.62264801142055
"2464","2474",0.782461600175898
"2465","2474",0.615836435686042
"2466","2474",0.793956089554025
"2468","2474",0.71324882868784
"2470","2474",0.692159626612147
"2472","2474",0.715168582356438
"1782","2477",0.73565469118587
"2167","2477",0.607183909108053
"1272","2478",0.715317104384997
"1783","2478",0.636811147148581
"1782","2479",0.750010447958265
"1783","2479",0.612591787538697
"2167","2479",0.618788004063378
"2477","2479",0.70427788322632
"1271","2480",0.617407843271073
"1272","2480",0.608403411537472
"1782","2480",0.818623682100167
"1783","2480",0.632131405783682
"2167","2480",0.665228412812453
"2477","2480",0.804927449097725
"2479","2480",0.798140991574624
"1272","2481",0.819675236191807
"1783","2481",0.710994119664517
"2168","2481",0.617317645687098
"2478","2481",0.80928386910887
"2480","2481",0.656555431831638
"1782","2482",0.798041194102525
"1783","2482",0.641299588843224
"2167","2482",0.65041167515432
"2477","2482",0.785611544401997
"2479","2482",0.794668660639611
"2480","2482",0.923501145182457
"2481","2482",0.645262062902562
"1272","2483",0.814542201450008
"1783","2483",0.716004175826179
"2168","2483",0.621492537643102
"2478","2483",0.832010594494354
"2480","2483",0.666663622468785
"2481","2483",0.930293288162853
"2482","2483",0.656541015424948
"1271","2484",0.615583809812241
"1272","2484",0.606004644036516
"1782","2484",0.805979110730216
"1783","2484",0.649312184982673
"2167","2484",0.663741300000747
"2477","2484",0.79359411366572
"2479","2484",0.79657319267417
"2480","2484",0.921452336957322
"2481","2484",0.653791296321293
"2482","2484",0.901205134532478
"2483","2484",0.66464354403464
"1272","2485",0.807953535097637
"1783","2485",0.71137437076893
"2168","2485",0.617024147499934
"2478","2485",0.82649524188861
"2480","2485",0.657223065682647
"2481","2485",0.935094872890975
"2482","2485",0.645992157073989
"2483","2485",0.94781413758256
"2484","2485",0.654444956134546
"1271","2486",0.605371021683833
"1272","2486",0.61930525801078
"1782","2486",0.790688578790695
"1783","2486",0.658837397645314
"2167","2486",0.653017652253042
"2477","2486",0.79250568325537
"2478","2486",0.602335510301488
"2479","2486",0.801040327345236
"2480","2486",0.917100093242568
"2481","2486",0.669012381867481
"2482","2486",0.91100225309134
"2483","2486",0.680071983836546
"2484","2486",0.909290363400998
"2485","2486",0.669734906633395
"1272","2487",0.794830436581268
"1783","2487",0.698083869565366
"2168","2487",0.608107954318198
"2478","2487",0.797974762182691
"2480","2487",0.650583181676917
"2481","2487",0.913078765135407
"2482","2487",0.633114609505272
"2483","2487",0.922120461166141
"2484","2487",0.648815446735001
"2485","2487",0.933155555686225
"2486","2487",0.663600109585761
"1785","2488",0.709078120524959
"1787","2488",0.64782674731565
"1813","2488",0.615395709753376
"2480","2488",0.664723495032509
"2482","2488",0.657428366880588
"2484","2488",0.635934782021636
"2486","2488",0.639627142483795
"1784","2489",0.621906634448934
"276","2492",0.750849537328682
"921","2492",0.750849537328682
"923","2492",0.758505368252824
"929","2492",0.753088672042563
"931","2492",0.752801364119509
"939","2492",1
"941","2492",0.67551537257347
"1404","2492",0.601299781437421
"2331","2492",0.620022531817009
"2399","2492",0.611673477438775
"940","2493",1
"276","2494",0.746555894217883
"277","2494",0.623744937928169
"921","2494",0.746555894217883
"922","2494",0.623744937928169
"923","2494",0.754457507261275
"924","2494",0.610882616850549
"929","2494",0.748524913492251
"930","2494",0.628534946896827
"931","2494",0.750217153566594
"932","2494",0.606481239294324
"939","2494",0.67551537257347
"941","2494",1
"2399","2494",0.619232820858293
"2492","2494",0.67551537257347
"942","2495",1
"276","2496",0.750849537328682
"921","2496",0.750849537328682
"923","2496",0.758505368252824
"929","2496",0.753088672042563
"931","2496",0.752801364119509
"939","2496",1
"941","2496",0.67551537257347
"1404","2496",0.601299781437421
"2331","2496",0.620022531817009
"2399","2496",0.611673477438775
"2492","2496",1
"2494","2496",0.67551537257347
"940","2497",1
"2493","2497",1
"276","2498",0.746555894217883
"277","2498",0.623744937928169
"921","2498",0.746555894217883
"922","2498",0.623744937928169
"923","2498",0.754457507261275
"924","2498",0.610882616850549
"929","2498",0.748524913492251
"930","2498",0.628534946896827
"931","2498",0.750217153566594
"932","2498",0.606481239294324
"939","2498",0.67551537257347
"941","2498",1
"2399","2498",0.619232820858293
"2492","2498",0.67551537257347
"2494","2498",1
"2496","2498",0.67551537257347
"942","2499",1
"2495","2499",1
"276","2500",0.71783968408951
"921","2500",0.71783968408951
"923","2500",0.724963799269113
"929","2500",0.71996087067441
"931","2500",0.719587681101207
"939","2500",0.624735925051398
"941","2500",0.606015301747582
"2492","2500",0.624735925051398
"2494","2500",0.606015301747582
"2496","2500",0.624735925051398
"2498","2500",0.606015301747582
"385","2502",0.626048334165177
"387","2502",0.641042436725735
"814","2502",0.696327870352723
"816","2502",0.695492210074834
"1348","2502",0.696327870352723
"1350","2502",0.695492210074834
"815","2505",0.677769585948246
"817","2505",0.67490031363652
"1349","2505",0.677769585948246
"1351","2505",0.67490031363652
"385","2506",0.60030052391904
"387","2506",0.622052844720727
"814","2506",0.667709055970154
"815","2506",0.627919271873277
"816","2506",0.678811863050987
"817","2506",0.643450286849202
"1348","2506",0.667709055970154
"1349","2506",0.627919271873277
"1350","2506",0.678811863050987
"1351","2506",0.643450286849202
"2502","2506",0.627429714053079
"814","2508",0.653494835376488
"816","2508",0.652815727717688
"817","2508",0.602882391578259
"1348","2508",0.653494835376488
"1350","2508",0.652815727717688
"1351","2508",0.602882391578259
"2502","2508",0.607563081327167
"815","2509",0.642826478788711
"817","2509",0.640166897704495
"1349","2509",0.642826478788711
"1351","2509",0.640166897704495
"1692","2518",0.60403140255335
"2159","2518",0.754482396275583
"2161","2518",0.732860531744086
"2162","2518",0.604218376758364
"2216","2519",0.687015675272253
"2218","2519",0.673203113197772
"2518","2519",0.611682797242223
"1692","2520",0.609889387602846
"2159","2520",0.779619464091472
"2160","2520",0.619092140584436
"2161","2520",0.758054118049521
"2162","2520",0.62570763692482
"2518","2520",0.910211384962339
"2519","2520",0.626250994166533
"2216","2521",0.689454491990423
"2218","2521",0.670667828281123
"2519","2521",0.834691431178864
"872","2524",0.821230082237877
"874","2524",0.82290390812934
"1934","2524",0.897264772972367
"1935","2524",0.870009201332699
"1936","2524",0.887512276333444
"1937","2524",0.891017047618244
"2112","2524",0.722193530957581
"2113","2524",0.778138241709663
"2114","2524",0.687868502190171
"2115","2524",0.716878506788015
"2201","2524",0.607378554349667
"2202","2524",0.666955765386278
"872","2525",0.838093794022817
"874","2525",0.839817453123264
"1934","2525",0.802207204021988
"1935","2525",0.888343754900004
"1936","2525",0.801805294206023
"1937","2525",0.90999662124566
"2112","2525",0.651788979886098
"2113","2525",0.79373515201385
"2114","2525",0.628840000072168
"2115","2525",0.730730022426608
"2202","2525",0.679435721877213
"2524","2525",0.847326663738905
"2216","2527",0.615622112806371
"2218","2527",0.605239795354596
"1271","2528",0.635717026506621
"1272","2528",0.610715887341795
"1782","2528",0.824011211465245
"1783","2528",0.650508472309887
"2167","2528",0.672106252800328
"2477","2528",0.784801624838985
"2478","2528",0.600593200446524
"2479","2528",0.785590137163839
"2480","2528",0.917654422212067
"2481","2528",0.664903773465311
"2482","2528",0.893889049532906
"2483","2528",0.677477992459512
"2484","2528",0.897888364361636
"2485","2528",0.666117411976361
"2486","2528",0.893552761483334
"2487","2528",0.660373520039804
"2488","2528",0.671931964783473
"1785","2529",0.606368260930017
"2488","2529",0.735576264154346
"2528","2529",0.604167427156644
"2489","2530",0.640689984255124
"1271","2531",0.635717026506621
"1272","2531",0.610715887341795
"1782","2531",0.824011211465245
"1783","2531",0.650508472309887
"2167","2531",0.672106252800328
"2477","2531",0.784801624838985
"2478","2531",0.600593200446524
"2479","2531",0.785590137163839
"2480","2531",0.917654422212067
"2481","2531",0.664903773465311
"2482","2531",0.893889049532906
"2483","2531",0.677477992459512
"2484","2531",0.897888364361636
"2485","2531",0.666117411976361
"2486","2531",0.893552761483334
"2487","2531",0.660373520039804
"2488","2531",0.671931964783473
"2528","2531",1
"2529","2531",0.604167427156644
"1272","2532",0.838930573343534
"1783","2532",0.716869626909826
"2168","2532",0.623018924569974
"2478","2532",0.803545392937228
"2480","2532",0.661336340790979
"2481","2532",0.895490273588254
"2482","2532",0.64981667568982
"2483","2532",0.894961599155594
"2484","2532",0.658556768565101
"2485","2532",0.899837742152392
"2486","2532",0.673874983770547
"2487","2532",0.869161246861469
"2528","2532",0.669054476788752
"2531","2532",0.669054476788752
"1271","2533",0.609665443873799
"1272","2533",0.608476727272507
"1782","2533",0.798071056828088
"1783","2533",0.633716736989017
"2167","2533",0.653051830064064
"2477","2533",0.789693553299719
"2478","2533",0.603240106422136
"2479","2533",0.78548069235066
"2480","2533",0.925198874646603
"2481","2533",0.656483714032023
"2482","2533",0.903610204744437
"2483","2533",0.660926288726441
"2484","2533",0.892624589037068
"2485","2533",0.657138351253509
"2486","2533",0.89541856114416
"2487","2533",0.644246627078611
"2488","2533",0.668989075886272
"2528","2533",0.897871657872455
"2531","2533",0.897871657872455
"2532","2533",0.66930067815172
"1272","2534",0.797400847138335
"1783","2534",0.701737805324625
"2168","2534",0.609856076144325
"2478","2534",0.783386231662561
"2480","2534",0.648206978633851
"2481","2534",0.879369637100676
"2482","2534",0.63709533919169
"2483","2534",0.88127002609722
"2484","2534",0.645495880163809
"2485","2534",0.886162507087139
"2486","2534",0.660425989052221
"2487","2534",0.860035083839271
"2528","2534",0.656244057774812
"2531","2534",0.656244057774812
"2532","2534",0.910864430587348
"2533","2534",0.648140243175348
"1271","2535",0.617972998263936
"1272","2535",0.643463029991953
"1782","2535",0.799722947127359
"1783","2535",0.674268089168484
"2167","2535",0.662788231293588
"2477","2535",0.802137199249667
"2478","2535",0.605288502146694
"2479","2535",0.815257202858321
"2480","2535",0.928523189106073
"2481","2535",0.677969315298751
"2482","2535",0.920487528130457
"2483","2535",0.690156568391821
"2484","2535",0.912684348494013
"2485","2535",0.677633590070132
"2486","2535",0.922624336842601
"2487","2535",0.675786342744787
"2488","2535",0.630074802890311
"2528","2535",0.904743672017564
"2531","2535",0.904743672017564
"2532","2535",0.684492540330419
"2533","2535",0.909856250684589
"2534","2535",0.669436857733399
"1272","2536",0.794840017093589
"1783","2536",0.701429421399161
"2168","2536",0.608114471532959
"2478","2536",0.789707899101173
"2480","2536",0.648737199839032
"2481","2536",0.869850012228728
"2482","2536",0.637805888954996
"2483","2536",0.884317653034328
"2484","2536",0.645998345895256
"2485","2536",0.887845772975338
"2486","2536",0.661061304645953
"2487","2536",0.850067561371617
"2528","2536",0.658097613195346
"2531","2536",0.658097613195346
"2532","2536",0.900158205874462
"2533","2536",0.648638695325946
"2534","2536",0.888095075352635
"2535","2536",0.667446094756322
"1782","2537",0.779170740967014
"1783","2537",0.644652556983652
"2167","2537",0.640044478499074
"2477","2537",0.766181153864889
"2479","2537",0.781658598470725
"2480","2537",0.89583332057289
"2481","2537",0.642731983574687
"2482","2537",0.888494296235513
"2483","2537",0.653934917404268
"2484","2537",0.8803810155926
"2485","2537",0.64321568410531
"2486","2537",0.889094493709834
"2487","2537",0.638921448019855
"2488","2537",0.640935245874656
"2528","2537",0.876879719288687
"2531","2537",0.876879719288687
"2532","2537",0.647594462655961
"2533","2537",0.878133250175108
"2534","2537",0.634679520575577
"2535","2537",0.902714716333027
"2536","2537",0.634790691418294
"1272","2538",0.780911715733153
"1783","2538",0.69000601829897
"2478","2538",0.777003678462108
"2480","2538",0.638566769811099
"2481","2538",0.854391837748277
"2482","2538",0.627888391814655
"2483","2538",0.868843161341107
"2484","2538",0.635888063295826
"2485","2538",0.86567480356703
"2486","2538",0.650617706205707
"2487","2538",0.835066867447669
"2528","2538",0.647767487017309
"2531","2538",0.647767487017309
"2532","2538",0.894180169319897
"2533","2538",0.6384689544273
"2534","2538",0.871367657893922
"2535","2538",0.656606902036208
"2536","2538",0.879456374584306
"2537","2538",0.624910520877854
"1785","2539",0.624441474779717
"2480","2539",0.622657662364379
"2482","2539",0.607881588384144
"2488","2539",0.811016273495785
"2528","2539",0.621637924484414
"2529","2539",0.701292512660063
"2531","2539",0.621637924484414
"2533","2539",0.623877041248682
"1784","2540",0.650697713180771
"1814","2540",0.610703373513726
"2488","2540",0.606535263014753
"2489","2540",0.764517803357413
"2530","2540",0.646568235280519
"1785","2541",0.646228974980424
"2480","2541",0.633476973101637
"2482","2541",0.625073991232899
"2484","2541",0.605719611386376
"2486","2541",0.610010055954609
"2488","2541",0.846202731118048
"2528","2541",0.640512519260754
"2529","2541",0.707193675613481
"2531","2541",0.640512519260754
"2533","2541",0.636157495273615
"2537","2541",0.60882460712819
"2539","2541",0.775749903651925
"2540","2541",0.609390540674744
"1784","2542",0.620913953106592
"2489","2542",0.715640149541316
"2530","2542",0.627057233762077
"2540","2542",0.799275420570579
"1782","2543",0.65651819361505
"2477","2543",0.667018337120114
"2479","2543",0.673885429077719
"2480","2543",0.747181325803966
"2482","2543",0.743349492005589
"2484","2543",0.742799097024105
"2486","2543",0.751807304767763
"2528","2543",0.72425289820824
"2531","2543",0.72425289820824
"2533","2543",0.746114398692265
"2535","2543",0.763416002877992
"2537","2543",0.728732346408642
"1272","2544",0.661259771180118
"2478","2544",0.621988141167834
"2481","2544",0.69867304759263
"2483","2544",0.69541764238331
"2485","2544",0.691705746719031
"2487","2544",0.676750919122837
"2532","2544",0.695363694523461
"2534","2544",0.681589354403853
"2536","2544",0.682965200012294
"2538","2544",0.672052214556452
"1782","2545",0.689056817283593
"1783","2545",0.606665087067658
"2477","2545",0.669787438551145
"2479","2545",0.702593905368053
"2480","2545",0.758321703694151
"2482","2545",0.754667463573586
"2484","2545",0.757498873816443
"2486","2545",0.762938001729035
"2528","2545",0.749199789744907
"2531","2545",0.749199789744907
"2533","2545",0.759170468167384
"2535","2545",0.77798207878935
"2537","2545",0.744454588878241
"2543","2545",0.792915139280411
"1272","2546",0.700280471439485
"1783","2546",0.609692103445249
"2478","2546",0.657224429828633
"2481","2546",0.739314005343044
"2483","2546",0.755307181011721
"2485","2546",0.738933728171175
"2487","2546",0.739550013979156
"2532","2546",0.746704808741021
"2534","2546",0.729652291513463
"2535","2546",0.607797411966929
"2536","2546",0.727398967697603
"2538","2546",0.715136333959827
"2544","2546",0.748611294612569
"292","2547",0.795170923484598
"294","2547",0.806797670368664
"296","2547",0.7911641262958
"473","2547",0.644126877809269
"487","2547",0.658172604693166
"489","2547",0.686473564496423
"515","2547",0.607822027351488
"516","2547",0.848958602388761
"517","2547",0.837132768941831
"518","2547",0.84084250259184
"519","2547",0.841094807756404
"534","2547",0.735834712444577
"535","2547",0.767249221793541
"536","2547",0.766872798627405
"537","2547",0.80486352455781
"538","2547",0.764451003664213
"539","2547",0.767010185338931
"750","2547",0.628307981477591
"953","2547",0.795170923484598
"955","2547",0.806797670368664
"957","2547",0.7911641262958
"1172","2547",0.710230781149323
"1174","2547",0.652506504118639
"1230","2547",0.764820462174406
"1232","2547",0.74899957741496
"1234","2547",0.713185015122508
"1236","2547",0.641137160437264
"1238","2547",0.681758513224664
"1240","2547",0.739742425184174
"1242","2547",0.689438854986139
"1256","2547",0.661859003483646
"1258","2547",0.66045071284659
"1264","2547",0.661859003483646
"1458","2547",0.834680015337508
"1757","2547",0.675692678572867
"1861","2547",0.74899957741496
"1863","2547",0.713185015122508
"1866","2547",0.681758513224664
"1868","2547",0.739742425184174
"1870","2547",0.689438854986139
"1892","2547",0.701060321454567
"1894","2547",0.696327731180759
"1896","2547",0.65615978106793
"1900","2547",0.634539800009158
"1902","2547",0.624452095903149
"1910","2547",0.682300957111046
"1914","2547",0.644314449300542
"1916","2547",0.632148583305336
"2040","2547",0.821866726783731
"2042","2547",0.841430480967944
"2044","2547",0.673462635530291
"2046","2547",0.730464642474242
"2383","2547",1
"2385","2547",0.900476388656748
"2387","2547",0.70372955292181
"2389","2547",0.692046859250805
"2384","2548",1
"2386","2548",0.842623373177031
"292","2549",0.781209236253793
"294","2549",0.793025930053913
"296","2549",0.777286931943439
"473","2549",0.635175940723042
"487","2549",0.648940020113855
"489","2549",0.676665206724444
"516","2549",0.842544285854807
"517","2549",0.83022154883096
"518","2549",0.834621029300076
"519","2549",0.834122772112377
"534","2549",0.723353275253628
"535","2549",0.754209020355983
"536","2549",0.759731674391041
"537","2549",0.797590970039687
"538","2549",0.753001707793494
"539","2549",0.755505738875996
"750","2549",0.622209709688804
"953","2549",0.781209236253793
"955","2549",0.793025930053913
"957","2549",0.777286931943439
"1172","2549",0.699930774580683
"1174","2549",0.643387869634463
"1230","2549",0.751592633148009
"1232","2549",0.736435154103464
"1234","2549",0.702823352713904
"1236","2549",0.63224581552033
"1238","2549",0.672046838016088
"1240","2549",0.728821460135103
"1242","2549",0.679569540693759
"1256","2549",0.652552042626661
"1258","2549",0.651172187699898
"1264","2549",0.652552042626661
"1458","2549",0.8278441421776
"1757","2549",0.666482457143561
"1861","2549",0.736435154103464
"1863","2549",0.702823352713904
"1866","2549",0.672046838016088
"1868","2549",0.728821460135103
"1870","2549",0.679569540693759
"1892","2549",0.691274281490386
"1894","2549",0.701550171368644
"1896","2549",0.646967727315264
"1900","2549",0.625779507132223
"1902","2549",0.615890984083314
"1910","2549",0.672578174286613
"1914","2549",0.635359769254376
"1916","2549",0.623435636992192
"2040","2549",0.807245259701394
"2042","2549",0.833388249470241
"2044","2549",0.664202988186836
"2046","2549",0.719740091210404
"2383","2549",0.900476388656748
"2385","2549",1
"2387","2549",0.701880799121309
"2389","2549",0.686708852287984
"2547","2549",0.900476388656748
"2384","2550",0.842623373177031
"2386","2550",1
"2548","2550",0.842623373177031
"292","2551",0.657680859017433
"294","2551",0.673826214561072
"296","2551",0.6545287481474
"516","2551",0.700008279374405
"517","2551",0.690502794787463
"518","2551",0.694435700350226
"519","2551",0.69297728638193
"534","2551",0.612021689839522
"535","2551",0.637302363257251
"536","2551",0.636694716052993
"537","2551",0.666262894958897
"538","2551",0.646342427489156
"539","2551",0.648351418730315
"953","2551",0.657680859017433
"955","2551",0.673826214561072
"957","2551",0.6545287481474
"1172","2551",0.603618168765872
"1230","2551",0.634229632403719
"1232","2551",0.623372686803369
"1234","2551",0.60595415978809
"1236","2551",0.626168350768604
"1238","2551",0.667501294340555
"1240","2551",0.718010905944633
"1242","2551",0.674368236831523
"1458","2551",0.699462667114159
"1861","2551",0.623372686803369
"1863","2551",0.60595415978809
"1866","2551",0.667501294340555
"1868","2551",0.718010905944633
"1870","2551",0.674368236831523
"1892","2551",0.608069931189063
"2040","2551",0.689509586258929
"2042","2551",0.693915175316744
"2044","2551",0.66961599040956
"2046","2551",0.709660256139013
"2383","2551",0.70372955292181
"2385","2551",0.701880799121309
"2387","2551",1
"2389","2551",0.700425732501451
"2547","2551",0.70372955292181
"2549","2551",0.701880799121309
"2388","2552",1
"292","2553",0.678924250339151
"294","2553",0.683772924254484
"296","2553",0.675624768607972
"489","2553",0.602712419366364
"516","2553",0.723258634213339
"517","2553",0.713298001098109
"518","2553",0.717418919705794
"519","2553",0.715890735601333
"534","2553",0.631160157425241
"535","2553",0.657598303704492
"536","2553",0.656962600164483
"537","2553",0.687909018897611
"538","2553",0.667057107822087
"539","2553",0.669159495485587
"953","2553",0.678924250339151
"955","2553",0.683772924254484
"957","2553",0.675624768607972
"1172","2553",0.622376410597922
"1230","2553",0.654383815798409
"1232","2553",0.64302835789792
"1234","2553",0.624817864997369
"1236","2553",0.640397386150304
"1238","2553",0.682789385137135
"1240","2553",0.735176190180623
"1242","2553",0.689895830666829
"1458","2553",0.721719081141589
"1861","2553",0.64302835789792
"1863","2553",0.624817864997369
"1866","2553",0.682789385137135
"1868","2553",0.735176190180623
"1870","2553",0.689895830666829
"1892","2553",0.6052102679994
"1894","2553",0.602435220352415
"2040","2553",0.71156984888632
"2042","2553",0.71687348607966
"2044","2553",0.666144917369745
"2046","2553",0.726534155523052
"2383","2553",0.692046859250805
"2385","2553",0.686708852287984
"2387","2553",0.700425732501451
"2389","2553",1
"2547","2553",0.692046859250805
"2549","2553",0.686708852287984
"2551","2553",0.700425732501451
"2390","2554",1
"1496","2555",0.691273573983318
"1497","2555",0.609852283435452
"1498","2555",0.700143592515508
"1499","2555",0.606650196734607
"1500","2555",0.691273573983318
"2159","2555",0.649057934520489
"2160","2555",0.602576871712936
"2161","2555",0.644182468925892
"2162","2555",0.609633738907147
"1496","2557",0.688827951006938
"1498","2557",0.705761942432544
"1500","2557",0.688827951006938
"2159","2557",0.623599241594613
"2161","2557",0.61862720952542
"2555","2557",0.933171192405497
"2556","2558",0.924423611256391
"2561","2562",0.672342606035638
"2561","2563",0.7829631579569
"2561","2564",0.648576140309572
"2562","2564",0.863367298877048
"680","2571",0.709851371206821
"682","2571",0.71607322240224
"1419","2571",0.63242533846641
"1421","2571",0.632180370404125
"1443","2571",0.634470556564896
"1444","2571",0.658950251457207
"1445","2571",0.637896964863666
"2352","2571",0.645807545317451
"2353","2571",0.609462674093864
"2354","2571",0.632589995118204
"2355","2571",0.616804656080504
"2463","2571",0.648735373406501
"2465","2571",0.642020018087975
"2467","2571",0.610634506911838
"2469","2571",0.619603426682822
"2471","2571",0.620924964596608
"2473","2571",0.618962167330647
"1523","2572",0.629047810555203
"1525","2572",0.626848401946785
"1527","2572",0.628130502599473
"1529","2572",0.62610389413304
"1541","2572",0.62354384384522
"1555","2572",0.617139599749115
"1568","2572",0.62610389413304
"680","2573",0.720245152984663
"682","2573",0.726609842290466
"1419","2573",0.641181903255647
"1421","2573",0.64150902467406
"1443","2573",0.633029009063763
"1444","2573",0.66794753643304
"1445","2573",0.637321449760773
"2352","2573",0.657414587399668
"2353","2573",0.617752992106331
"2354","2573",0.644048161582812
"2355","2573",0.62525703966278
"2463","2573",0.66015868209969
"2465","2573",0.65326310882137
"2467","2573",0.621272185038136
"2469","2573",0.630416142151632
"2471","2573",0.631772542701779
"2473","2573",0.629623501998683
"2571","2573",0.935721662028727
"1523","2574",0.636133533969534
"1525","2574",0.633898680078669
"1527","2574",0.635201435589177
"1529","2574",0.63314218742879
"1541","2574",0.630525736304207
"1555","2574",0.624034127619308
"1568","2574",0.63314218742879
"2572","2574",0.943059767205479
"680","2575",0.689152708462867
"682","2575",0.70673190930829
"1419","2575",0.64038080821945
"1421","2575",0.624999090473566
"1443","2575",0.608374806580944
"1444","2575",0.65102855934864
"1445","2575",0.621214575199823
"2352","2575",0.622705158410048
"2353","2575",0.618215296734995
"2354","2575",0.60970337677668
"2355","2575",0.625537711805495
"2463","2575",0.636655531986819
"2465","2575",0.643861118033902
"2467","2575",0.602783595120985
"2469","2575",0.610037863895208
"2471","2575",0.612434341114099
"2473","2575",0.621440430152759
"2571","2575",0.889435642044144
"2573","2575",0.897607794844591
"2572","2576",0.873204598883712
"2574","2576",0.884736137511506
"1026","2581",1
"1027","2582",1
"789","2583",0.612604910303887
"791","2583",0.643167870291396
"793","2583",0.634336109617734
"795","2583",0.626652103927705
"797","2583",0.632056574173445
"807","2583",0.627072838160719
"809","2583",0.638893102779039
"2475","2583",0.729076497762845
"2476","2584",0.635334113661072
"2475","2585",0.626025592821217
"2583","2585",0.719219642428764
"791","2587",0.606774942306064
"793","2587",0.609374535229078
"795","2587",0.602107919755933
"797","2587",0.607776716763674
"807","2587",0.603230231836064
"809","2587",0.614812636806663
"2475","2587",0.688484960265951
"2583","2587",0.758435818654437
"2585","2587",0.645520737563053
"2476","2588",0.638772671188313
"2584","2588",0.646971663426995
"787","2589",0.601249086518566
"789","2589",0.647716271582594
"791","2589",0.667048485472439
"793","2589",0.671348964958501
"795","2589",0.663061372584272
"797","2589",0.66879270589352
"807","2589",0.663543350376378
"809","2589",0.675973147036354
"2475","2589",0.748058551669637
"2583","2589",0.829707749607651
"2585","2589",0.701620412480805
"2587","2589",0.800119433455109
"2476","2590",0.692027922369722
"2584","2590",0.699353296281757
"2586","2590",0.606210812670464
"2588","2590",0.711873912469986
"789","2591",0.62524812077665
"791","2591",0.658755677720256
"793","2591",0.648034034928879
"795","2591",0.639517269512236
"797","2591",0.645471020823153
"807","2591",0.638894284466699
"809","2591",0.65410609915949
"2475","2591",0.720808204322178
"2583","2591",0.809170032794138
"2585","2591",0.675016706369325
"2587","2591",0.769380128082448
"2589","2591",0.839095455644298
"2476","2592",0.675188437220179
"2584","2592",0.685743921465384
"2588","2592",0.692701999597107
"2590","2592",0.748320563245324
"791","2593",0.606774942306064
"793","2593",0.609374535229078
"795","2593",0.602107919755933
"797","2593",0.607776716763674
"807","2593",0.603230231836064
"809","2593",0.614812636806663
"2475","2593",0.688484960265951
"2583","2593",0.758435818654437
"2585","2593",0.645520737563053
"2587","2593",1
"2589","2593",0.800119433455109
"2591","2593",0.769380128082448
"2476","2594",0.638772671188313
"2584","2594",0.646971663426995
"2588","2594",1
"2590","2594",0.711873912469986
"2592","2594",0.692701999597107
"187","2597",0.891855194507876
"189","2597",0.807918955520956
"2050","2597",0.891855194507876
"2052","2597",0.807918955520956
"2054","2597",0.891855194507876
"2056","2597",0.807918955520956
"2116","2597",0.861703995730688
"2118","2597",0.823540534530867
"2120","2597",0.861703995730688
"2122","2597",0.823540534530867
"2123","2597",0.861703995730688
"187","2599",0.909170655695075
"189","2599",0.826313218211126
"2050","2599",0.909170655695075
"2052","2599",0.826313218211126
"2054","2599",0.909170655695075
"2056","2599",0.826313218211126
"2116","2599",0.879786003838936
"2118","2599",0.839680934858301
"2120","2599",0.879786003838936
"2122","2599",0.839680934858301
"2123","2599",0.879786003838936
"2597","2599",0.948661951652866
"187","2601",0.749048964177253
"189","2601",0.692609616019553
"2050","2601",0.749048964177253
"2052","2601",0.692609616019553
"2054","2601",0.749048964177253
"2056","2601",0.692609616019553
"2116","2601",0.723305148588873
"2118","2601",0.705108585562058
"2120","2601",0.723305148588873
"2122","2601",0.705108585562058
"2123","2601",0.723305148588873
"2597","2601",0.7875402849072
"2599","2601",0.792592686846401
"187","2603",0.891855194507876
"189","2603",0.807918955520956
"2050","2603",0.891855194507876
"2052","2603",0.807918955520956
"2054","2603",0.891855194507876
"2056","2603",0.807918955520956
"2116","2603",0.861703995730688
"2118","2603",0.823540534530867
"2120","2603",0.861703995730688
"2122","2603",0.823540534530867
"2123","2603",0.861703995730688
"2597","2603",1
"2599","2603",0.948661951652866
"2601","2603",0.7875402849072
"2598","2604",1
"187","2605",0.909170655695075
"189","2605",0.826313218211126
"2050","2605",0.909170655695075
"2052","2605",0.826313218211126
"2054","2605",0.909170655695075
"2056","2605",0.826313218211126
"2116","2605",0.879786003838936
"2118","2605",0.839680934858301
"2120","2605",0.879786003838936
"2122","2605",0.839680934858301
"2123","2605",0.879786003838936
"2597","2605",0.948661951652866
"2599","2605",1
"2601","2605",0.792592686846401
"2603","2605",0.948661951652866
"2600","2606",1
"187","2607",0.749048964177253
"189","2607",0.692609616019553
"2050","2607",0.749048964177253
"2052","2607",0.692609616019553
"2054","2607",0.749048964177253
"2056","2607",0.692609616019553
"2116","2607",0.723305148588873
"2118","2607",0.705108585562058
"2120","2607",0.723305148588873
"2122","2607",0.705108585562058
"2123","2607",0.723305148588873
"2597","2607",0.7875402849072
"2599","2607",0.792592686846401
"2601","2607",1
"2603","2607",0.7875402849072
"2605","2607",0.792592686846401
"2602","2608",1
"1893","2620",0.679693793314509
"1895","2620",0.624904679859303
"1901","2620",0.619840533189135
"1911","2620",0.617789574679614
"2624","2628",0.623339438692539
"1893","2629",0.746927622528
"1895","2629",0.684326876454058
"1901","2629",0.678555822317277
"1911","2629",0.676219322516197
"1893","2630",0.845076201962663
"1895","2630",0.790454882444557
"1899","2630",0.655972157500828
"1901","2630",0.763687534040094
"1911","2630",0.760917058459222
"1919","2630",0.659663714942543
"2620","2630",0.651513983952827
"2629","2630",0.714693296073747
"1893","2631",0.616753943924277
"2630","2631",0.611654219361072
"1893","2632",0.820571461046379
"1895","2632",0.771156460852312
"1899","2632",0.638926111556865
"1901","2632",0.742493874159932
"1911","2632",0.73983353384535
"1919","2632",0.642480271132355
"2620","2632",0.680123866366089
"2629","2632",0.695420996175506
"2630","2632",0.80593357200715
"1893","2633",0.719527306179928
"1895","2633",0.660148041340205
"1901","2633",0.654668143033767
"1911","2633",0.652449231779769
"2629","2633",0.671001743096298
"2630","2633",0.688965959862558
"2631","2633",0.603687835533698
"2632","2633",0.670679611856581
"1893","2634",0.85237003368552
"1895","2634",0.776916176638261
"1899","2634",0.66103170181118
"1901","2634",0.769988284857771
"1911","2634",0.76718480920935
"1919","2634",0.664764323573461
"2620","2634",0.684719126972276
"2629","2634",0.720418661010295
"2630","2634",0.836090808170312
"2631","2634",0.613049530333475
"2632","2634",0.806215363329122
"2633","2634",0.694396330844008
"1893","2635",0.696012772775066
"1895","2635",0.639356766474457
"1901","2635",0.634123396911638
"1911","2635",0.632004070437745
"2629","2635",0.655541746691786
"2630","2635",0.666864672501016
"2632","2635",0.649412207410975
"2633","2635",0.692242556558935
"2634","2635",0.672045694881495
"1893","2636",0.829574346766505
"1895","2636",0.777528672338505
"1899","2636",0.645197362379717
"1901","2636",0.750284866970491
"1911","2636",0.747584196432963
"1919","2636",0.648801898433162
"2620","2636",0.703158429572668
"2629","2636",0.702508219997097
"2630","2636",0.812825445958406
"2632","2636",0.822744753942148
"2633","2636",0.677405533438682
"2634","2636",0.812500966522565
"2635","2636",0.655832463878363
"1418","2643",0.639714960725832
"1420","2643",0.615648914772242
"1443","2643",0.705261467699974
"1444","2643",0.759324140281482
"1445","2643",0.715124478243515
"1745","2643",0.709816377667329
"1747","2643",0.729426853965611
"1746","2644",0.890348504015066
"1748","2644",0.872198067093788
"2643","2644",0.614080033703411
"1418","2645",0.622265553588541
"1443","2645",0.699846568315593
"1444","2645",0.745108866981712
"1445","2645",0.701192636574102
"1745","2645",0.709871915198774
"1747","2645",0.728008414912221
"2643","2645",0.896051872707266
"2644","2645",0.620782207723765
"1746","2646",0.89101330875086
"1748","2646",0.87284340509374
"2643","2646",0.623009974197808
"2644","2646",0.938865717011894
"2645","2646",0.621526288179894
"1893","2648",0.779750313312299
"1895","2648",0.713224408596686
"1899","2648",0.610360915922236
"1901","2648",0.707099274551818
"1911","2648",0.704619806022113
"1919","2648",0.613688222532402
"2620","2648",0.606341453287247
"2629","2648",0.663185414688243
"2630","2648",0.745475897383546
"2632","2648",0.725002979644301
"2633","2648",0.64006817379387
"2634","2648",0.751560730081692
"2635","2648",0.620176114223934
"2636","2648",0.732530021556112
"1893","2650",0.631097177874662
"2630","2650",0.605738333090179
"2632","2650",0.613222249697342
"2634","2650",0.65233336895616
"2636","2650",0.615178738281081
"2648","2650",0.629857701201795
"1893","2652",0.642064206541761
"2630","2652",0.616077073745601
"2632","2652",0.625980674724055
"2634","2652",0.647992920074904
"2636","2652",0.606228198225124
"2648","2652",0.646908349038529
"1893","2653",0.766544161691626
"1895","2653",0.701606054016244
"1899","2653",0.601072769698766
"1901","2653",0.695624064133873
"1911","2653",0.693202389422936
"1919","2653",0.604327260460376
"2620","2653",0.641624298980382
"2629","2653",0.652720586300772
"2630","2653",0.755978787693524
"2632","2653",0.735712299271095
"2633","2653",0.630123650616899
"2634","2653",0.763158788144599
"2635","2653",0.6106726564115
"2636","2653",0.720457059399273
"2648","2653",0.753703564810905
"2650","2653",0.665743176949986
"2652","2653",0.689625515043619
"1893","2655",0.77603830827737
"1895","2655",0.709959849628424
"1899","2655",0.607752557620503
"1901","2655",0.703875042155205
"1911","2655",0.701411854720914
"1919","2655",0.61105936780534
"2620","2655",0.651073651281916
"2629","2655",0.660245767868374
"2630","2655",0.741996542128536
"2632","2655",0.745324434774303
"2633","2655",0.637275034920698
"2634","2655",0.773327774000528
"2635","2655",0.617507147618569
"2636","2655",0.748946136945409
"2648","2655",0.767403894634306
"2650","2655",0.679388728200705
"2652","2655",0.704955648203056
"2653","2655",0.766108783401718
"1893","2657",0.751683720068632
"1895","2657",0.688518621153595
"1901","2657",0.682696613002393
"1911","2657",0.680339537035071
"2620","2657",0.635438436471061
"2629","2657",0.640923065148068
"2630","2657",0.742412715289779
"2632","2657",0.723877278941692
"2633","2657",0.618908493173552
"2634","2657",0.750772389879465
"2636","2657",0.727061092820909
"2648","2657",0.731896110091326
"2650","2657",0.650602240487514
"2652","2657",0.673413550865636
"2653","2657",0.768509536628368
"2655","2657",0.784006448675946
"1893","2659",0.706416100030185
"1895","2659",0.648560051850531
"1901","2659",0.64321799983576
"1911","2659",0.641054769048012
"2629","2659",0.604838893832164
"2630","2659",0.724846171431352
"2632","2659",0.65882537268425
"2634","2659",0.681936246107713
"2636","2659",0.66538035231123
"2648","2659",0.690729944741186
"2653","2659",0.726190994303821
"2655","2659",0.699775712044025
"2657","2659",0.710852642217987
"1114","2660",0.644952994109122
"1116","2660",0.622909286404028
"2048","2660",0.644522396002954
"1418","2662",0.652398764938753
"1420","2662",0.629056579687262
"1422","2662",0.625858004351126
"1443","2662",0.745807604373873
"1444","2662",0.776423091495207
"1445","2662",0.747473133779619
"1745","2662",0.762384552581742
"1747","2662",0.785440796898602
"2643","2662",0.81695778343361
"2645","2662",0.819370669480376
"1746","2663",0.859723159294545
"1748","2663",0.84046524848802
"2644","2663",0.842554104497455
"2646","2663",0.834242387663883
"2462","2668",0.656380946599678
"1893","2673",0.609256154214677
"2632","2673",0.601800220690786
"2634","2673",0.611129734465496
"2636","2673",0.610656749805696
"1893","2675",0.686145248386728
"1895","2675",0.630620372172057
"1901","2675",0.625489511426992
"1911","2675",0.623411598620138
"2630","2675",0.65758387819487
"2632","2675",0.667933589087452
"2634","2675",0.69212402568926
"2636","2675",0.669516571901987
"2648","2675",0.611813714884877
"2653","2675",0.602493797144791
"2655","2675",0.659181445097858
"2657","2675",0.643439298614185
"2673","2675",0.709324482517271
"1893","2677",0.652344092056565
"1895","2677",0.600640384408972
"2630","2677",0.625763585579643
"2632","2677",0.636347050230695
"2634","2677",0.658920215947983
"2636","2677",0.637714638239005
"2653","2677",0.61933252552295
"2655","2677",0.628462864553912
"2657","2677",0.613771696044976
"2673","2677",0.62363421677354
"2675","2677",0.736482850318465
"1893","2679",0.656415781951329
"1895","2679",0.604256229678963
"2630","2679",0.629599069500055
"2632","2679",0.64107685908367
"2634","2679",0.66393799412686
"2636","2679",0.642259472210234
"2653","2679",0.624921401406211
"2655","2679",0.634312406206458
"2657","2679",0.619586598116296
"2673","2679",0.646513108556812
"2675","2679",0.721690321439454
"2677","2679",0.679364793842336
"724","2680",0.621825047104377
"726","2680",0.616000969684608
"2228","2680",0.621825047104377
"2230","2680",0.616000969684608
"2232","2680",0.622268948090062
"1271","2682",1
"1782","2682",0.605272905902711
"2480","2682",0.617407843271073
"2484","2682",0.615583809812241
"2486","2682",0.605371021683833
"2528","2682",0.635717026506621
"2531","2682",0.635717026506621
"2533","2682",0.609665443873799
"2535","2682",0.617972998263936
"1272","2683",1
"1783","2683",0.661717352302941
"2478","2683",0.715317104384997
"2480","2683",0.608403411537472
"2481","2683",0.819675236191807
"2483","2683",0.814542201450008
"2484","2683",0.606004644036516
"2485","2683",0.807953535097637
"2486","2683",0.61930525801078
"2487","2683",0.794830436581268
"2528","2683",0.610715887341795
"2531","2683",0.610715887341795
"2532","2683",0.838930573343534
"2533","2683",0.608476727272507
"2534","2683",0.797400847138335
"2535","2683",0.643463029991953
"2536","2683",0.794840017093589
"2538","2683",0.780911715733153
"2544","2683",0.661259771180118
"2546","2683",0.700280471439485
"1271","2684",1
"1782","2684",0.605272905902711
"2480","2684",0.617407843271073
"2484","2684",0.615583809812241
"2486","2684",0.605371021683833
"2528","2684",0.635717026506621
"2531","2684",0.635717026506621
"2533","2684",0.609665443873799
"2535","2684",0.617972998263936
"2682","2684",1
"1272","2685",1
"1783","2685",0.661717352302941
"2478","2685",0.715317104384997
"2480","2685",0.608403411537472
"2481","2685",0.819675236191807
"2483","2685",0.814542201450008
"2484","2685",0.606004644036516
"2485","2685",0.807953535097637
"2486","2685",0.61930525801078
"2487","2685",0.794830436581268
"2528","2685",0.610715887341795
"2531","2685",0.610715887341795
"2532","2685",0.838930573343534
"2533","2685",0.608476727272507
"2534","2685",0.797400847138335
"2535","2685",0.643463029991953
"2536","2685",0.794840017093589
"2538","2685",0.780911715733153
"2544","2685",0.661259771180118
"2546","2685",0.700280471439485
"2683","2685",1
"2688","2689",0.607197187419231
"2688","2690",0.786168265061412
"2689","2691",0.8074737325433
"2680","2692",0.758891482015603
"2681","2693",0.809424721962513
"1586","2694",1
"1588","2694",0.895778090350619
"1590","2694",0.619271820650588
"1587","2695",1
"1589","2695",0.699249679709094
"1586","2696",0.895778090350619
"1588","2696",1
"1590","2696",0.622260475899538
"2694","2696",0.895778090350619
"1587","2697",0.699249679709094
"1589","2697",1
"2695","2697",0.699249679709094
"1586","2698",0.619271820650588
"1588","2698",0.622260475899538
"1590","2698",1
"2694","2698",0.619271820650588
"2696","2698",0.622260475899538
"1591","2699",1
"2700","2702",0.841735505741329
"2701","2703",0.890249180757592
"2706","2708",0.66158637474048
"2518","2710",0.649984222853592
"2520","2710",0.660346861732309
"2555","2710",0.670026536101164
"2557","2710",0.671686810097047
"2556","2711",0.689577098541691
"2558","2711",0.689829930074135
"2710","2711",0.606680388433083
"2518","2712",0.682389683661474
"2520","2712",0.680787603400436
"2555","2712",0.682597138079597
"2557","2712",0.672337166793572
"2710","2712",0.856633898054439
"2556","2713",0.669910233746802
"2558","2713",0.670629066970359
"2711","2713",0.810986252426944
"2463","2716",0.623387482544046
"2465","2716",0.615208987006372
"2471","2716",0.600294069205633
"2571","2716",0.814808336525925
"2573","2716",0.822631343426407
"2575","2716",0.770096380534165
"2572","2717",0.846942044883189
"2574","2717",0.849986177715298
"2576","2717",0.787259858317932
"2463","2718",0.608962872735433
"2465","2718",0.603072276616296
"2571","2718",0.787730081647671
"2573","2718",0.795085677831711
"2575","2718",0.756024833308541
"2716","2718",0.839189311838919
"2572","2719",0.835240453490896
"2574","2719",0.845927066397361
"2576","2719",0.784196952104994
"2717","2719",0.803495787544408
"1782","2720",0.718696308754981
"1783","2720",0.602895199664167
"2477","2720",0.648369334618405
"2479","2720",0.672007661533291
"2480","2720",0.717249047499294
"2482","2720",0.705381068728453
"2484","2720",0.719402139055703
"2486","2720",0.71209163977918
"2528","2720",0.726040119547781
"2531","2720",0.726040119547781
"2533","2720",0.707324421033383
"2535","2720",0.726560916635737
"2537","2720",0.697641004447519
"2543","2720",0.608783115011956
"2545","2720",0.640139446686302
"2481","2721",0.604617477871592
"2483","2721",0.608669841379862
"2485","2721",0.604332582142998
"2532","2721",0.610151355331271
"2215","2724",0.65848308216011
"2217","2724",0.661183686290983
"1723","2726",0.602437678326699
"2215","2726",0.676037099888846
"2217","2726",0.679844332337666
"1722","2743",0.683089580021426
"1723","2743",0.755318753747711
"1724","2743",0.683089580021426
"2215","2743",0.871799411734296
"2217","2743",0.878644928548095
"2724","2743",0.626919529390249
"2726","2743",0.64941249924183
"645","2745",0.622137944162302
"1114","2745",0.733323456761845
"1115","2745",0.638252753425312
"1116","2745",0.705514439701759
"1505","2745",0.632413348373955
"2048","2745",0.607802135171086
"2142","2745",0.632413348373955
"645","2747",0.609257338580694
"1114","2747",0.717014082693876
"1115","2747",0.624890770915098
"1116","2747",0.690085525721094
"1505","2747",0.619226436246905
"2142","2747",0.619226436246905
"2745","2747",0.95051008763122
"2746","2748",0.906870971733827
"645","2749",0.623089076588851
"1114","2749",0.734529216924254
"1115","2749",0.63923960432084
"1116","2749",0.706654769580921
"1505","2749",0.633387207765639
"2048","2749",0.608721848501758
"2142","2749",0.633387207765639
"2745","2749",0.786664812297104
"2747","2749",0.77287991228649
"645","2751",0.620089695304888
"1114","2751",0.730727540058775
"1115","2751",0.636127665468335
"1116","2751",0.703059233031199
"1505","2751",0.630316207751124
"2048","2751",0.605821480355042
"2142","2751",0.630316207751124
"2745","2751",0.749574572837654
"2747","2751",0.738225094252504
"2749","2751",0.89394864919589
"2750","2752",0.740130395128781
"1114","2753",0.693333413072049
"1115","2753",0.605443539016544
"1116","2753",0.667667857067732
"1505","2753",0.600031172542581
"2142","2753",0.600031172542581
"2745","2753",0.670238719944775
"2747","2753",0.655905184785627
"2749","2753",0.671297690986308
"2751","2753",0.667958498156108
"645","2755",0.620555290882317
"1114","2755",0.731317547848514
"1115","2755",0.63661071802887
"1116","2755",0.703617278644498
"1505","2755",0.630792911055686
"2048","2755",0.606271718850374
"2142","2755",0.630792911055686
"2745","2755",0.949374735704715
"2747","2755",0.941634086296943
"2749","2755",0.774138085635106
"2751","2755",0.73403092170537
"2753","2755",0.6684767936921
"2746","2756",0.897277798977155
"2748","2756",0.893533358791802
"1114","2757",0.702033818062016
"1115","2757",0.612594994540554
"1116","2757",0.675906376052035
"1505","2757",0.60709036610543
"2142","2757",0.60709036610543
"2745","2757",0.902276997009711
"2747","2757",0.895334023210642
"2749","2757",0.738259661972533
"2751","2757",0.713791352982645
"2753","2757",0.642723648398146
"2755","2757",0.898735514370196
"2746","2758",0.80066364278312
"2748","2758",0.788272898133294
"2756","2758",0.799651623334326
"645","2759",0.619032024594642
"1114","2759",0.729387424117243
"1115","2759",0.635030359648699
"1116","2759",0.701791673262394
"1505","2759",0.629233317420985
"2048","2759",0.604798678079673
"2142","2759",0.629233317420985
"2745","2759",0.770114360874334
"2747","2759",0.759269096202831
"2749","2759",0.8987106861618
"2751","2759",0.880624942621473
"2753","2759",0.666781178825435
"2755","2759",0.754289238507354
"2757","2759",0.73113400968965
"2750","2760",0.826408295645043
"2752","2760",0.695334207177933
"2561","2761",0.759369306065956
"2562","2761",0.763596201942602
"2563","2761",0.641645511304083
"2564","2761",0.763995995046635
"2562","2762",0.791947388323416
"2564","2762",0.807733605667272
"2761","2762",0.772192090423959
"2763","2765",0.906612197636573
"2764","2766",0.854391592796795
"2763","2769",0.6598950647457
"2765","2769",0.658739184391212
"2764","2770",0.677197237031915
"2766","2770",0.626549882059995
"2771","2773",1
"2772","2774",1
"2775","2777",0.61474046114072
"2776","2778",0.736730912382708
"2771","2781",0.635693196749612
"2773","2781",0.635693196749612
"2781","2782",0.611877163888874
"2771","2785",0.635693196749612
"2773","2785",0.635693196749612
"2781","2785",1
"2782","2785",0.611877163888874
"2781","2786",0.611877163888874
"2782","2786",1
"2785","2786",0.611877163888874
"2783","2787",1
"2784","2788",1
"2789","2791",1
"2790","2792",1
"2561","2793",0.740425440302094
"2562","2793",0.741299811798514
"2563","2793",0.638049508343345
"2564","2793",0.753354072195631
"2761","2793",0.810242508604697
"2762","2793",0.757312968472355
"2562","2794",0.80393991178206
"2564","2794",0.820073519464294
"2761","2794",0.783754375175139
"2762","2794",0.873187999356293
"2793","2794",0.768554565501326
"112","2801",0.726906803546888
"1460","2801",0.742580965048229
"1462","2801",0.656331971968238
"1569","2801",0.89977886068436
"1570","2801",0.803337418656892
"1571","2801",0.917182854191838
"1572","2801",0.810387851214331
"1797","2801",0.600042886113251
"1798","2801",0.808113774468537
"1832","2801",0.609726536503901
"1838","2801",0.7193084141285
"1839","2801",0.731348535389295
"1840","2801",0.654020872534549
"1841","2801",0.683635922459919
"1858","2801",0.698883407011418
"1859","2801",0.604993210726344
"2070","2801",0.640553545902314
"2219","2801",0.888210936000625
"2220","2801",0.847610626787085
"2221","2801",0.908361986644308
"2222","2801",0.863531865416631
"2223","2801",0.927475767994108
"2224","2801",0.850625649892183
"2225","2801",0.918949706697452
"2226","2801",0.873599763456923
"2275","2801",0.915760836917579
"2276","2801",0.84138647313786
"2283","2801",0.938646839495304
"2284","2801",0.888850262981587
"2285","2801",0.948637163907052
"2286","2801",0.897290700031848
"2287","2801",0.943506838388471
"2288","2801",0.894226635957055
"2289","2801",0.950327763828784
"2290","2801",0.8886163390331
"2291","2801",0.617534908295976
"2293","2801",0.617505095867753
"2295","2801",0.627357232911875
"2297","2801",0.944651732889241
"2298","2801",0.890904825213229
"2299","2801",0.96037958928246
"2300","2801",0.901501154277886
"2301","2801",0.649379868218173
"2303","2801",0.636070314855694
"2341","2801",0.836575168697214
"2408","2801",0.846359589077392
"112","2803",0.71095896432948
"1460","2803",0.741487187850208
"1461","2803",0.603003290391542
"1462","2803",0.655390554057312
"1569","2803",0.90512315494686
"1570","2803",0.806476467802029
"1571","2803",0.921660276150401
"1572","2803",0.827217532621386
"1797","2803",0.600005866183407
"1798","2803",0.810096571996494
"1832","2803",0.607972141975238
"1838","2803",0.715747189337324
"1839","2803",0.738231651627492
"1840","2803",0.651616057690355
"1841","2803",0.689881012210965
"1858","2803",0.698421087417384
"1859","2803",0.606081376748043
"2070","2803",0.638790389463967
"2219","2803",0.889772261084611
"2220","2803",0.865671288824058
"2221","2803",0.907092660931291
"2222","2803",0.872282706947982
"2223","2803",0.920910455476884
"2224","2803",0.854181520274566
"2225","2803",0.910971979967392
"2226","2803",0.875280060322416
"2275","2803",0.908891214345721
"2276","2803",0.849926802488547
"2283","2803",0.941666246190878
"2284","2803",0.897035612201938
"2285","2803",0.951007127832017
"2286","2803",0.905170570731017
"2287","2803",0.938351176168504
"2288","2803",0.897953460907265
"2289","2803",0.952978293021929
"2290","2803",0.899690321893498
"2291","2803",0.60330303970122
"2293","2803",0.602696233257588
"2295","2803",0.612533807605608
"2297","2803",0.940184317838676
"2298","2803",0.890450506686133
"2299","2803",0.963345911963487
"2300","2803",0.913628706418633
"2301","2803",0.635275145274116
"2303","2803",0.620941238226508
"2341","2803",0.839505380512731
"2408","2803",0.847036970553279
"2801","2803",0.943024306019242
"112","2805",0.619177011227448
"1460","2805",0.653891598437636
"1569","2805",0.777590179662465
"1570","2805",0.723516347562251
"1571","2805",0.790895959325141
"1572","2805",0.708242905329048
"1798","2805",0.710136479876058
"1838","2805",0.632751095393668
"1839","2805",0.646616999627026
"1841","2805",0.606561716389981
"1858","2805",0.617764424442615
"2070","2805",0.754063420350876
"2219","2805",0.797991442516678
"2220","2805",0.739306394178422
"2221","2805",0.790849272340974
"2222","2805",0.756555290806959
"2223","2805",0.819114271552053
"2224","2805",0.767746168202416
"2225","2805",0.826261230342908
"2226","2805",0.788447436985583
"2275","2805",0.825669907467808
"2276","2805",0.733440270981563
"2283","2805",0.836822627748039
"2284","2805",0.786138694198038
"2285","2805",0.838117400471248
"2286","2805",0.794061465412912
"2287","2805",0.839522221133228
"2288","2805",0.799843077296403
"2289","2805",0.844095358523005
"2290","2805",0.796389146428951
"2291","2805",0.857050726937416
"2292","2805",0.793643871372589
"2293","2805",0.868864840304915
"2294","2805",0.782662119712783
"2295","2805",0.88253952364952
"2296","2805",0.799605459835113
"2297","2805",0.837870713059797
"2298","2805",0.789648880876827
"2299","2805",0.847143169956073
"2300","2805",0.803651825330761
"2301","2805",0.891867391756962
"2302","2805",0.813255126775576
"2303","2805",0.880533571411522
"2304","2805",0.793350815351981
"2341","2805",0.734134159981847
"2408","2805",0.742842264177261
"2801","2805",0.825395026360785
"2803","2805",0.811481920955615
"112","2807",0.617969888052799
"1460","2807",0.648547866089469
"1569","2807",0.771132091183095
"1570","2807",0.715616225935978
"1571","2807",0.784268010607258
"1572","2807",0.700358923508371
"1798","2807",0.703547505892492
"1838","2807",0.628076947087406
"1839","2807",0.639700972357465
"1841","2807",0.600253742947451
"1858","2807",0.612746643376896
"2070","2807",0.747080804384
"2219","2807",0.791139238879343
"2220","2807",0.731372689019282
"2221","2807",0.78378621185917
"2222","2807",0.747886905209946
"2223","2807",0.811971336510303
"2224","2807",0.758137754365524
"2225","2807",0.819108319605348
"2226","2807",0.779978069542287
"2275","2807",0.818327958570953
"2276","2807",0.725149866013979
"2283","2807",0.829137885228072
"2284","2807",0.77722764040658
"2285","2807",0.83048386720043
"2286","2807",0.785035211900113
"2287","2807",0.831788704158895
"2288","2807",0.790776795640003
"2289","2807",0.836289073348205
"2290","2807",0.78738693119943
"2291","2807",0.84658685658428
"2292","2807",0.785669824035228
"2293","2807",0.851968044605342
"2294","2807",0.775016018060524
"2295","2807",0.862611448306439
"2296","2807",0.790921712265932
"2297","2807",0.829654671423374
"2298","2807",0.780705719200262
"2299","2807",0.839349936314696
"2300","2807",0.794499574161261
"2301","2807",0.875490134843701
"2302","2807",0.804796434984582
"2303","2807",0.863860371424931
"2304","2807",0.778365432268762
"2341","2807",0.727065136510533
"2408","2807",0.733371369392266
"2801","2807",0.818214152212188
"2803","2807",0.804039464274898
"2805","2807",0.950172902431654
"2809","2811",0.76826324019841
"2810","2812",0.922882304854066
"2814","2816",0.845162900838679
"2714","2821",1
"2715","2822",1
"2829","2831",0.629161434983225
